trade_date,代码,名称,涨跌幅,最新价,成交额,流通市值,所属行业,首次封板时间,最后封板时间,炸板次数,连板数
20260327,600310,广西能源,10.0,6.6,280487408,9673690765.2,电力,92501,92501,0,2
20260327,600996,贵广网络,9.989023208618164,10.02,161962338,12492934537.08,电视广播,92501,92501,0,1
20260327,720,新能泰山,9.980039596557615,5.51,733060160,6923488956.21,电网设备,93000,93000,0,4
20260327,767,晋控电力,9.935205459594728,5.09,2530383024,14823334359.24,电力,93036,100712,4,2
20260327,603585,苏利股份,10.026524543762209,20.74,66753739,3789959717.98,农化制品,93045,93106,1,1
20260327,2470,金正大,9.964412689208984,3.09,844169552,10152965698.53,农化制品,93209,93209,0,1
20260327,822,山东海化,10.068259239196776,6.45,480843680,5773342922.7,化学原料,93212,93742,1,1
20260327,695,滨海能源,10.007698059082031,14.29,417703936,3169681533.56,电池,93248,100318,1,1
20260327,2265,建设工业,10.021977424621582,25.03,550324816,25857001387.210003,汽车零部,93339,93339,0,1
20260327,600727,鲁北化工,10.014103889465332,7.8,230458258,4122948453.0,化学原料,93345,93457,1,1
20260327,600227,赤天化,10.051546096801758,4.27,1342562288,5455351158.809999,农化制品,93414,100838,1,1
20260327,600844,金煤科技,9.911893844604492,4.99,470361312,4105425863.66,化学原料,93436,93436,0,2
20260327,603538,美诺华,9.994385719299316,39.18,819590160,8470554735.12,化学制药,93517,93656,2,4
20260327,2455,百川股份,10.0,14.41,1056400160,7482099890.54,化学制品,93648,93648,0,1
20260327,600513,联环药业,10.008591651916504,25.61,669030912,7310535074.7,化学制药,93916,95510,4,1
20260327,2995,天地在线,10.0,23.65,268975024,2658666969.2,广告营销,94000,94000,0,1
20260327,600268,国电南自,9.977989196777344,14.99,784696544,15152362281.27,电网设备,94037,105849,1,1
20260327,605388,均瑶健康,9.984399795532228,7.05,138437117,4233412200.0,饮料乳品,94112,94112,0,1
20260327,603076,乐惠国际,10.015649795532228,28.12,175955134,3394121793.28,专用设备,94405,94405,0,1
20260327,2310,东方新能,10.028653144836426,3.84,2027987056,16124350913.28,电力,94524,94524,0,1
20260327,600769,祥龙电业,10.032362937927246,13.6,164307199,5099689920.0,环境治理,95031,95031,0,1
20260327,600666,奥瑞德,9.94575023651123,6.08,6119766528,14712097844.8,光学光电,95051,144521,20,1
20260327,603248,锡华科技,10.0,29.04,437473792,2012730978.72,风电设备,95147,95147,0,1
20260327,1313,粤海饲料,10.043667793273926,7.56,134661267,5285391433.559999,饲料,95200,95200,0,1
20260327,890,法尔胜,10.040816307067873,13.48,869247968,5654739300.08,环保设备,95448,95448,0,1
20260327,2042,华孚时尚,9.95024871826172,4.42,349705184,7517011589.099999,纺织制造,95524,130706,3,1
20260327,600539,狮头股份,9.984519958496094,14.21,329114432,3268300000.0,互联网电,95646,100231,3,1
20260327,2082,万邦德,10.01267433166504,26.04,699197360,14406706088.88,化学制药,95857,95857,0,2
20260327,2445,中南文化,9.90099048614502,4.44,2010229344,10506731520.12,通用设备,100157,112418,4,1
20260327,603387,基蛋生物,10.0,9.9,412072176,5020819818.3,医疗器械,100600,100703,1,1
20260327,300858,科拓生物,19.98680686950684,18.19,264331272,3560513364.88,化学制品,100745,100745,0,1
20260327,2038,双鹭药业,9.983360290527344,6.61,371858864,5631148030.09,化学制药,100809,101121,1,1
20260327,2361,神剑股份,10.0,13.64,3538826352,11036437501.76,塑料,101645,105809,4,2
20260327,2328,新朋股份,10.0,7.15,414875056,4081162056.4,汽车零部,101736,101736,0,1
20260327,600488,津药药业,9.898476600646973,4.33,166042451,4727869324.4,化学制药,101945,101945,0,1
20260327,2773,康弘药业,9.984089851379396,27.65,222643800,18990960901.85,生物制品,102145,102145,0,1
20260327,553,安道麦A,10.016977310180664,6.48,162532504,14107426307.28,农化制品,102527,102527,0,1
20260327,2176,江特电机,10.053476333618164,10.29,937669808,17554936703.64,电机Ⅱ,102721,102721,0,1
20260327,603127,昭衍新药,10.003637313842772,30.24,589612128,19061875143.36,医疗服务,102926,102926,0,1
20260327,2428,云南锗业,10.002140998840332,51.36,3869850304,33539909700.0,小金属,103127,103127,0,1
20260327,2263,大东南,10.0,4.07,1163390688,7644864557.000001,塑料,103148,103148,0,2
20260327,603978,深圳新星,10.02141284942627,25.69,394732912,5423012541.31,金属新材,103215,103215,0,1
20260327,300461,田中精机,19.995685577392575,55.63,827588912,7994212186.910001,自动化设,103521,110109,1,1
20260327,546,金圆股份,9.983360290527344,6.61,375389232,4605221411.66,环境治理,103642,103642,0,1
20260327,2192,融捷股份,9.998589515686035,78.0,3145292960,20211178884.0,能源金属,104015,104015,0,4
20260327,603399,永杉锂业,10.046948432922363,11.72,543215952,6004046406.280001,能源金属,104406,131045,1,1
20260327,2240,盛新锂能,10.002604484558104,42.23,2257649024,38552135330.06,能源金属,104415,104415,0,1
20260327,2756,永兴材料,9.995936393737791,81.21,1789607424,31568815355.61,能源金属,104621,130009,1,1
20260327,2842,翔鹭钨业,9.99336051940918,33.13,1147046976,8894156297.17,小金属,105136,105136,0,1
20260327,603738,泰晶科技,9.995800018310549,26.19,1046186192,10106393415.48,元件,105821,105821,0,1
20260327,2526,山东矿机,9.909910202026367,3.66,413228320,6482169043.08,专用设备,111133,111915,1,1
20260327,603132,金徽股份,9.993425369262695,16.73,189701426,16361940000.0,工业金属,111538,111538,0,1
20260327,603618,杭电股份,10.013592720031738,24.28,1923856544,16786599956.48,电网设备,112246,112246,0,1
20260327,603115,海星股份,10.00506591796875,43.43,859298576,10505300072.0,元件,112805,135426,2,1
20260327,600110,诺德股份,10.038119316101074,8.66,1450085008,15026666871.12,电池,112940,112940,0,1
20260327,2755,奥赛康,10.007147789001465,15.39,396263776,14284252754.64,化学制药,130342,130342,0,1
20260327,2386,天原股份,9.930313110351562,6.31,468550128,8211862628.469999,化学原料,130400,130736,2,1
20260327,301292,海科新源,20.00249290466309,96.29,2710582448,8191260019.63,电池,130530,130918,1,1
20260327,603324,盛剑科技,10.008627891540527,25.5,149878883,3765829290.0,环保设备,130541,130541,0,1
20260327,600955,维远股份,10.0,17.05,192079347,9377500000.0,化学原料,130657,130657,0,1
20260327,603026,石大胜华,9.997655868530272,93.85,2843855584,21838990163.9,电池,130820,130820,0,2
20260327,155,川能动力,10.006807327270508,16.16,1650010320,29834080406.72,电力,130830,130830,0,1
20260327,3042,中农联合,9.975520133972168,17.97,220680765,2288762437.65,农化制品,131254,131254,0,1
20260327,603002,宏昌电子,10.0,10.34,404142416,11726371783.06,电子化学,131410,131410,0,1
20260327,600470,六国化工,10.074073791503906,7.43,592321968,3875488000.0,农化制品,131512,131512,0,1
20260327,2460,赣锋锂业,9.995858192443848,79.67,10074180864,96510625718.21,能源金属,131836,141233,4,1
20260327,2294,信立泰,10.008888244628906,61.88,742606528,68969327743.68001,化学制药,133024,133024,0,1
20260327,688068,热景生物,19.99818420410156,132.13,669216592,12249500112.2,医疗器械,133108,133108,0,1
20260327,600338,西藏珠峰,10.006293296813965,17.48,1760998128,15980393736.64,工业金属,133236,143909,10,1
20260327,300204,舒泰神,20.01729393005371,27.76,1441607888,12593726547.76,化学制药,133330,133330,0,1
20260327,2432,九安医疗,10.0,68.64,3233610784,30092438856.48,医疗器械,134951,135851,2,1
20260327,2068,黑猫股份,10.047846794128418,9.2,469715888,6762053553.2,橡胶,140139,141927,2,1
20260327,603090,宏盛股份,10.001681327819824,65.44,388366576,6544000000.0,通用设备,142132,142132,0,1
20260327,600748,上实发展,10.040983200073242,5.37,187988955,9905302730.04,房地产开,142240,142240,0,1
20260327,600982,宁波能源,10.029940605163574,7.35,1560660768,8214562014.75,电力,142907,142907,0,1
20260327,1896,豫能控股,9.97340488433838,16.54,3550966448,25236423198.2,电力,143057,144033,3,1
20260327,605299,舒华体育,10.0,19.25,1107000096,7877610567.75,文娱用品,144551,144551,0,1
20260327,2272,川润股份,10.031152725219728,17.66,796913760,6825463695.68,通用设备,145530,145530,0,1
20260326,720,新能泰山,10.10988998413086,5.01,106067572,6295223170.71,电网设备,92500,92500,0,3
20260326,2471,中超控股,10.050251007080078,8.76,1152180496,11760946163.88,电网设备,92500,92500,0,1
20260326,965,天保基建,10.0,4.18,319187648,4639093141.099999,房地产开,92500,101133,2,1
20260326,600163,中闽能源,9.94694995880127,8.29,640983936,15775838025.47,电力,92502,101238,1,2
20260326,2705,新宝股份,9.977662086486816,14.77,743152832,11935687218.0,小家电,93003,144648,3,1
20260326,603601,再升科技,9.983633041381836,13.44,5615861248,15353062650.24,专业工程,93004,140225,5,2
20260326,1367,海森药业,9.986320495605469,24.12,158715307,959955618.6,化学制药,93012,93545,1,1
20260326,722,湖南发展,9.98796558380127,18.28,2020618416,8484813394.960001,电力,93018,105418,13,3
20260326,2902,铭普光磁,10.019268035888672,28.55,787010912,5071400623.3,通信设备,93024,93103,1,2
20260326,767,晋控电力,9.97624683380127,4.63,961523392,13483700998.68,电力,93054,93524,2,1
20260326,600800,渤海化学,9.91561222076416,5.21,308052224,5781694425.36,炼化及贸,93105,93347,2,2
20260326,927,中国铁物,9.86842155456543,3.34,1862552688,20208170940.54,轨交设备,93203,145336,12,2
20260326,603538,美诺华,10.006176948547363,35.62,1013602048,7700897388.08,化学制药,93342,94318,7,3
20260326,3018,金富科技,10.019493103027344,28.22,231195267,2764965263.5,包装印刷,93418,93418,0,1
20260326,601515,衢州东峰,9.975062370300291,4.41,149340508,8486915659.110001,包装印刷,93521,93521,0,1
20260326,603937,丽岛新材,9.984639167785645,14.32,222114007,2991290136.32,工业金属,93905,93905,0,1
20260326,2692,远程股份,9.926470756530762,5.98,187970228,4291899670.500001,电网设备,93909,93909,0,1
20260326,2263,大东南,10.119048118591309,3.7,276128224,6949876870.0,塑料,94018,94018,0,1
20260326,603520,司太立,10.04273509979248,10.3,389398944,4515621774.3,化学制药,94325,95855,1,1
20260326,692,惠天热电,10.112359046936035,4.9,148400781,2610881582.4,电力,94436,94436,0,1
20260326,600682,南京新百,9.968847274780272,7.06,221033323,8218265541.5,综合Ⅱ,94511,94511,0,1
20260326,603217,元利科技,9.98217487335205,24.68,93989858,5135601968.0,化学制品,94658,94658,0,1
20260326,2192,融捷股份,10.006205558776855,70.91,2839523040,18374034546.98,能源金属,94833,141042,9,3
20260326,603026,石大胜华,10.005157470703123,85.32,2006122752,19854050514.48,电池,95239,132451,2,1
20260326,2109,兴化股份,10.022271156311035,4.94,528144320,6304773063.940001,化学原料,95824,95824,0,1
20260326,600207,安彩高科,10.033445358276367,6.58,580191696,7167676605.32,光伏设备,100449,100449,0,1
20260326,603272,联翔股份,9.996255874633787,29.38,217169262,3044561260.0,家居用品,101251,101251,0,1
20260326,603687,大胜达,10.0,16.5,1589996064,9075525756.0,包装印刷,101944,102811,1,1
20260326,600310,广西能源,10.091742515563965,6.0,1118519216,8794264332.0,电力,103105,103105,0,1
20260326,601908,京运通,10.065646171569824,5.03,1331663760,12145452390.83,电力,103924,103924,0,1
20260326,2782,可立克,10.008410453796388,26.16,825489296,12726871392.0,其他电子,105800,142518,4,1
20260326,37,深南电A,10.0,11.99,789012928,4063508718.5,电力,111500,111500,0,1
20260326,968,蓝焰控股,9.959758758544922,10.93,1022050352,10574804073.8,油气开采,131951,131951,0,1
20260326,600844,金煤科技,9.927360534667969,4.54,794584864,3735197078.36,化学原料,134523,134523,0,1
20260326,605555,德昌股份,10.013089179992676,16.81,285205584,8137200562.4,小家电,135527,135527,0,1
20260326,2361,神剑股份,10.026619911193848,12.4,1875878832,10033125001.6,塑料,140151,140151,0,1
20260326,2082,万邦德,9.99070644378662,23.67,1143015616,13095496663.740002,化学制药,143518,144345,4,1
20260326,2149,西部材料,10.00235366821289,46.74,4253374464,22815629666.76,小金属,143606,143606,0,1
20260326,600726,华电能源,10.081300735473633,6.77,3760289392,50608026128.16,电力,145559,145559,0,2
20260325,720,新能泰山,9.90338134765625,4.55,81710420,5717218648.05,电网设备,92500,92500,0,2
20260325,722,湖南发展,9.99338150024414,16.62,102218584,7714310646.84,电力,92500,92500,0,2
20260325,2902,铭普光磁,10.004239082336426,25.95,186167895,4609556783.7,通信设备,92500,92500,0,1
20260325,600666,奥瑞德,10.0,5.28,347193008,12776295496.8,光学光电,92502,92502,0,2
20260325,600758,辽宁能源,10.0,5.72,931291008,7554652213.679999,煤炭开采,92503,93354,3,3
20260325,889,中嘉博创,9.937888145446776,3.54,82760698,3079267853.04,通信服务,93000,93000,0,1
20260325,859,国风新材,10.0,10.34,225007044,9263867302.14,塑料,93000,93000,0,1
20260325,601,韶能股份,10.049627304077148,8.87,2043467744,9309303665.089998,电力,93024,94724,4,2
20260325,603601,再升科技,9.990999221801758,12.22,1320515168,13959406665.62,专业工程,93053,93053,0,1
20260325,2491,通鼎互联,10.038609504699709,11.4,465162880,13411745129.4,通信设备,93118,93118,0,2
20260325,2192,融捷股份,10.0,64.46,2447530928,16702725523.88,能源金属,93127,112936,19,2
20260325,603538,美诺华,9.98641300201416,32.38,939005760,7000422723.92,化学制药,93149,142601,5,2
20260325,600396,华电辽能,10.026385307312012,8.34,823882032,12282374853.78,电力,93311,93423,1,8
20260325,2467,二六三,9.98509693145752,7.38,947534016,10087603602.66,通信服务,93312,93418,1,1
20260325,301419,阿莱德,20.005481719970703,43.79,333151408,3473711814.0,通信设备,93315,93315,0,1
20260325,605366,宏柏新材,10.00981330871582,11.21,312178976,8699831017.0,化学制品,93339,93742,2,2
20260325,70,特发信息,9.986129760742188,15.86,634823824,14094446592.72,通信设备,93557,93557,0,1
20260325,601133,柏诚股份,10.005684852600098,19.35,574057536,2890633496.4,专业工程,93611,94605,1,1
20260325,600589,大位科技,9.97038459777832,11.14,1189277200,16470154574.6,IT服务Ⅱ,93643,93813,1,1
20260325,603175,超颖电子,10.003737449645996,88.3,248590613,3885138896.4,元件,93804,93804,0,1
20260325,600539,狮头股份,9.96592903137207,12.91,421081200,2969300000.0,互联网电,93856,145656,7,2
20260325,603938,三孚股份,9.990999221801758,24.44,166786403,9351342706.68,化学原料,93856,93856,0,1
20260325,603618,杭电股份,9.985527992248535,22.8,1419438224,15763364044.8,电网设备,93937,93937,0,1
20260325,605299,舒华体育,9.981401443481444,17.74,367514752,7259678518.019999,文娱用品,94005,94005,0,2
20260325,603042,华脉科技,9.98964786529541,21.25,482210144,3412534100.0,通信设备,94027,101942,3,1
20260325,2418,康盛股份,10.047846794128418,4.6,406271824,5227427754.799999,家电零部,94103,102715,1,1
20260325,1400,江顺科技,10.0,147.29,210379530,2209350000.0,专用设备,94115,94115,0,1
20260325,639,西王食品,9.929078102111816,3.1,160729283,3346222993.2000003,食品加工,94521,94521,0,1
20260325,2479,富春环保,10.037175178527832,5.92,184816075,5109391236.48,电力,94836,94836,0,1
20260325,603052,可川科技,10.003351211547852,65.65,471407616,12335456563.3,消费电子,94910,94910,0,1
20260325,600032,浙江新能,9.966216087341309,13.02,2153556016,31308872718.48,电力,95302,142947,4,3
20260325,600163,中闽能源,10.072992324829102,7.54,662604112,14348590918.22,电力,95358,95358,0,1
20260325,539,粤电力Ａ,10.029498100280762,7.46,1656450032,19063186266.54,电力,95421,100757,2,2
20260325,601016,节能风电,9.979633331298828,5.4,3814806848,32044412003.4,电力,95501,95704,1,2
20260325,601869,长飞光纤,9.999571800231934,256.64,5462444288,104282664904.96,通信设备,95501,131601,8,2
20260325,603808,歌力思,10.031679153442385,10.42,242060565,3845947788.76,服装家纺,95532,141053,1,2
20260325,600815,厦工股份,10.0,4.29,770974432,7610865319.2,工程机械,95623,100217,3,1
20260325,603629,利通电子,10.003510475158691,62.68,936084448,16099483360.0,消费电子,95702,95702,0,1
20260325,300658,延江股份,20.0,27.78,624692320,6264779308.92,个护用品,100015,100015,0,1
20260325,2771,真视通,10.006497383117676,16.93,376731968,2954533109.15,IT服务Ⅱ,100251,100251,0,2
20260325,600158,中体产业,9.990205764770508,11.23,1175623456,10775331742.41,体育Ⅱ,100410,134310,8,1
20260325,603958,哈森股份,10.0,20.79,176853943,4560494400.0,服装家纺,100817,100817,0,1
20260325,927,中国铁物,10.144927024841309,3.04,267614295,18393065766.24,轨交设备,100818,100818,0,1
20260325,600982,宁波能源,10.047846794128418,6.9,1677731984,7711629646.5,电力,101142,145521,9,2
20260325,2475,立讯精密,9.991368293762209,50.97,13043880704,370514832322.35,消费电子,101815,130330,1,1
20260325,601999,出版传媒,10.013717651367188,8.02,156589856,4418335894.0,出版,101957,101957,0,1
20260325,690,宝新能源,10.0,5.61,1489921088,12198784413.75,电力,102015,104018,1,1
20260325,791,甘肃能源,9.98810863494873,9.25,1459718752,17904501520.5,电力,102100,142145,4,1
20260325,600726,华电能源,10.017889022827148,6.15,2735127264,45973317679.200005,电力,102615,142345,5,1
20260325,1316,润贝航科,10.011560440063477,47.58,121583056,5295255993.3,炼化及贸,103027,103027,0,1
20260325,978,桂林旅游,9.98509693145752,7.38,246672082,3454716375.0,旅游及景,103900,103900,0,1
20260325,2761,浙江建投,10.064516067504885,8.53,207143082,9227655231.13,房屋建设,104009,104009,0,1
20260325,605168,三人行,10.01579761505127,34.82,147601362,7340647452.52,广告营销,104013,104013,0,1
20260325,1376,百通能源,10.030769348144531,17.88,281464544,3821900296.44,电力,105518,105518,0,1
20260325,2038,双鹭药业,10.035211563110352,6.25,344774304,5324459181.25,化学制药,105533,105736,1,1
20260325,600800,渤海化学,9.976798057556152,4.74,220495313,5260121223.84,炼化及贸,105550,105705,1,1
20260325,2309,中利集团,9.978307723999023,5.07,5368929536,12199090801.56,光伏设备,105948,145600,9,4
20260325,600152,维科技术,10.021322250366213,10.32,798489744,5460099150.0,电池,110025,110025,0,1
20260325,600527,江南高纤,9.956709861755373,2.54,414791248,4398672691.08,纺织制造,110642,110718,1,2
20260325,300069,金利华电,20.01099395751953,21.83,489539920,2554110000.0,电网设备,111033,111033,0,1
20260325,2941,新疆交建,9.979494094848633,16.09,548564896,11741696357.48,基础建设,111106,111106,0,1
20260325,601002,晋亿实业,9.920635223388672,5.54,202989885,5287601588.8,通用设备,111347,111347,0,1
20260325,2730,电光科技,9.995746612548828,25.86,813867408,8948332696.8,专用设备,111448,111448,0,1
20260325,600780,通宝能源,10.028653144836426,7.68,819308960,8805139376.64,电力,111559,144250,11,1
20260325,300245,天玑科技,20.017953872680664,13.37,490969072,4069541253.61,IT服务Ⅱ,111936,111936,0,1
20260325,659,珠海中富,10.026385307312012,4.17,203356948,5361379508.4,包装印刷,130054,130054,0,1
20260325,603118,共进股份,9.974205017089844,12.79,785598448,10069265232.74,通信设备,130402,130402,0,1
20260325,600251,冠农股份,9.990205764770508,11.23,186934122,8725637937.09,农产品加,130958,130958,0,1
20260325,603933,睿能科技,10.014800071716309,22.3,147704973,4628244022.5,其他电子,131109,131109,0,1
20260325,603829,洛凯股份,10.0,28.49,230920633,5306722869.91,电网设备,131926,131926,0,1
20260325,2580,圣阳股份,9.978768348693848,15.54,1203528144,7029344952.0,电池,131957,132709,1,1
20260325,301196,唯科科技,20.0,110.16,1201373312,9028891067.76,塑料,132306,132306,0,1
20260325,3043,华亚智能,10.010741233825684,51.21,257181026,4292734376.16,半导体,132348,135709,3,1
20260325,603179,新泉股份,10.0,66.0,1123672864,33669364938.0,汽车零部,132429,134656,1,1
20260325,600433,冠豪高新,10.119048118591309,3.7,299674208,6476033162.1,造纸,133430,144745,2,1
20260325,2718,友邦吊顶,9.996479988098145,62.5,129076704,5873801500.0,装修建材,133633,133633,0,1
20260325,600191,华资实业,10.009182929992676,11.98,129075372,5809485360.0,农产品加,134534,134534,0,1
20260325,600698,湖南天雁,9.946236610412598,8.18,357345216,6793095241.38,汽车零部,135700,135700,0,2
20260325,601606,长城军工,9.989831924438477,43.27,2579483760,31337362868.000004,地面兵装,141816,143916,2,2
20260325,592,平潭发展,10.049261093139648,11.17,3170908416,21391582655.33,林业Ⅱ,142627,142627,0,1
20260325,993,闽东电力,10.021023750305176,15.7,932591152,6904036880.4,电力,142648,142648,0,1
20260325,600345,长江通信,10.013755798339844,39.99,850329760,8460256287.030001,通信设备,143433,143433,0,1
20260325,600802,福建水泥,10.0,6.27,159640330,2873217468.0,水泥,144450,144523,1,1
20260325,753,漳州发展,9.936908721923828,6.97,282699488,6910623064.87,综合Ⅱ,145030,145030,0,1
20260324,720,新能泰山,10.106383323669434,4.14,107283136,5202040703.94,电网设备,92500,92500,0,1
20260324,2309,中利集团,10.023866653442385,4.61,264749119,11092269939.88,光伏设备,92500,92500,0,3
20260324,603759,海天股份,9.989142417907717,10.13,56912640,4677628800.0,环境治理,92502,92502,0,1
20260324,2350,北京科锐,10.02194595336914,15.04,328687296,7979494123.839999,电网设备,93018,93018,0,1
20260324,2192,融捷股份,10.005632400512695,58.6,1713840992,15184295930.8,能源金属,93027,103518,5,1
20260324,2083,孚日股份,10.0401611328125,10.96,851831312,10375163571.52,纺织制造,93039,142103,1,1
20260324,300385,雪浪环境,19.9871883392334,18.73,461292784,5444111116.09,环境治理,93042,93042,0,2
20260324,2218,拓日新能,10.015174865722656,7.25,1323987600,10094887305.25,电力,93042,93336,1,2
20260324,2316,亚联发展,9.936574935913086,5.2,293841088,1772082000.0,通信服务,93045,143136,2,1
20260324,600758,辽宁能源,9.936574935913086,5.2,652508704,6867865648.8,煤炭开采,93114,93114,0,2
20260324,300497,富祥药业,19.97177124023437,17.0,1594103104,7494325679.0,化学制药,93151,95142,5,1
20260324,601226,华电科工,10.033822059631348,9.76,455895072,11343303312.0,专业工程,93400,93945,2,1
20260324,722,湖南发展,9.970888137817385,15.11,306761280,7013431641.02,电力,93421,93421,0,1
20260324,35,中国天楹,10.029498100280762,7.46,1275056176,17255172080.079998,环境治理,93503,105003,3,1
20260324,2445,中南文化,9.97304630279541,4.08,943263808,9654834369.84,通用设备,93512,94651,1,1
20260324,601,韶能股份,9.959073066711426,8.06,2245346224,8459186870.42,电力,93536,103409,2,1
20260324,600475,华光环能,10.029325485229492,18.76,573341680,17688536276.04,电力,93549,110325,1,1
20260324,600192,长城电工,9.975668907165527,9.04,258877371,3993401920.0,电网设备,93616,144328,1,1
20260324,688551,科威尔,20.0,47.34,194477962,3979907364.06,其他电源,93631,93631,0,1
20260324,2323,雅博股份,10.084033966064451,2.62,485906080,5555400640.88,专业工程,93712,93712,0,1
20260324,603165,荣晟环保,9.978463172912598,15.32,362753872,4618623672.12,造纸,93717,93957,1,1
20260324,2498,汉缆股份,10.0,8.8,2631998160,29275804800.000004,电网设备,93724,102136,3,1
20260324,600744,华银电力,10.037641525268556,8.77,2635764704,17812959882.98,电力,93815,112336,1,1
20260324,600396,华电辽能,10.014513969421388,7.58,1742915072,11163117672.86,电力,93815,100336,3,7
20260324,603538,美诺华,10.014947891235352,29.44,546583600,6364806824.96,化学制药,94006,94006,0,1
20260324,509,华塑控股,10.024450302124023,4.5,389420944,4829061636.0,光学光电,94524,94524,0,1
20260324,2491,通鼎互联,9.978768348693848,10.36,1781116304,12188217503.56,通信设备,94803,140057,4,1
20260324,600539,狮头股份,10.028116226196287,11.74,160111457,2700200000.0,互联网电,94854,95230,1,1
20260324,603929,亚翔集成,10.0,191.18,726313616,40790164800.0,专业工程,95233,95233,0,1
20260324,601606,长城军工,10.011185646057127,39.34,931941392,28491145256.000004,地面兵装,95308,95308,0,1
20260324,603421,鼎信通讯,9.989593505859377,10.57,521859744,6893653701.27,通信设备,95409,95627,1,1
20260324,601858,中国科传,10.018132209777832,24.27,364938832,19185435000.0,出版,95739,101021,1,1
20260324,600698,湖南天雁,10.059171676635742,7.44,177157738,6178560953.04,汽车零部,100355,100355,0,1
20260324,2265,建设工业,10.014873504638672,22.19,442501584,22923166631.33,汽车零部,100654,102218,1,1
20260324,600666,奥瑞德,10.091742515563965,4.8,1763472880,11614814088.0,光学光电,102239,102239,0,1
20260324,605299,舒华体育,10.027284622192385,16.13,736660240,6600823815.99,文娱用品,102326,131511,1,1
20260324,301226,祥明智能,20.0,42.96,728894784,4674048000.0,电机Ⅱ,102439,102439,0,1
20260324,2795,永和智控,10.029940605163574,7.35,143286968,3193052760.45,通用设备,102624,102624,0,1
20260324,2771,真视通,10.007147789001465,15.39,196759877,2685780540.4500003,IT服务Ⅱ,102803,102803,0,1
20260324,603017,中衡设计,10.031596183776855,13.93,250925879,3847330781.49,工程咨询,103254,103254,0,1
20260324,677,恒天海龙,10.044642448425291,4.93,461072848,4259411283.64,化学纤维,103515,103515,0,1
20260324,600186,莲花控股,10.081300735473633,6.77,1292360704,12052551730.07,调味发酵,103844,104114,2,1
20260324,600821,金开新能,10.039761543273926,11.07,6439102720,22109706424.71,电力,103918,133130,3,1
20260324,300335,迪森股份,20.0,8.4,887038720,3226953777.6,电力,103930,103930,0,1
20260324,603115,海星股份,9.996875762939451,35.21,344002688,8516960984.0,元件,104159,104159,0,1
20260324,65,北方国际,9.976798057556152,14.22,659942288,13863963735.36,专业工程,104509,104509,0,1
20260324,601975,招商南油,10.022778511047363,4.83,1588084176,22606064794.74,航运港口,105245,132430,1,1
20260324,2082,万邦德,10.005558013916016,19.79,531626912,10948875326.38,化学制药,105521,111424,1,1
20260324,600527,江南高纤,10.0,2.31,352200640,4000367683.62,纺织制造,105657,134100,1,1
20260324,603922,金鸿顺,10.0,20.9,255521407,3745280000.0,汽车零部,110306,141724,5,1
20260324,600026,中远海能,9.991497039794922,25.87,3657522992,89892465338.65001,航运港口,110645,150000,1,1
20260324,2685,华东重机,9.952607154846191,6.96,317038416,7012591959.36,工程机械,111657,111948,2,1
20260324,601016,节能风电,10.089685440063477,4.91,5477009152,29136678321.61,电力,112553,135211,4,1
20260324,415,渤海租赁,10.0,4.29,492311680,23135780094.57,多元金融,130206,130206,0,1
20260324,600076,康欣新材,9.87261199951172,3.45,98533834,4638674616.150001,包装印刷,130521,130521,0,1
20260324,2887,绿茵生态,10.02921199798584,11.3,91921258,2198991480.8,环境治理,131618,131618,0,1
20260324,600982,宁波能源,10.0,6.27,1064144432,7007524330.95,电力,133634,134534,2,1
20260324,605366,宏柏新材,10.04319667816162,10.19,627889936,7908231763.0,化学制品,133728,141749,1,1
20260324,811,冰轮环境,10.024301528930664,18.11,624757392,17718745782.91,通用设备,133842,133842,0,1
20260324,2519,银河电子,10.0,7.92,642483616,8860780851.12,地面兵装,133915,133915,0,1
20260324,600137,浪莎股份,9.98985767364502,21.69,103541000,2108649483.72,服装家纺,134046,134046,0,1
20260324,2645,华宏科技,10.033445358276367,16.45,575307952,9194358213.95,环保设备,135412,135412,0,1
20260324,603937,丽岛新材,10.008935928344728,12.31,72837405,2571423294.56,工业金属,135909,135909,0,1
20260324,600537,亿晶光电,9.939759254455566,3.65,748811440,4320559815.7,光伏设备,140159,141429,2,1
20260324,2428,云南锗业,10.0,44.66,3601662528,29164571012.5,小金属,140954,140954,0,1
20260324,2663,普邦股份,10.243902206420898,2.26,128444234,2921936188.94,基础建设,141118,141118,0,1
20260324,600868,梅雁吉祥,9.883721351623535,3.78,728912144,7175002006.62,电力,141259,143617,2,1
20260324,603527,众源新材,10.042283058166504,10.41,272136896,3299670192.0,工业金属,141335,141335,0,1
20260324,2631,德尔未来,10.063898086547852,6.89,191023365,5467713505.28,家居用品,141445,141445,0,1
20260324,2222,福晶科技,10.0,64.79,1718420752,30331549550.06,光学光电,141815,141815,0,1
20260324,603808,歌力思,9.988385200500488,9.47,83402603,3495309554.6600003,服装家纺,142042,142403,1,1
20260324,600234,科新发展,10.0,14.19,83202829,3725172606.87,装修装饰,142238,144708,8,1
20260324,600773,西藏城投,9.975668907165527,18.08,1122383440,17204690519.199997,房地产开,142304,143119,3,1
20260324,605056,咸亨国际,10.004652976989746,23.64,270165712,9536215248.0,通用设备,142803,144857,2,1
20260324,605196,华通线缆,10.0,44.33,864748224,22385000081.73,电网设备,142945,142945,0,1
20260324,2636,金安国纪,10.010649681091309,30.99,1483494592,22446534772.83,元件,143106,144024,2,1
20260324,1203,大中矿业,10.0,40.26,2551770688,52954637982.18,冶钢原料,143130,145627,4,1
20260324,601869,长飞光纤,10.0,233.31,4320966912,94802792039.34,通信设备,143145,143145,0,1
20260324,600184,光电股份,9.986129760742188,15.86,270696128,9242057642.48,地面兵装,144235,144235,0,1
20260324,600510,黑牡丹,10.065360069274902,8.42,114914968,8689654347.94,房地产开,144438,144438,0,1
20260324,600032,浙江新能,10.037175178527832,11.84,1990205504,28471355836.16,电力,144745,144830,1,2
20260324,688,国城矿业,10.0,35.86,1631477600,42496373021.96,工业金属,145242,145242,0,1
20260324,539,粤电力Ａ,10.064934730529783,6.78,1839198528,17325523175.22,电力,145545,145545,0,1
20260323,2309,中利集团,9.973752975463867,4.19,307083552,10081694370.52,光伏设备,92500,92500,0,2
20260323,300385,雪浪环境,19.98462677001953,15.61,110816389,4537243701.13,环境治理,92500,92500,0,1
20260323,603687,大胜达,10.007468223571776,14.73,2404826720,8101969356.72,包装印刷,92502,145652,17,4
20260323,600396,华电辽能,10.063898086547852,6.89,1148215936,10146949969.13,电力,93059,94247,3,6
20260323,600758,辽宁能源,10.0,4.73,446178736,6247116253.620001,煤炭开采,93104,93104,0,1
20260323,2896,中大力德,10.0,77.0,967470992,15132245590.0,通用设备,93145,145142,6,1
20260323,2150,正泰电源,10.00573444366455,38.37,2249851552,13757370805.86,通用设备,93209,143936,6,2
20260323,603272,联翔股份,10.0,23.98,105976130,2484975460.0,家居用品,93450,145308,1,1
20260323,600143,金发科技,10.01878547668457,17.57,3244402240,46293893311.96,塑料,93903,144954,16,1
20260323,600844,金煤科技,10.10929012298584,4.03,298238848,3315604455.02,化学原料,93954,93954,0,1
20260323,2565,顺灏股份,9.974093437194824,16.98,4713045760,17997847795.56,包装印刷,94027,145230,12,1
20260323,603529,爱玛科技,10.007072448730469,31.11,1199244704,26367605848.38,摩托车及,94221,135621,7,1
20260323,600792,云煤能源,10.067113876342772,4.92,382500976,5460824112.0,焦炭Ⅱ,94221,95242,2,1
20260323,300345,华民股份,20.026700973510746,8.99,1604771600,4309332164.07,光伏设备,94430,144206,12,1
20260323,603787,新日股份,10.022271156311035,14.82,357718912,3410730967.8,摩托车及,94534,135916,1,1
20260323,1258,立新能源,10.051814079284668,10.62,903245120,9911896462.08,电力,94606,142400,2,1
20260323,2310,东方新能,10.05747127532959,3.83,3194865824,16082360416.11,电力,94857,134639,7,3
20260323,300868,杰美特,19.994821548461918,46.33,797146704,3741773001.33,消费电子,95100,142339,24,1
20260323,600376,首开股份,9.925093650817873,5.87,1281798208,15142047970.54,房地产开,95224,95224,0,1
20260323,2218,拓日新能,10.016695022583008,6.59,1222912416,9175904460.91,电力,95709,95709,0,1
20260323,603803,瑞斯康达,10.015060424804688,14.61,1782188320,6207548767.77,通信设备,102238,144908,9,1
20260323,603727,博迈科,10.027854919433594,19.75,414230784,5563955720.75,油服工程,102607,102607,0,1
20260323,600032,浙江新能,10.0204496383667,10.76,1726100048,25874306486.24,电力,102641,144948,10,1
20260323,603016,新宏泰,10.008554458618164,38.58,395557264,5716012800.0,电网设备,103554,145124,4,1
20260323,603616,韩建河山,10.015174865722656,7.25,315043360,2786124250.0,水泥,130100,130100,0,1
20260323,600149,廊坊发展,10.034602165222168,6.36,284778000,2417817600.0,电力,130432,130432,0,1
20260323,703,恒逸石化,10.037175178527832,11.84,715730592,42427072040.64,炼化及贸,130642,130642,0,1
20260323,603105,芯能科技,10.017271041870115,12.74,1298752880,6370115959.4800005,电力,135934,145143,5,1
20260320,20,深华发Ａ,9.995285034179688,23.33,122810496,4226588572.03,光学光电,92500,92500,0,5
20260320,677,恒天海龙,9.933774948120115,4.98,292436880,4302610181.04,化学纤维,92500,92500,0,1
20260320,603687,大胜达,10.024651527404783,13.39,62132519,7364926658.96,包装印刷,92502,92502,0,3
20260320,2428,云南锗业,9.997468948364258,43.46,840550464,28380928262.5,小金属,93000,93000,0,1
20260320,601,韶能股份,10.0,8.14,1018785904,8543149022.98,电力,93030,93030,0,3
20260320,603538,美诺华,9.996048927307127,27.84,846766048,6018893410.56,化学制药,93150,133735,1,1
20260320,2256,兆新股份,10.049019813537598,4.49,1234156208,8760410026.03,电力,93151,101821,2,1
20260320,2310,东方新能,10.126582145690918,3.48,2628814112,14612693015.16,电力,93212,111657,3,2
20260320,600396,华电辽能,10.017574310302734,6.26,2415906768,9219144674.42,电力,93326,134017,8,5
20260320,600726,华电能源,9.960159301757812,5.52,2963074704,41263855868.16,电力,93416,145504,6,2
20260320,2309,中利集团,10.115607261657717,3.81,794153936,9167364093.48,光伏设备,93515,93515,0,1
20260320,600617,国新能源,9.91735553741455,3.99,691878160,7084415329.110001,燃气Ⅱ,93658,94040,1,2
20260320,2150,正泰电源,9.996846199035645,34.88,1029642352,12506048832.64,通用设备,93718,95633,1,1
20260320,603026,石大胜华,10.007294654846191,75.41,1403894720,17547983465.739998,电池,93814,101550,2,1
20260320,600310,广西能源,9.909910202026367,4.88,1111520592,7152668323.36,电力,94128,145543,8,1
20260320,600683,京投发展,10.030394554138184,10.86,518884400,8044844703.419999,房地产开,94230,95251,1,1
20260320,605050,福然德,9.984756469726562,14.43,752263136,7111525081.83,物流,94734,150000,9,1
20260320,509,华塑控股,9.927360534667969,4.54,348481792,4871986628.32,光学光电,95618,95618,0,1
20260320,603165,荣晟环保,10.0,14.96,444589696,4510092045.360001,造纸,100718,144830,1,1
20260320,300827,上能电气,20.005342483520508,44.93,5779478016,17309032823.99,光伏设备,102403,145542,5,1
20260320,605099,共创草坪,9.997410774230955,42.47,283189136,17049384184.38,家居用品,103318,141639,1,1
20260320,605299,舒华体育,10.0,15.29,540206736,6257073536.67,文娱用品,103335,103335,0,1
20260320,862,银星能源,10.03911304473877,8.44,1133369872,5300042222.719999,电力,110645,110645,0,1
20260320,301658,首航新能,20.00397682189941,60.35,1273358080,2488659829.9,光伏设备,111654,111654,0,1
20260320,603778,国晟科技,9.99545669555664,24.21,3463025568,15563571407.82,光伏设备,111733,144533,8,1
20260320,1283,豪鹏科技,10.0,67.21,716673616,5359508009.57,电池,130012,145527,9,1
20260320,603381,永臻股份,10.019493103027344,28.22,631187392,4011125498.92,光伏设备,130022,142649,1,1
20260320,600604,市北高新,10.038609504699709,5.7,425130112,8022492382.8,房地产开,131900,132412,2,1
20260319,20,深华发Ａ,10.010374069213867,21.21,68976659,3842517943.11,光学光电,92500,92500,0,4
20260319,601,韶能股份,9.95542335510254,7.4,238896376,7766499111.8,电力,92500,92500,0,2
20260319,2109,兴化股份,10.0,5.28,411100752,6738704813.280001,化学原料,92500,92500,0,1
20260319,603687,大胜达,10.036166191101074,12.17,59762379,6693887784.88,包装印刷,92503,92503,0,2
20260319,600396,华电辽能,10.058026313781738,5.69,1029183568,8379701788.73,电力,93106,93621,4,4
20260319,815,美利云,10.022778511047363,19.32,1366534432,13432481836.2,IT服务Ⅱ,93109,93406,1,2
20260319,539,粤电力Ａ,9.98217487335205,6.17,845069168,15766737166.83,电力,93151,93333,2,2
20260319,600666,奥瑞德,9.909910202026367,4.88,1347221728,11808394322.8,光学光电,93358,93358,0,2
20260319,603366,日出东方,10.030706405639648,10.75,742072304,8740267085.75,厨卫电器,93433,100348,1,1
20260319,601015,陕西黑猫,10.064239501953123,5.14,996962384,10498437864.46,焦炭Ⅱ,93436,95556,2,1
20260319,600979,广安爱众,9.961685180664062,5.74,648095888,7073171194.6,电力,93711,93711,0,1
20260319,601218,吉鑫科技,10.074073791503906,7.43,948508080,7199918994.16,风电设备,94157,94157,0,1
20260319,600186,莲花控股,10.061920166015623,7.11,2069291568,12657849749.01,调味发酵,94735,145323,4,1
20260319,603629,利通电子,10.0032320022583,68.07,2209926912,17483915640.0,消费电子,94910,134222,3,1
20260319,2432,九安医疗,10.008339881896973,65.95,4572463104,28913116879.15,医疗器械,95027,144703,10,2
20260319,1258,立新能源,9.978541374206545,10.25,753380608,9566566736.0,电力,95030,95030,0,1
20260319,600996,贵广网络,9.95370388031006,9.5,686126608,11844598613.0,电视广播,95636,95636,0,1
20260319,300895,铜牛信息,19.993711471557617,76.34,2056850800,10548069870.36,IT服务Ⅱ,100006,131709,7,1
20260319,605389,长龄液压,9.995716094970703,77.03,231646126,10496628522.8,工程机械,100840,100840,0,1
20260319,2310,东方新能,10.10452938079834,3.16,967376480,13268997105.72,电力,102127,102127,0,1
20260319,603130,云中马,10.012063026428224,45.6,192345093,6270647520.0,纺织制造,102611,102611,0,1
20260319,600617,国新能源,10.0,3.63,482084352,6445219961.07,燃气Ⅱ,102751,104427,1,1
20260319,600726,华电能源,10.087719917297363,5.02,2404802048,37526187764.16,电力,103911,145653,6,1
20260319,968,蓝焰控股,9.977578163146973,9.81,795919728,9491201094.6,油气开采,133636,133636,0,1
20260319,300332,天壕能源,20.0,7.14,1314738176,5925848933.34,燃气Ⅱ,134003,134003,0,1
20260319,605169,洪通燃气,10.0,14.19,242586188,4014067200.0,燃气Ⅱ,134320,135453,4,1
20260319,617,中油资本,9.958932876586914,10.71,5737992448,135396666936.09,多元金融,135309,135309,0,1
20260319,2902,铭普光磁,10.009182929992676,23.96,913343904,4256068614.16,通信设备,140906,140906,0,1
20260318,20,深华发Ａ,9.98288631439209,19.28,55759302,3492868738.48,光学光电,92500,92500,0,3
20260318,539,粤电力Ａ,10.0,5.61,147132948,14335720503.39,电力,92500,92500,0,1
20260318,601,韶能股份,9.967320442199709,6.73,210594554,7063316084.110001,电力,92500,92500,0,1
20260318,600396,华电辽能,10.0,5.17,331038848,7613894243.89,电力,92503,92503,0,3
20260318,2323,雅博股份,10.181818008422852,3.03,340888928,6424757229.719999,专业工程,93015,93015,0,2
20260318,37,深南电A,10.02087688446045,10.54,137688316,3572091900.9999995,电力,93018,93018,0,1
20260318,603387,基蛋生物,9.957627296447754,10.38,343269936,5264253506.46,医疗器械,93048,93209,1,2
20260318,603897,长城科技,9.99004364013672,33.14,633470304,6841278468.34,电网设备,93107,93813,3,1
20260318,600468,百利电气,10.061349868774414,8.97,571800864,9756985829.37,电网设备,93215,94833,1,1
20260318,600666,奥瑞德,9.90099048614502,4.44,1062721424,10743703031.400002,光学光电,93336,95830,3,1
20260318,600370,三房巷,10.0,3.63,1469433696,14144951002.71,化学纤维,93429,142723,7,5
20260318,603088,宁波精达,9.991743087768556,13.32,695450320,5832452908.8,通用设备,93900,110836,2,1
20260318,990,诚志股份,9.989806175231934,10.79,756294592,13112403291.65,化学原料,93930,93930,0,1
20260318,603489,八方股份,9.98800277709961,36.67,271071680,8603441289.93,电机Ⅱ,93931,95622,1,1
20260318,2339,积成电子,10.026385307312012,12.51,456271344,5989707986.04,电网设备,93936,93936,0,1
20260318,605286,同力天启,9.993579864501951,51.4,178336821,8635200000.0,专用设备,94134,94134,0,1
20260318,600307,酒钢宏兴,10.0,2.42,1403473104,15157324966.08,普钢,94152,100422,2,2
20260318,2445,中南文化,10.0,4.07,1831309648,9631170560.11,通用设备,94218,95115,6,1
20260318,603803,瑞斯康达,9.96649932861328,13.13,1023640144,5578721103.410001,通信设备,94244,101614,3,1
20260318,605058,澳弘电子,10.012399673461914,35.49,359213456,5072370985.5,元件,94341,110059,2,1
20260318,603168,莎普爱思,10.014103889465332,7.8,231771070,2905609239.0,化学制药,94515,94515,0,1
20260318,603601,再升科技,10.0,11.77,2414004080,13445353228.67,专业工程,94515,100657,3,1
20260318,603098,森特股份,10.01267433166504,17.36,529513136,9353567618.08,专业工程,94648,103506,1,1
20260318,603316,诚邦股份,10.0,16.39,306905808,4331286960.0,基础建设,94942,95727,1,1
20260318,603912,佳力图,9.989258766174316,10.24,458886400,5548471459.84,通用设备,95104,95104,0,1
20260318,300302,同有科技,20.009666442871094,24.83,1941236992,9157649012.849998,计算机设,95321,100836,2,1
20260318,603757,大元泵业,10.0045166015625,48.71,479740864,9086716985.89,通用设备,95816,95816,0,1
20260318,815,美利云,10.025062561035156,17.56,1335068640,12208818894.599998,IT服务Ⅱ,100306,100306,0,1
20260318,1287,中电港,10.0,24.64,1030664128,10777400430.72,其他电子,100312,100312,0,1
20260318,3018,金富科技,10.004034042358398,27.27,365518432,2671885284.75,包装印刷,101645,101645,0,1
20260318,2913,奥士康,10.00216007232666,50.92,412221376,15361719440.88,元件,102012,102012,0,1
20260318,48,京基智农,10.02066135406494,21.3,292425472,11211458415.0,养殖业,102509,102509,0,1
20260318,2667,威领股份,9.996517181396484,31.58,654031200,7472175380.0,专用设备,103757,103757,0,1
20260318,2565,顺灏股份,9.97286319732666,16.21,4078031744,17181690975.620003,包装印刷,104306,111130,1,2
20260318,301428,世纪恒通,19.993968963623047,39.79,742894176,2435015379.93,通信服务,110018,110018,0,1
20260318,603052,可川科技,9.996535301208496,63.49,1056625008,11929598434.18,消费电子,110138,135929,2,1
20260318,603687,大胜达,10.04975128173828,11.06,382957488,6083352415.84,包装印刷,111351,111351,0,1
20260318,600513,联环药业,9.980430603027344,22.48,329372944,6417056949.6,化学制药,111504,111504,0,1
20260318,1389,广合科技,10.0,119.68,1056892096,18181419259.52,元件,111754,111754,0,1
20260318,301306,西测测试,20.001829147338867,131.21,1677004336,7649543000.0,军工电子,111836,130027,1,1
20260318,603881,数据港,9.9943208694458,38.74,2768963648,27829924941.26,通信服务,130045,131215,2,1
20260318,300571,平治信息,19.98638153076172,35.24,687533536,4075054047.0,通信服务,130315,130315,0,1
20260318,603311,金海高科,9.974746704101562,17.42,190513619,4109097659.940001,家电零部,131416,131416,0,1
20260318,688328,深科达,20.00478744506836,50.15,552911472,4736983194.25,专用设备,131644,131644,0,1
20260318,603220,中贝通信,10.019960403442385,27.56,1470520992,11968215190.88,通信服务,132157,133645,2,1
20260318,603615,茶花股份,10.026385307312012,20.85,134958217,5041947000.0,家居用品,132350,132350,0,1
20260318,600602,云赛智联,10.024331092834473,22.61,2455705200,24289990603.9,软件开发,132544,134156,2,1
20260318,2432,九安医疗,10.0,59.95,2217902208,26282658937.15,医疗器械,132618,132618,0,1
20260318,1400,江顺科技,9.997638702392578,139.73,294103088,2095950000.0,专用设备,133706,133706,0,1
20260318,603189,网达软件,10.02739715576172,20.08,367733040,5412530847.919999,软件开发,134021,134648,1,1
20260318,603016,新宏泰,10.006353378295898,34.63,162804909,5130780800.0,电网设备,135226,141502,3,1
20260318,301128,强瑞技术,20.0,130.02,1684421952,11471840907.12,专用设备,140809,140809,0,1
20260318,603115,海星股份,10.003334045410156,32.99,320033072,7979964296.000001,元件,141025,141025,0,1
20260318,600590,泰豪科技,9.97150993347168,15.44,1409412256,13024713435.12,军工电子,143650,143650,0,1
20260318,603618,杭电股份,10.021905899047852,20.09,1480982448,13889736125.44,电网设备,144016,144016,0,1
20260318,301191,菲菱科思,19.996248245239254,127.94,828313040,6678261121.02,通信设备,145506,145506,0,1
20260318,300042,朗科科技,20.0,61.08,2931913072,12239305074.0,计算机设,145512,145512,0,1
20260317,20,深华发Ａ,9.974905967712402,17.53,130046340,3175829304.23,光学光电,92500,92500,0,2
20260317,605277,新亚电子,10.02150535583496,25.58,367392592,8137887749.139999,消费电子,93000,93000,0,1
20260317,2565,顺灏股份,10.0,14.74,1317776352,15623573410.28,包装印刷,93000,111230,1,1
20260317,600683,京投发展,9.95850658416748,10.6,481310816,7852242528.2,房地产开,93040,94013,2,3
20260317,600545,卓郎智能,9.97624683380127,4.63,642288736,8278033587.86,专用设备,93049,93328,1,2
20260317,600569,安阳钢铁,10.15625,2.82,242742276,8100228308.519999,普钢,93128,93155,1,1
20260317,600307,酒钢宏兴,10.0,2.2,434805824,13779386332.8,普钢,93306,93306,0,1
20260317,600396,华电辽能,10.070257186889648,4.7,841329600,6921722039.900001,电力,93329,94038,1,2
20260317,42,中洲控股,9.95370388031006,9.5,78331314,6309246419.0,房地产开,93406,93406,0,1
20260317,600370,三房巷,10.0,3.3,805141840,12859046366.099998,化学纤维,93452,95607,4,4
20260317,2506,协鑫集成,9.9609375,5.63,5317582336,32904148089.51,光伏设备,93454,95709,2,1
20260317,2323,雅博股份,10.0,2.75,518767904,5831050291.0,专业工程,93642,93642,0,1
20260317,600691,潞化科技,10.023309707641602,4.72,1930637088,11212765693.44,农化制品,93717,112753,7,1
20260317,600408,安泰集团,9.974424362182615,4.3,552601616,4329240000.0,焦炭Ⅱ,93918,94118,1,1
20260317,600227,赤天化,9.979209899902344,5.29,2315337472,6758502957.87,农化制品,94030,142536,1,3
20260317,572,海马汽车,10.0,6.82,760246736,11200165916.94,乘用车,94048,94048,0,1
20260317,600791,京能置业,9.988248825073242,9.36,167310554,4233656194.56,房地产开,94928,94928,0,1
20260317,600643,爱建集团,10.107526779174805,5.12,460820912,8142600785.92,多元金融,95346,95807,1,1
20260317,2285,世联行,10.0,3.41,703898672,6737396930.66,房地产服,95357,131642,1,1
20260317,603929,亚翔集成,9.999354362487791,170.4,1794775040,36356544000.0,专业工程,100306,142948,26,3
20260317,603693,江苏新能,9.972298622131348,15.88,529641216,14156636974.400002,电力,101833,101833,0,1
20260317,2256,兆新股份,10.051546096801758,4.27,916266752,8331169445.69,电力,102121,102121,0,1
20260317,603248,锡华科技,9.993552207946776,34.12,999353520,2364820282.16,风电设备,102136,102136,0,3
20260317,603387,基蛋生物,10.023309707641602,9.44,357409120,4787529200.48,医疗器械,102401,140311,2,1
20260317,601016,节能风电,9.90338134765625,4.55,4873795328,27000384188.05,电力,103602,145041,3,1
20260317,890,法尔胜,10.0,13.42,1242946064,5629569837.32,环保设备,104648,104721,1,4
20260317,301667,纳百川,20.0,105.36,1182490944,2370016200.24,汽车零部,104715,104715,0,1
20260317,1369,双欣材料,9.97706413269043,19.18,1176707872,3855743661.84,化学纤维,104833,105021,1,1
20260317,2150,正泰电源,10.0,34.87,952447648,12502463382.86,通用设备,105509,105509,0,1
20260317,2629,仁智股份,9.936908721923828,6.97,366949392,2950360922.5,油服工程,105651,105651,0,1
20260317,301680,固德电材,20.0,130.8,1265181584,2197764384.0,汽车零部,110045,134406,4,1
20260317,603685,晨丰科技,10.018552780151367,29.65,173037964,5973459398.549999,光学光电,110706,110706,0,1
20260317,301226,祥明智能,20.01150131225586,41.74,752138192,4541312000.0,电机Ⅱ,130327,130327,0,1
20260317,605167,利柏特,10.011848449707031,18.57,214912506,8339229900.0,专业工程,130412,130412,0,1
20260317,603778,国晟科技,9.982254028320312,24.79,3809967232,15936428550.18,光伏设备,130553,145338,2,2
20260317,603992,松霖科技,10.009910583496094,33.3,339371456,14426347445.099998,家居用品,131218,131218,0,1
20260317,533,顺钠股份,10.02143669128418,20.53,5145440000,14061046272.0,电网设备,131818,145133,2,2
20260317,688295,中复神鹰,20.0,59.4,2520986032,53460000000.0,化学纤维,133623,150000,9,1
20260317,2470,金正大,10.091742515563965,3.6,3077101664,11828697901.2,农化制品,143324,143324,0,1
20260316,2086,东方海洋,10.132158279418944,2.5,212411798,3953215092.5,医疗器械,92500,92500,0,1
20260316,600396,华电辽能,10.051546096801758,4.27,336687296,6288458108.589999,电力,92500,92500,0,1
20260316,617,中油资本,10.022522926330566,9.77,4134609392,123513112601.83,多元金融,92500,110933,5,1
20260316,600370,三房巷,9.89011001586914,3.0,500375600,11690042151.0,化学纤维,93002,93008,1,3
20260316,600302,标准股份,10.038986206054688,11.29,137333517,3906450687.16,专用设备,93130,93206,1,1
20260316,600227,赤天化,10.068650245666504,4.81,2089693216,6145255052.429999,农化制品,93130,144354,5,2
20260316,2310,东方新能,9.926470756530762,2.99,1572789440,12555158653.830002,电力,93236,141151,8,1
20260316,2427,尤夫股份,10.01430606842041,7.69,284497648,7572385187.34,化学纤维,93409,93409,0,1
20260316,600683,京投发展,10.045661926269531,9.64,230542787,7141096035.080001,房地产开,93454,93454,0,2
20260316,2278,神开股份,10.0,13.75,517773360,4592454088.75,专用设备,93509,93509,0,1
20260316,2724,海洋王,10.053619384765623,8.21,249140611,4661535900.440001,照明设备,93612,93612,0,1
20260316,600313,农发种业,10.060606002807615,9.08,1652427584,9826363860.04,种植业,93913,104925,9,1
20260316,1278,一彬科技,9.99131202697754,25.32,123952585,2160071380.32,汽车零部,94424,94424,0,1
20260316,603738,泰晶科技,9.995654106140137,25.31,1140182672,9766812422.52,元件,94809,131845,1,1
20260316,603929,亚翔集成,9.997870445251465,154.91,1410204032,33051597600.0,专业工程,94908,101502,1,2
20260316,20,深华发Ａ,10.006901741027832,15.94,113245908,2887776332.54,光学光电,94939,94939,0,1
20260316,600545,卓郎智能,9.921670913696287,4.21,714124864,7527110454.62,专用设备,95636,103327,2,1
20260316,603421,鼎信通讯,10.021322250366213,10.32,859430640,6730606073.52,通信设备,95820,110150,1,1
20260316,639,西王食品,10.175437927246094,3.14,340685056,3389400064.08,食品加工,95930,95930,0,1
20260316,2467,二六三,9.941520690917969,7.52,1593076496,10278967356.64,通信服务,100030,100909,1,1
20260316,533,顺钠股份,10.023585319519045,18.66,3585523088,12780278784.0,电网设备,100118,101324,4,1
20260316,605299,舒华体育,9.968354225158691,13.9,258589790,5688248669.7,文娱用品,100157,100157,0,1
20260316,600152,维科技术,10.030706405639648,10.75,646662144,5687603281.25,电池,100459,100459,0,1
20260316,2990,盛视科技,9.992401123046877,28.95,199557879,3882061482.6,计算机设,100924,100924,0,1
20260316,300042,朗科科技,20.0,45.6,1540742480,9137398680.0,计算机设,101657,102924,2,1
20260316,603778,国晟科技,10.00487995147705,22.54,2113329392,14489999980.68,光伏设备,102018,102618,1,1
20260316,600751,海航科技,9.923664093017578,4.32,553229744,11116176704.64,航运港口,103227,103227,0,1
20260316,2426,胜利精密,10.098522186279297,4.47,2194454672,15209621512.77,消费电子,105427,105427,0,1
20260316,2636,金安国纪,10.0172119140625,31.96,1507037408,23149120727.32,元件,105606,105606,0,1
20260316,620,盈新发展,9.966776847839355,3.31,1051506512,15463488577.65,房地产开,112024,112024,0,1
20260316,600667,太极实业,9.9609375,11.26,2393492208,23550764924.28,工程咨询,112407,112407,0,1
20260316,605366,宏柏新材,9.989806175231934,10.79,560313392,7818407942.15,化学制品,130149,130149,0,1
20260316,601975,招商南油,10.068650245666504,4.81,2572568624,22512457901.18,航运港口,130532,133044,7,1
20260316,2995,天地在线,9.991119384765623,24.77,483185760,2784574242.16,广告营销,130851,130851,0,1
20260316,2980,华盛昌,9.988616943359377,38.65,519962640,3918721335.6,电网设备,131739,131739,0,1
20260316,603986,兆易创新,9.99892234802246,306.16,13600507648,204467359681.76,半导体,132534,133601,1,1
20260316,300606,金太阳,20.00589179992676,40.73,895933152,4792881814.78,通用设备,132803,132803,0,1
20260316,603052,可川科技,10.0,64.13,602739184,12049852694.66,消费电子,135714,135714,0,1
20260316,890,法尔胜,10.00901699066162,12.2,1531178816,5117790761.2,环保设备,140833,145554,4,3
20260316,603175,超颖电子,10.003742218017578,88.19,693139920,3880298972.52,元件,141347,141347,0,1
20260316,2235,安妮股份,9.990485191345217,11.56,998810160,6399365171.12,造纸,142139,142139,0,1
20260316,300051,琏升科技,19.956850051879883,11.12,668063376,4088557286.8,光伏设备,144339,144339,0,1
20260316,603248,锡华科技,10.0,31.02,1179755408,2149962636.36,风电设备,144621,144715,1,2
20260316,2831,裕同科技,10.011573791503906,38.02,1317657232,19427962186.38,包装印刷,145509,145509,0,1
20260313,677,恒天海龙,10.087719917297363,5.02,112306567,4337169298.96,化学纤维,92500,92500,0,1
20260313,2445,中南文化,10.049019813537598,4.49,516189168,10625050568.77,通用设备,92500,92500,0,5
20260313,600121,郑州煤电,9.922179222106934,5.65,404522160,6884028014.700001,煤炭开采,92500,92500,0,2
20260313,600691,潞化科技,9.92555809020996,4.43,312600032,10523845767.36,农化制品,92504,93022,1,2
20260313,603929,亚翔集成,9.99765682220459,140.83,319935424,30047488800.000004,专业工程,93000,93000,0,1
20260313,2931,锋龙股份,10.005393981933594,81.58,642824208,16418262814.24,通用设备,93018,93018,0,1
20260313,2470,金正大,9.897611618041992,3.22,1137969440,10580113122.74,农化制品,93136,93136,0,1
20260313,890,法尔胜,10.019841194152832,11.09,424799648,4652155700.14,环保设备,93142,93315,2,2
20260313,2109,兴化股份,9.978768348693848,5.18,475782640,6611077828.179999,化学原料,93200,100521,1,1
20260313,603558,健盛集团,9.991532325744627,12.99,125067549,4450868256.51,纺织制造,93327,93327,0,1
20260313,601669,中国电建,9.938838005065918,7.19,12775678464,93984270861.5,基础建设,93456,101453,1,1
20260313,600307,酒钢宏兴,9.90099048614502,2.22,935629120,13904653481.28,普钢,93459,131441,4,1
20260313,603607,京华激光,9.991039276123049,24.55,234229313,4382587440.0,包装印刷,93520,93520,0,1
20260313,10,美丽生态,9.951457023620604,4.53,211570338,3841591007.55,基础建设,93533,93533,0,1
20260313,600722,金牛化工,10.0,16.94,2973438224,11524615311.44,化学原料,94004,144849,19,3
20260313,600227,赤天化,10.075567245483398,4.37,1707365840,5583111139.110001,农化制品,94035,144914,3,1
20260313,2165,红 宝 丽,10.0,12.76,2382708416,9284552368.96,化学制品,94300,94300,0,1
20260313,2382,蓝帆医疗,10.0,7.59,410425264,7587769913.79,医疗器械,94654,94654,0,1
20260313,2429,兆驰股份,10.046082496643066,11.94,4622289664,54020536234.92,黑色家电,94757,145418,5,1
20260313,603659,璞泰来,10.013578414916992,32.41,2159757616,69240694053.15999,电池,94917,94917,0,1
20260313,603803,瑞斯康达,10.0,13.75,1020366384,5842148908.75,通信设备,95315,95315,0,1
20260313,600683,京投发展,10.050251007080078,8.76,364276304,6489211749.72,房地产开,95822,100710,1,1
20260313,1366,播恩集团,9.97906494140625,15.76,91652177,2532316800.0,饲料,100348,100348,0,1
20260313,2056,横店东磁,10.004257202148438,25.84,2199581664,41990816776.56,光伏设备,100351,145424,3,1
20260313,600726,华电能源,10.051546096801758,4.27,1493775520,31919685608.16,电力,100655,100655,0,4
20260313,600232,金鹰股份,10.025062561035156,8.78,112654441,3202228816.32,专用设备,100655,100655,0,1
20260313,2950,奥美医疗,10.02921199798584,11.3,187880489,5107545861.700001,医疗器械,101427,101427,0,1
20260313,2531,天顺风能,10.00885772705078,12.42,1375159504,22192877260.08,风电设备,101909,101909,0,1
20260313,2543,万和电气,10.0,9.79,219971017,6477171719.37,厨卫电器,103109,104224,3,1
20260313,603366,日出东方,10.021322250366213,10.32,837970448,8390656402.320001,厨卫电器,103220,103220,0,1
20260313,603169,兰石重装,9.965636253356934,12.8,1380104384,16720535014.400002,专用设备,104350,104350,0,1
20260313,603029,天鹅股份,9.979633331298828,21.6,140568488,2620987200.0,专用设备,104716,104716,0,1
20260313,300185,通裕重工,19.94301986694336,4.21,3433247680,15606378365.14,风电设备,104803,104803,0,1
20260313,3027,同兴科技,10.004486083984377,24.52,242194590,2571190935.36,环境治理,105245,105245,0,1
20260313,600408,安泰集团,10.133333206176758,4.13,700058544,4158084000.0,焦炭Ⅱ,105448,105448,0,1
20260313,2903,宇环数控,9.996455192565918,31.03,1286130416,3309136913.4700003,通用设备,110345,145515,4,1
20260313,2323,雅博股份,9.956709861755373,2.54,901905472,5385770086.96,专业工程,110642,110642,0,1
20260313,603280,南方路机,10.0,40.7,331774288,1137225846.9,工程机械,110830,110830,0,1
20260313,603062,麦加芯彩,10.005863189697266,56.29,225455280,2086844799.0,化学制品,110928,110928,0,1
20260313,600847,万里股份,10.0,15.51,114283350,2377487574.0,电池,112140,112140,0,1
20260313,2084,海鸥住工,10.0,4.29,236453238,2765481756.18,家居用品,112830,112830,0,1
20260313,603538,美诺华,10.017345428466797,25.37,556436240,5484889577.08,化学制药,112950,112950,0,1
20260313,603248,锡华科技,9.984399795532228,28.2,884247552,1954511487.6,风电设备,130024,150000,2,1
20260313,2637,赞宇科技,9.979209899902344,15.87,279351088,7026016390.5,化学制品,130554,130554,0,1
20260313,600336,澳柯玛,9.946236610412598,8.18,417818416,6527760810.42,白色家电,130704,131543,1,1
20260313,605222,起帆电缆,10.019083976745604,23.06,453379664,9521545439.88,电网设备,130826,130826,0,1
20260313,600756,浪潮软件,9.981285095214844,17.63,518057984,5713861015.389999,IT服务Ⅱ,130830,130951,1,1
20260313,601611,中国核建,10.022909164428713,19.21,5725504256,57895755212.52,基础建设,132032,140956,3,1
20260313,600234,科新发展,10.029498100280762,14.92,111151721,3916812917.16,装修装饰,132232,132232,0,1
20260313,2487,大金重工,9.997272491455078,80.65,3978503968,50883719452.9,风电设备,132430,132718,2,2
20260313,600746,江苏索普,9.97624683380127,9.26,470444144,10797922533.22,化学原料,132622,135507,1,1
20260313,600226,亨通股份,10.054844856262209,6.02,1059643008,17905774968.48,电力,133335,134732,1,1
20260313,2438,江苏神通,9.99428939819336,19.26,577175584,9030641646.42,通用设备,133512,133512,0,1
20260313,601218,吉鑫科技,9.98415184020996,6.94,1462069440,6725092573.280001,风电设备,134355,144928,2,1
20260313,300981,中红医疗,20.015220642089844,15.77,670374672,6198160041.83,医疗器械,140030,140030,0,1
20260313,3041,真爱美家,10.0,69.85,1003420240,9557114490.0,服装家纺,140157,144351,3,1
20260313,600370,三房巷,10.080645561218262,2.73,709959488,10637938357.41,化学纤维,143221,143221,0,2
20260313,2669,康达新材,10.035842895507812,15.35,482297552,4646718230.0,化学制品,144730,144730,0,1
20260313,2969,嘉美包装,10.01662540435791,26.47,2559864304,28912888824.14,包装印刷,145600,145600,0,1
20260312,2445,中南文化,9.97304630279541,4.08,47724005,9654834369.84,通用设备,92500,92500,0,4
20260312,420,吉林化纤,10.087719917297363,5.02,495630608,12339316337.86,化学纤维,92500,92500,0,1
20260312,2254,泰和新材,10.039840698242188,13.81,502711328,11746341773.73,化学纤维,92500,101009,1,1
20260312,600370,三房巷,10.222222328186035,2.48,258764608,9663768178.16,化学纤维,92502,93444,1,1
20260312,688295,中复神鹰,20.005550384521484,43.25,1318114672,38925000000.0,化学纤维,92503,94039,2,1
20260312,600691,潞化科技,10.10929012298584,4.03,394341136,9573611386.56,农化制品,93031,93125,1,1
20260312,2150,正泰电源,10.006738662719728,32.65,744829136,11706493531.7,通用设备,93124,93724,1,2
20260312,537,绿发电力,10.026385307312012,12.51,913512544,25853195423.52,电力,93157,93157,0,3
20260312,601330,绿色动力,10.035842895507812,9.21,995343344,9109561910.7,环境治理,93335,131820,14,2
20260312,603626,科森科技,10.022573471069336,24.37,704706640,13522418045.3,消费电子,93407,93631,1,1
20260312,603978,深圳新星,9.992006301879885,27.52,297041456,5809315108.48,金属新材,93440,93440,0,1
20260312,600726,华电能源,9.915014266967772,3.88,690390832,29004304487.04,电力,93507,93507,0,3
20260312,601991,大唐发电,10.096153259277344,4.58,764848800,56774088105.48,电力,93533,93533,0,1
20260312,2951,金时科技,10.019145011901855,17.24,191747528,6915385086.999999,其他电源,93748,93748,0,1
20260312,601016,节能风电,9.92555809020996,4.43,3470422992,26288286143.53,电力,93829,130232,6,2
20260312,600868,梅雁吉祥,9.898476600646973,4.33,846547968,8218983780.07,电力,94149,94149,0,1
20260312,890,法尔胜,10.043667793273926,10.08,819943552,4228469743.68,环保设备,94236,104645,3,1
20260312,990,诚志股份,10.011248588562012,9.78,821062064,11885014290.3,化学原料,94242,111739,1,1
20260312,1260,坤泰股份,10.0,24.53,86447769,2820950000.0,汽车零部,94742,94742,0,1
20260312,600703,三安光电,9.97652530670166,18.74,7968259072,93494210943.98,光学光电,94929,135626,1,1
20260312,603077,和邦生物,9.90099048614502,3.33,2540290320,29409018969.24,农化制品,95308,134702,3,1
20260312,601969,海南矿业,10.0,13.42,1368213792,26470636186.72,油气开采,95627,145343,2,1
20260312,2498,汉缆股份,9.957627296447754,10.38,2808565168,34532142480.0,电网设备,95727,95727,0,1
20260312,600935,华塑股份,9.966776847839355,3.31,409537664,11609499997.72,化学原料,100225,131022,1,1
20260312,2015,协鑫能科,9.989701271057127,21.36,7252100608,34674213755.04,电力,100315,130454,9,1
20260312,600844,金煤科技,10.055866241455078,3.94,619476624,3241558697.96,化学原料,100908,141220,4,1
20260312,301667,纳百川,20.0,79.98,769277280,1799106830.8200002,汽车零部,101512,101730,2,1
20260312,553,安道麦A,10.032362937927246,6.8,206162152,14804089334.8,农化制品,101706,101706,0,1
20260312,593,德龙汇能,9.978918075561523,15.65,450433216,5610261594.85,燃气Ⅱ,101918,101918,0,1
20260312,600188,兖矿能源,10.024813652038574,22.17,2706121952,131333108732.28,煤炭开采,102658,132846,2,1
20260312,600722,金牛化工,10.0,15.4,2440938784,10476923010.4,化学原料,102923,134120,3,2
20260312,603527,众源新材,10.035523414611816,12.39,682666416,3927273168.0,工业金属,110350,140305,4,1
20260312,600121,郑州煤电,10.064239501953123,5.14,682120288,6262637875.32,煤炭开采,110459,110459,0,1
20260312,600714,金瑞矿业,9.986129760742188,23.79,1319242416,6855713534.67,化学原料,130030,143251,8,1
20260312,601038,一拖股份,10.013908386230469,15.82,427316832,11575577450.5,专用设备,130211,130211,0,1
20260312,601015,陕西黑猫,10.0,5.17,1011184560,10559712793.63,焦炭Ⅱ,130220,130220,0,1
20260312,603281,江瀚新材,9.989943504333496,32.81,235221952,12249066688.54,化学制品,130441,130441,0,1
20260312,603092,德力佳,9.998510360717772,73.82,502504400,2469460597.2,风电设备,130955,144149,4,1
20260312,600821,金开新能,10.02024269104004,10.87,4826750464,21710253734.11,电力,131046,131046,0,1
20260312,603507,振江股份,9.988680839538574,38.87,721297952,7065489573.089999,风电设备,131221,131221,0,1
20260312,603693,江苏新能,9.985734939575195,15.42,546478352,13746558069.6,电力,131740,131740,0,1
20260312,2487,大金重工,10.007502555847168,73.32,1641388976,46259073903.12,风电设备,132127,132127,0,1
20260312,300690,双一科技,19.98716735839844,37.4,1320198464,4143223574.6,风电设备,132639,141824,4,1
20260312,601868,中国能建,10.144927024841309,3.8,17458275072,123229165016.8,基础建设,133322,145443,6,2
20260312,600,建投能源,9.969167709350586,10.7,1065117984,11663544373.2,电力,134145,134145,0,1
20260312,600956,新天绿能,10.0,9.46,863155424,22212918884.42,电力,134557,145633,2,1
20260312,301068,大地海洋,20.0,35.16,225135886,3543348326.9999995,环境治理,135406,145633,2,1
20260312,605305,中际联合,9.997417449951172,42.58,729044768,9049101600.0,工程机械,140907,140907,0,1
20260312,2869,金溢科技,10.022778511047363,24.15,279700416,3804065834.1,计算机设,141215,141215,0,1
20260312,2652,扬子新材,10.040983200073242,5.37,275078576,2749783680.0,装修建材,141506,141506,0,1
20260312,301396,宏景科技,20.00320053100586,149.98,3671849872,11410639478.52,IT服务Ⅱ,143848,143848,0,1
20260312,603992,松霖科技,10.017093658447266,32.18,334868128,13941136960.46,家居用品,144419,144419,0,1
20260311,2445,中南文化,10.08902072906494,3.71,30163265,8779273409.83,通用设备,92500,92500,0,3
20260311,601700,风范股份,10.047846794128418,6.9,419722688,7857425370.0,电网设备,92500,93543,1,1
20260311,2248,华东数控,10.028247833251951,15.58,604258928,4790781448.0,通用设备,92500,140454,3,1
20260311,603803,瑞斯康达,10.0,12.1,549347248,5141091039.7,通信设备,92503,93403,2,2
20260311,839,国安股份,9.944750785827637,3.98,2318955296,15600908880.96,通信服务,93000,141739,6,2
20260311,2455,百川股份,10.007468223571776,14.73,507555360,7648253392.62,化学制品,93000,93000,0,1
20260311,603421,鼎信通讯,9.989142417907717,10.13,968800368,6606689876.43,通信设备,93114,145532,2,2
20260311,600172,黄河旋风,10.019841194152832,11.09,2866293216,14153676267.5,通用设备,93230,112758,11,2
20260311,601789,宁波建工,9.939759254455566,7.3,3755047264,7933629707.0,房屋建设,93246,141352,8,4
20260311,603936,博敏电子,9.985734939575195,15.42,1262548000,9720737221.68,元件,93254,141333,5,1
20260311,603757,大元泵业,9.995361328125,47.43,681356880,8847936494.37,通用设备,93409,93524,2,1
20260311,600433,冠豪高新,10.0,3.85,336729536,6738575047.05,造纸,93427,94909,1,1
20260311,603353,和顺石油,10.012836456298828,42.85,459919984,7302411300.0,炼化及贸,93720,93720,0,1
20260311,603158,腾龙股份,9.964093208312988,12.25,896585776,6011934313.0,汽车零部,93832,134132,6,1
20260311,2667,威领股份,9.996667861938477,33.01,749773584,7810529110.0,专用设备,93951,93951,0,1
20260311,300504,天邑股份,20.0,19.32,636318432,4216619578.92,通信设备,94000,95600,1,1
20260311,537,绿发电力,9.961315155029297,11.37,1249485648,23497268742.24,电力,94212,94212,0,2
20260311,601868,中国能建,9.87261199951172,3.45,6294150656,111879110344.2,基础建设,94237,94307,1,1
20260311,2175,东方智造,9.968847274780272,3.53,624637744,4507035966.309999,通用设备,94739,104621,1,1
20260311,2150,正泰电源,10.007412910461426,29.68,442810976,10641614947.04,通用设备,94848,94848,0,1
20260311,603938,三孚股份,10.007305145263672,30.12,541354784,11524649849.64,化学原料,95216,95216,0,1
20260311,1207,联科科技,9.989447593688965,31.27,294176496,6168325171.93,橡胶,95542,95903,2,1
20260311,600108,亚盛集团,10.050251007080078,6.57,2382653088,12791232344.97,种植业,95846,134225,9,2
20260311,833,粤桂股份,9.992006301879885,27.52,1398125712,12485879755.52,综合Ⅱ,100124,100512,1,1
20260311,301658,首航新能,20.010448455810547,45.94,886152656,1894433017.16,光伏设备,100300,100300,0,1
20260311,601330,绿色动力,9.986859321594238,8.37,311298688,8278722387.9,环境治理,100324,100957,2,1
20260311,605117,德业股份,10.00083351135254,131.88,1773873216,119863007227.32,光伏设备,100601,100707,1,1
20260311,2782,可立克,10.01529026031494,28.78,641100064,14001504536.0,其他电子,101109,101109,0,1
20260311,601016,节能风电,10.10929012298584,4.03,2217026112,23914625995.13,电力,101543,101543,0,1
20260311,601858,中国科传,10.0,21.67,360855776,17130135000.000002,出版,102034,102034,0,1
20260311,545,金浦钛业,10.05747127532959,3.83,508366880,3774093857.68,化学原料,102345,102345,0,1
20260311,300246,宝莱特,20.0,16.8,488959456,3549998390.4,医疗器械,102724,102724,0,1
20260311,2177,御银股份,9.98810863494873,9.25,1777425328,6243000407.75,计算机设,103818,103818,0,1
20260311,603773,沃格光电,9.99492645263672,43.36,894966176,9737816246.88,光学光电,103828,103828,0,1
20260311,2831,裕同科技,10.012920379638672,34.06,536517232,17404429039.14,包装印刷,104227,111603,1,1
20260311,2733,雄韬股份,10.004066467285156,27.05,2075447200,9977737630.95,电池,104654,104654,0,1
20260311,2432,九安医疗,10.0,58.52,2455819776,25655733127.640003,医疗器械,105039,110003,1,1
20260311,899,赣能股份,10.01362419128418,16.15,1251736304,15757195823.999998,电力,110133,110133,0,1
20260311,603778,国晟科技,9.98415184020996,20.82,2885264352,13384285696.44,光伏设备,110210,143140,16,1
20260311,600769,祥龙电业,10.036630630493164,15.02,590664848,5632157544.0,环境治理,110842,110842,0,2
20260311,1369,双欣材料,10.0,16.94,1206961392,3405437832.7200003,化学纤维,130142,131139,1,1
20260311,600328,中盐化工,9.955751419067385,9.94,895472480,14575116758.02,化学原料,130315,130315,0,1
20260311,600722,金牛化工,9.976433753967283,14.0,1854358192,9524475464.0,化学原料,131507,131507,0,1
20260311,626,远大控股,10.065360069274902,8.42,357816432,4241293106.82,物流,131930,133012,1,1
20260311,600989,宝丰能源,10.017271041870115,31.85,6627817216,233567516000.0,化学原料,133605,133605,0,1
20260311,600299,安迪苏,10.015060424804688,14.61,753892528,39182577598.53,化学制品,134450,135123,1,1
20260311,2092,中泰化学,10.05434799194336,8.1,1361044112,20862445187.7,化学原料,134727,134727,0,1
20260311,600409,三友化工,9.952038764953612,9.17,705698704,18930084438.16,化学原料,135132,135132,0,1
20260311,600075,新疆天业,10.014727592468262,7.47,610135040,12754007473.95,化学原料,135321,135421,1,1
20260311,600726,华电能源,9.968847274780272,3.53,1302157344,26387936814.24,电力,140349,140349,0,2
20260311,600873,梅花生物,10.026155471801758,12.62,1453737184,35389529623.0,化学制品,140606,144921,4,1
20260311,62,深圳华强,9.991602897644045,26.2,918761888,27377093714.2,其他电子,140921,140921,0,1
20260311,603629,利通电子,9.998258590698242,63.15,3115697968,16220203800.0,消费电子,145319,145319,0,1
20260310,2445,中南文化,10.130719184875488,3.37,15010091,7974703879.01,通用设备,92500,92500,0,2
20260310,537,绿发电力,10.0,10.34,291642848,21368668319.68,电力,92500,92500,0,1
20260310,605268,王力安防,9.980430603027344,16.86,73212915,7426703550.0,家居用品,92502,92502,0,5
20260310,601789,宁波建工,9.933774948120115,6.64,156683283,7216342637.599999,房屋建设,92503,92503,0,3
20260310,603803,瑞斯康达,10.0,11.0,119550145,4673719127.0,通信设备,92503,92503,0,1
20260310,2632,道明光学,10.0,13.64,366112736,7936925190.04,塑料,93154,93930,1,1
20260310,2467,二六三,10.0,7.59,2585111888,10374649233.63,通信服务,93200,130812,4,1
20260310,2025,航天电器,9.992148399353027,56.03,1563933760,25430711501.0,军工电子,93242,100903,4,1
20260310,839,国安股份,10.030394554138184,3.62,602956016,14189771394.24,通信服务,93351,93512,1,1
20260310,2536,飞龙股份,9.991337776184082,38.09,1405351504,20736851148.0,汽车零部,93639,94027,1,1
20260310,603421,鼎信通讯,10.035842895507812,9.21,207412812,6006674606.31,通信设备,93859,93950,1,1
20260310,2969,嘉美包装,10.021231651306152,25.91,1230478752,28301207005.42,包装印刷,94006,94315,3,1
20260310,300629,新劲刚,20.00830078125,28.91,1977452464,6268672009.67,军工电子,94045,145557,5,1
20260310,2636,金安国纪,9.984214782714844,27.87,439376464,20186670671.79,元件,94154,94154,0,1
20260310,2903,宇环数控,9.996377944946287,30.37,540701968,3238752435.13,通用设备,94342,94354,1,2
20260310,603017,中衡设计,10.040816307067873,13.48,177966284,3723045149.64,工程咨询,94406,94406,0,1
20260310,600726,华电能源,9.931507110595703,3.21,504528480,23995829227.68,电力,94633,94633,0,1
20260310,300936,中英科技,20.00819969177246,58.54,484635680,2778324498.5,元件,94851,142533,1,1
20260310,949,新乡化纤,10.0,7.59,791271552,12572416965.57,化学纤维,95139,95139,0,1
20260310,300257,开山股份,19.993009567260746,34.33,1330547760,32774514566.0,通用设备,95224,132418,11,1
20260310,603949,雪龙集团,9.988713264465332,19.49,139787307,4096900790.26,汽车零部,95300,95300,0,1
20260310,688655,迅捷兴,20.0,29.4,327806688,3921666000.0,元件,95642,95642,0,1
20260310,600172,黄河旋风,10.043667793273926,10.08,2077826224,12864657960.0,通用设备,95703,130712,3,1
20260310,1400,江顺科技,10.003013610839844,146.04,304150592,2190600000.0,专用设备,95736,95736,0,1
20260310,1267,汇绿生态,9.992775917053224,45.68,2019820160,27689356275.84,基础建设,100042,104942,2,1
20260310,605287,德才股份,10.010672569274902,51.54,212387515,7215600000.0,装修装饰,100411,100411,0,1
20260310,2760,凤形股份,9.982563972473145,25.23,129342543,2724555052.38,通用设备,100836,100836,0,1
20260310,600108,亚盛集团,9.944750785827637,5.97,2570785552,11623083272.37,种植业,100949,140234,12,1
20260310,600330,天通股份,10.031949043273926,17.22,2210768736,21239740643.52,电子化学,101456,103513,2,1
20260310,2290,禾盛新材,10.0,67.21,530372160,16627112480.55,家电零部,101624,101624,0,1
20260310,603115,海星股份,10.003437995910645,32.0,277152064,7740492800.0,元件,102216,102216,0,1
20260310,605318,法狮龙,10.007158279418944,76.84,221234067,9661018511.52,装修建材,102301,102301,0,1
20260310,600376,首开股份,9.940357208251951,5.53,733542544,14264995788.26,房地产开,102804,102804,0,1
20260310,1389,广合科技,10.0,120.23,885524096,18173721170.11,元件,103951,103951,0,1
20260310,1332,锡装股份,10.001678466796877,65.55,286895136,3146629490.55,专用设备,104312,104312,0,1
20260310,600135,乐凯胶片,10.04975128173828,11.06,678132288,6119576514.940001,塑料,104753,104753,0,2
20260310,603269,海鸥股份,10.0,17.93,668308528,5535919200.24,通用设备,111027,111027,0,1
20260310,2729,好利科技,9.97706413269043,19.18,212883699,3365393976.98,其他电子,111348,111348,0,1
20260310,2294,信立泰,10.0,54.01,647075392,60197695401.36,化学制药,111400,111400,0,1
20260310,600769,祥龙电业,9.991942405700684,13.65,296473632,5118438780.0,环境治理,111722,141231,2,1
20260310,2350,北京科锐,9.971098899841309,15.22,1002740880,8074993388.62,电网设备,112054,112054,0,1
20260310,2298,中电鑫龙,10.017730712890623,12.41,1293430704,8198710083.92,电网设备,112300,112300,0,1
20260310,2575,群兴玩具,9.975062370300291,8.82,1426671280,5164070310.0,文娱用品,112706,112706,0,2
20260310,14,沙河股份,9.992313385009766,14.31,188622030,3463681465.44,房地产开,112727,112727,0,1
20260310,2993,奥海科技,9.99341106414795,50.08,416290144,11941422404.64,消费电子,130009,130009,0,1
20260310,601869,长飞光纤,9.99952793121338,233.1,3800169472,94717460993.4,通信设备,130359,130359,0,1
20260310,2281,光迅科技,9.996170043945312,86.16,4557438464,67159769251.44,通信设备,130409,130409,0,1
20260310,688300,联瑞新材,20.0,99.96,1813257392,24137260232.4,非金属材,130751,131548,1,1
20260310,920036,觅睿科技,30.000001907348636,53.69,473520704,701259962.13,计算机设,131327,131457,1,1
20260310,601778,晶科科技,10.0,5.61,2825091744,20033313584.79,电力,131956,131956,0,1
20260310,2384,东山精密,9.995928764343262,108.06,9599793664,149805925387.38,元件,132921,132921,0,1
20260310,600345,长江通信,10.005027770996094,43.76,853815184,9257834836.72,通信设备,133253,133253,0,1
20260310,600498,烽火通信,10.0,57.2,8010268160,72736747283.2,通信设备,133350,135614,2,1
20260310,688048,长光华芯,20.0,188.4,3317289536,33211141261.2,半导体,140029,140526,1,1
20260310,3021,兆威机电,10.002653121948242,124.38,1250558000,25791783820.2,电机Ⅱ,140636,140636,0,1
20260310,2335,科华数据,10.006333351135254,69.48,5177222400,31590655305.120003,其他电源,143512,143512,0,1
20260309,2445,中南文化,10.071942329406738,3.06,53546481,7241125777.38,通用设备,92500,92500,0,1
20260309,600821,金开新能,10.0,9.46,760310416,18894112265.38,电力,92501,92501,0,2
20260309,600227,赤天化,10.030394554138184,3.62,896108880,4624911286.860001,农化制品,92501,142022,9,2
20260309,605268,王力安防,9.971305847167969,15.33,76535025,6752750025.0,家居用品,92503,92503,0,4
20260309,601789,宁波建工,10.018214225769045,6.04,279733360,6564263483.6,房屋建设,92504,92504,0,2
20260309,533,顺钠股份,10.01344108581543,16.37,863385648,11211852288.0,电网设备,93012,93012,0,4
20260309,2082,万邦德,10.023585319519045,18.66,486121744,10323699524.52,化学制药,93018,104412,2,1
20260309,2015,协鑫能科,9.98719596862793,17.18,1961535360,27888716868.52,电力,93233,94836,2,2
20260309,2300,太阳电缆,9.98098850250244,11.57,769035152,8356666306.56,电网设备,93345,93345,0,1
20260309,1258,立新能源,9.988248825073242,9.36,357215136,8735908746.24,电力,93742,93742,0,1
20260309,2903,宇环数控,10.0,27.61,334485600,2944417343.89,通用设备,93951,93951,0,1
20260309,603138,海量数据,10.014171600341797,23.29,999854656,6715504976.5,IT服务Ⅱ,94118,112922,1,1
20260309,688158,优刻得-W,19.98942375183105,45.38,3107646576,18400405945.04,IT服务Ⅱ,94147,94147,0,1
20260309,600602,云赛智联,9.98023796081543,22.26,2670300336,23913984557.4,软件开发,94313,100237,2,1
20260309,301606,绿联科技,20.0,80.88,1064302640,17714039071.92,消费电子,94439,132500,1,1
20260309,600135,乐凯胶片,9.956235885620115,10.05,235641125,5560736344.950001,塑料,94654,94654,0,1
20260309,688229,博睿数据,20.0,103.14,316399360,4579416000.0,IT服务Ⅱ,95325,95325,0,1
20260309,601,韶能股份,9.934853553771973,6.75,1453721280,7084306622.25,电力,95436,133851,2,2
20260309,862,银星能源,10.0,8.36,855346192,5249804855.679999,电力,95939,95939,0,1
20260309,601567,三星医疗,9.996600151062012,32.35,2450986624,45458524090.0,电网设备,100536,144427,5,2
20260309,301179,泽宇智能,19.99003028869629,24.07,776211184,5716756157.43,电网设备,101348,101348,0,1
20260309,600851,海欣股份,10.025062561035156,8.78,245639298,6481449645.799999,化学制药,102130,102130,0,1
20260309,534,万泽股份,9.990301132202148,45.36,1872865136,22678658069.76,生物制品,102524,143724,1,2
20260309,2112,三变科技,9.99203872680664,27.63,1708480144,7241257966.5,电网设备,103330,103330,0,1
20260309,601877,正泰电器,10.0,39.05,3491436640,83917238512.79999,电网设备,103505,132656,2,1
20260309,600268,国电南自,10.03367042541504,16.34,1342265376,16516984634.82,电网设备,104257,104257,0,1
20260309,2930,宏川智慧,9.970015525817873,14.67,315248400,6348001373.1,物流,105321,105321,0,1
20260309,2730,电光科技,9.9827880859375,19.17,553214160,6633392799.6,专用设备,105606,105606,0,1
20260309,2575,群兴玩具,10.013717651367188,8.02,755830608,4695673910.0,文娱用品,110636,110636,0,1
20260309,815,美利云,9.993868827819824,17.94,3849463248,12473018847.900002,IT服务Ⅱ,111100,133248,2,3
20260309,603165,荣晟环保,10.00735855102539,14.95,231957030,4375562875.45,造纸,112318,112318,0,1
20260309,2068,黑猫股份,10.0578031539917,9.52,445282224,6997255415.92,橡胶,112927,112927,0,1
20260309,601969,海南矿业,10.008136749267578,13.52,1192452560,26753282928.32,油气开采,130525,130525,0,1
20260309,2229,鸿博股份,10.018439292907717,17.9,1157451360,8827640987.9,包装印刷,132530,132530,0,1
20260309,688316,青云科技-U,20.0,89.52,1008085744,4287840508.08,IT服务Ⅱ,133405,133405,0,1
20260309,300113,顺网科技,19.9836540222168,29.36,3267717760,15220884629.36,游戏Ⅱ,133712,135557,1,1
20260309,973,佛塑科技,10.015174865722656,14.5,1147168688,14027635979.5,塑料,135006,135006,0,1
20260309,1339,智微智能,9.995476722717283,72.96,1462266416,8710735038.72,计算机设,135039,135039,0,1
20260309,3035,南网能源,9.988518714904783,9.58,2163796080,36287878779.46,电力,140118,140118,0,1
20260309,66,中国长城,10.006373405456545,17.26,3710296240,55673680603.880005,计算机设,140724,140724,0,1
20260309,301396,宏景科技,20.002099990844727,114.29,2468802592,8695305947.460001,IT服务Ⅱ,140948,141348,2,1
20260309,2261,拓维信息,10.01280403137207,42.96,13798037504,49217221991.76,软件开发,141033,141033,0,2
20260306,000509.SZ,华塑控股,9.92,3.99,光学光电,131054,144703.0,8,1
20260306,000516.SZ,国际医学,10.11,5.01,医疗服务,93718,93718.0,0,1
20260306,000533.SZ,顺钠股份,9.98,14.88,电网设备,92500,92500.0,0,1
20260306,000534.SZ,万泽股份,10.0,41.24,生物制品,104412,104412.0,0,1
20260306,000545.SZ,金浦钛业,9.97,3.75,化学原料,94539,111733.0,2,1
20260306,000601.SZ,韶能股份,10.04,6.14,电力,93448,93448.0,0,1
20260306,000677.SZ,恒天海龙,10.0,4.4,化学纤维,95124,95124.0,0,1
20260306,000720.SZ,新能泰山,10.0,4.4,电网设备,93151,93151.0,0,1
20260306,000815.SZ,美利云,9.98,16.31,IT服务Ⅱ,94015,94015.0,0,1
20260306,000818.SZ,航锦科技,10.0,23.76,化学原料,143342,143342.0,0,1
20260306,000833.SZ,粤桂股份,9.99,26.32,综合Ⅱ,134048,134048.0,0,1
20260306,001216.SZ,华瓷股份,10.01,20.99,家居用品,110600,110600.0,0,1
20260306,001326.SZ,联域股份,10.01,65.75,照明设备,140612,140612.0,0,1
20260306,001400.SZ,江顺科技,10.0,125.9,专用设备,104036,104036.0,0,1
20260306,001696.SZ,宗申动力,9.99,25.54,通用设备,100427,102712.0,1,1
20260306,001896.SZ,豫能控股,9.97,15.88,电力,133706,145648.0,6,1
20260306,002015.SZ,协鑫能科,10.0,15.62,电力,94051,94051.0,0,1
20260306,002063.SZ,远光软件,10.05,7.01,软件开发,100533,101739.0,1,1
20260306,002165.SZ,红 宝 丽,10.0,12.21,化学制品,94951,94951.0,0,1
20260306,002227.SZ,奥 特 迅,10.01,10.77,其他电源,93015,93015.0,0,1
20260306,002261.SZ,拓维信息,10.0,39.05,软件开发,145003,145003.0,0,1
20260306,002448.SZ,中原内配,10.01,17.91,汽车零部件,94921,94921.0,0,1
20260306,002470.SZ,金正大,10.0,2.86,农化制品,94009,94418.0,1,1
20260306,002478.SZ,常宝股份,9.99,13.87,特钢Ⅱ,95357,95357.0,0,1
20260306,002498.SZ,汉缆股份,9.96,9.83,电网设备,93318,95848.0,5,1
20260306,002506.SZ,协鑫集成,10.1,5.56,光伏设备,100830,100830.0,0,1
20260306,002637.SZ,赞宇科技,10.04,14.58,化学制品,133821,133821.0,0,1
20260306,002648.SZ,卫星化学,10.02,26.91,化学原料,131654,132551.0,1,1
20260306,002667.SZ,威领股份,10.02,26.69,专用设备,111657,143612.0,6,1
20260306,002809.SZ,红墙股份,9.97,13.68,水泥,95342,95342.0,0,1
20260306,002843.SZ,泰嘉股份,10.0,27.93,通用设备,94115,145048.0,2,1
20260306,002849.SZ,威星智能,9.99,19.59,通用设备,130057,130057.0,0,1
20260306,002913.SZ,奥士康,10.0,53.12,元件,111545,111545.0,0,1
20260306,002961.SZ,瑞达期货,10.0,27.18,多元金融,101651,101651.0,0,1
20260306,003023.SZ,彩虹集团,9.99,25.65,小家电,94442,94751.0,3,1
20260306,300323.SZ,华灿光电,16.49,11.94,光学光电,100739,,2,1
20260306,300903.SZ,科翔股份,17.99,37.52,元件,130806,,2,1
20260306,301032.SZ,新柴股份,19.98,15.13,通用设备,104612,104612.0,0,1
20260306,301205.SZ,联特科技,20.0,237.72,通信设备,103254,103530.0,2,1
20260306,301218.SZ,华是科技,20.01,38.51,IT服务Ⅱ,132715,132715.0,0,1
20260306,301265.SZ,华新环保,20.0,19.8,环境治理,110742,132200.0,2,1
20260306,301638.SZ,南网数字,20.0,28.38,IT服务Ⅱ,94109,94109.0,0,1
20260306,600075.SH,新疆天业,9.94,7.19,化学原料,105548,144933.0,3,1
20260306,600108.SH,亚盛集团,9.96,5.52,种植业,101206,131318.0,3,1
20260306,600227.SH,赤天化,10.03,3.29,农化制品,101243,101243.0,0,1
20260306,600319.SH,亚星化学,10.06,8.86,化学原料,131828,131828.0,0,1
20260306,600354.SH,敦煌种业,9.94,7.63,种植业,94903,145418.0,7,1
20260306,600396.SH,华电辽能,9.91,3.66,电力,94049,94413.0,2,1
20260306,600397.SH,江钨装备,10.02,19.99,专用设备,105402,142314.0,7,1
20260306,600470.SH,六国化工,9.99,8.37,农化制品,95204,100428.0,1,1
20260306,600482.SH,中国动力,10.0,39.26,其他电源,100753,101420.0,2,1
20260306,600545.SH,卓郎智能,10.08,4.15,专用设备,93040,141222.0,2,1
20260306,600590.SH,泰豪科技,9.99,16.18,军工电子,93025,93025.0,0,1
20260306,600645.SH,中源协和,10.0,30.9,生物制品,95927,135545.0,7,1
20260306,600676.SH,交运股份,10.03,8.45,汽车服务,95150,95150.0,0,1
20260306,600722.SH,金牛化工,10.0,13.53,化学原料,132717,132932.0,2,1
20260306,600761.SH,安徽合力,10.01,22.52,工程机械,143206,143206.0,0,1
20260306,600821.SH,金开新能,9.97,8.6,电力,93138,93202.0,1,1
20260306,600825.SH,新华传媒,10.0,6.6,出版,93033,100257.0,2,1
20260306,601567.SH,三星医疗,9.99,29.41,电网设备,92503,92503.0,0,1
20260306,601616.SH,广电电气,10.0,6.16,电网设备,93707,93707.0,0,1
20260306,601789.SH,宁波建工,10.02,5.49,房屋建设,130023,135205.0,2,1
20260306,601868.SH,中国能建,9.89,2.89,基础建设,102229,110005.0,2,1
20260306,603063.SH,禾望电气,10.0,31.9,风电设备,104619,110355.0,2,1
20260306,603097.SH,江苏华辰,9.99,41.05,电网设备,101542,101542.0,0,1
20260306,603158.SH,腾龙股份,10.04,10.96,汽车零部件,100640,100640.0,0,1
20260306,603269.SH,海鸥股份,10.0,16.94,通用设备,103004,141622.0,15,1
20260306,603285.SH,键邦股份,9.99,37.76,化学制品,104249,104249.0,0,1
20260306,603316.SH,诚邦股份,10.0,16.94,基础建设,94258,94258.0,0,1
20260306,603716.SH,塞力医疗,10.01,23.18,医药商业,94222,94222.0,0,1
20260306,603778.SH,国晟科技,10.03,17.11,光伏设备,101706,131836.0,1,1
20260306,603880.SH,南卫股份,9.95,6.96,医疗器械,130415,142006.0,1,1
20260306,605268.SH,王力安防,10.02,13.94,家居用品,92502,92502.0,0,1
20260306,605286.SH,同力天启,9.99,42.49,专用设备,93251,94236.0,2,1
20260306,605399.SH,晨光新材,9.98,16.64,化学制品,143051,143051.0,0,1
20260306,688176.SH,亚虹医药-U,20.03,16.78,化学制药,100727,104657.0,1,1
20260306,920375.BJ,派诺科技,18.54,16.88,电网设备,102056,,1,1
20260305,000045.SZ,深纺织Ａ,10.0,13.2,光学光电,94239,94239.0,0,1
20260305,000509.SZ,华塑控股,10.0,3.63,光学光电,93745,93939.0,2,1
20260305,000533.SZ,顺钠股份,10.0,13.53,电网设备,92500,92500.0,0,1
20260305,000536.SZ,华映科技,9.98,4.74,光学光电,94221,94221.0,0,1
20260305,000555.SZ,神州信息,10.01,18.02,IT服务Ⅱ,95703,95703.0,0,1
20260305,000703.SZ,恒逸石化,10.0,13.09,炼化及贸,140624,144027.0,5,1
20260305,000727.SZ,冠捷科技,10.08,2.73,光学光电,93148,93148.0,0,1
20260305,000815.SZ,美利云,10.01,14.83,IT服务Ⅱ,131221,145606.0,8,1
20260305,000920.SZ,沃顿科技,10.01,13.63,塑料,102433,102433.0,0,1
20260305,001267.SZ,汇绿生态,10.0,36.96,基础建设,130833,144900.0,2,1
20260305,002195.SZ,岩山科技,9.98,10.69,IT服务Ⅱ,104212,142239.0,5,1
20260305,002235.SZ,安妮股份,10.05,10.62,造纸,93112,93112.0,0,1
20260305,002339.SZ,积成电子,9.97,12.69,电网设备,93206,101454.0,4,1
20260305,002355.SZ,兴民智通,10.06,7.33,汽车零部件,93315,93315.0,0,1
20260305,002429.SZ,兆驰股份,10.01,10.22,黑色家电,92500,92500.0,0,1
20260305,002449.SZ,国星光电,10.05,8.76,光学光电,93000,93000.0,0,1
20260305,002456.SZ,欧菲光,10.01,9.78,光学光电,95809,100233.0,1,1
20260305,002471.SZ,中超控股,9.98,9.04,电网设备,105603,130351.0,1,1
20260305,002498.SZ,汉缆股份,9.96,8.94,电网设备,93000,93000.0,0,1
20260305,002520.SZ,日发精机,10.08,6.77,通用设备,104915,104915.0,0,1
20260305,002559.SZ,亚威股份,9.98,10.47,通用设备,110909,110909.0,0,1
20260305,002587.SZ,奥拓电子,10.05,7.01,光学光电,93345,94657.0,1,1
20260305,002606.SZ,大连电瓷,9.55,14.0,电网设备,93312,,6,1
20260305,002733.SZ,雄韬股份,10.02,24.48,电池,130124,130124.0,0,1
20260305,002796.SZ,世嘉科技,10.0,57.32,通信设备,95806,142800.0,1,1
20260305,002800.SZ,天顺股份,10.01,23.41,物流,100227,100227.0,0,1
20260305,002845.SZ,同兴达,10.02,15.7,光学光电,93742,93742.0,0,1
20260305,002857.SZ,三晖电气,10.0,23.75,电网设备,95333,101806.0,1,1
20260305,002877.SZ,智能自控,10.0,10.89,通用设备,92500,101645.0,1,1
20260305,002913.SZ,奥士康,10.0,48.29,元件,130757,130757.0,0,1
20260305,002952.SZ,亚世光电,10.0,26.5,光学光电,94436,94612.0,2,1
20260305,002983.SZ,芯瑞达,10.0,25.41,光学光电,93248,93248.0,0,1
20260305,002986.SZ,宇新股份,10.03,16.01,炼化及贸,130412,130412.0,0,1
20260305,003036.SZ,泰坦股份,10.0,18.26,专用设备,93745,93745.0,0,1
20260305,300072.SZ,海新能科,20.0,5.88,化学制品,135200,142851.0,3,1
20260305,300162.SZ,雷曼光电,20.0,9.48,光学光电,93448,93448.0,0,1
20260305,300232.SZ,洲明科技,12.23,8.26,光学光电,103042,,1,1
20260305,300241.SZ,瑞丰光电,19.97,7.39,光学光电,93806,93906.0,1,1
20260305,300265.SZ,通光线缆,20.02,21.46,电网设备,93406,144536.0,8,1
20260305,300269.SZ,联建光电,20.0,8.64,光学光电,93618,93618.0,0,1
20260305,300303.SZ,聚飞光电,20.02,12.53,光学光电,94036,94036.0,0,1
20260305,300323.SZ,华灿光电,20.02,10.25,光学光电,92500,92500.0,0,1
20260305,300389.SZ,艾比森,20.0,20.64,光学光电,94730,94730.0,0,1
20260305,300423.SZ,昇辉科技,15.45,11.58,电网设备,104300,,4,1
20260305,300708.SZ,聚灿光电,20.04,12.52,光学光电,100309,145036.0,11,1
20260305,300895.SZ,铜牛信息,20.01,61.54,IT服务Ⅱ,131451,142342.0,3,1
20260305,600468.SH,百利电气,10.04,8.55,电网设备,103500,103500.0,0,1
20260305,600516.SH,方大炭素,10.08,6.88,冶钢原料,110517,150000.0,7,1
20260305,600545.SH,卓郎智能,9.91,3.77,专用设备,92501,92501.0,0,1
20260305,600550.SH,保变电气,9.37,19.03,电网设备,105933,,3,1
20260305,600590.SH,泰豪科技,10.02,14.71,军工电子,131124,131124.0,0,1
20260305,600666.SH,奥瑞德,9.94,3.98,光学光电,93458,135816.0,1,1
20260305,600703.SH,三安光电,10.03,16.13,光学光电,93001,93001.0,0,1
20260305,600744.SH,华银电力,9.98,9.04,电力,102625,102707.0,1,1
20260305,600800.SH,渤海化学,10.07,4.81,炼化及贸,93927,131242.0,2,1
20260305,600828.SH,茂业商业,9.93,6.53,一般零售,103617,103617.0,0,1
20260305,600844.SH,金煤科技,9.94,3.65,化学原料,111219,111219.0,0,1
20260305,600875.SH,东方电气,10.01,42.21,其他电源,93501,94622.0,1,1
20260305,601179.SH,中国西电,10.02,18.11,电网设备,101000,101000.0,0,1
20260305,601727.SH,上海电气,10.0,9.46,其他电源,95042,95042.0,0,1
20260305,603001.SH,奥康国际,9.99,9.58,服装家纺,135823,135823.0,0,1
20260305,603058.SH,永吉股份,10.01,13.74,包装印刷,111745,111745.0,0,1
20260305,603067.SH,振华股份,10.0,45.87,化学原料,134014,140259.0,2,1
20260305,603337.SH,杰克科技,9.99,44.14,专用设备,133146,133146.0,0,1
20260305,603688.SH,石英股份,10.0,53.04,非金属材,93155,93234.0,1,1
20260305,603773.SH,沃格光电,10.01,39.67,光学光电,93616,93616.0,0,1
20260305,605098.SH,行动教育,10.0,51.26,教育,95501,95501.0,0,1
20260305,605268.SH,王力安防,9.98,12.67,家居用品,92502,92502.0,0,1
20260305,605298.SH,必得科技,10.0,49.81,轨交设备,131116,131116.0,0,1
20260305,688031.SH,星环科技-U,20.0,223.21,软件开发,143901,144546.0,3,1
20260305,688055.SH,龙腾光电,20.06,4.25,光学光电,94122,145037.0,4,1
20260305,688079.SH,美迪凯,19.97,13.82,光学光电,101543,101543.0,0,1
20260305,688809.SH,强一股份,17.52,387.9,半导体,100709,,2,1
20260305,920001.BJ,纬达光电,29.98,21.33,光学光电,93633,93633.0,0,1
20260305,920339.BJ,恒太照明,14.62,10.35,照明设备,95157,,1,1
20260304,000010.SZ,美丽生态,9.95,4.42,基础建设,101054,111000.0,5,1
20260304,000525.SZ,红太阳,9.98,6.83,农化制品,130300,132339.0,1,1
20260304,000533.SZ,顺钠股份,10.02,12.3,电网设备,93136,93336.0,2,1
20260304,000862.SZ,银星能源,10.04,7.34,电力,133539,133539.0,0,1
20260304,000890.SZ,法尔胜,10.05,8.87,环保设备,101933,144457.0,3,1
20260304,001282.SZ,三联锻造,10.0,25.3,汽车零部件,131357,131357.0,0,1
20260304,001309.SZ,德明利,10.0,251.57,半导体,93606,130809.0,16,1
20260304,001396.SZ,誉帆科技,9.99,54.81,基础建设,101642,101642.0,0,1
20260304,002162.SZ,悦心健康,9.95,6.08,家居用品,102545,102545.0,0,1
20260304,002167.SZ,东方锆业,9.99,16.07,小金属,101427,101427.0,0,1
20260304,002178.SZ,延华智能,10.05,6.68,软件开发,132539,132703.0,1,1
20260304,002207.SZ,准油股份,10.03,15.03,油服工程,142630,144430.0,3,1
20260304,002246.SZ,北化股份,9.64,24.11,化学制品,95021,,4,1
20260304,002272.SZ,川润股份,10.03,21.07,通用设备,93315,134742.0,3,1
20260304,002339.SZ,积成电子,10.01,11.54,电网设备,93618,93618.0,0,1
20260304,002357.SZ,富临运业,10.01,16.04,铁路公路,105357,105357.0,0,1
20260304,002389.SZ,航天彩虹,10.02,28.77,航空装备,102809,105406.0,1,1
20260304,002490.SZ,山东墨龙,10.05,11.72,专用设备,92500,93933.0,2,1
20260304,002498.SZ,汉缆股份,10.01,8.13,电网设备,93824,112236.0,4,1
20260304,002877.SZ,智能自控,10.0,9.9,通用设备,130324,131000.0,2,1
20260304,002885.SZ,京泉华,9.99,31.92,其他电子,132224,132224.0,0,1
20260304,300265.SZ,通光线缆,20.0,17.88,电网设备,95103,95103.0,0,1
20260304,300617.SZ,安靠智电,20.0,64.81,电网设备,93954,133936.0,7,1
20260304,300880.SZ,迦南智能,20.0,23.22,电网设备,134654,134654.0,0,1
20260304,301129.SZ,瑞纳智能,19.99,29.23,通用设备,131445,131445.0,0,1
20260304,301373.SZ,凌玮科技,20.0,49.61,化学制品,100121,100121.0,0,1
20260304,600108.SH,亚盛集团,9.98,5.29,种植业,95902,95932.0,1,1
20260304,600149.SH,廊坊发展,9.94,6.97,电力,144906,144906.0,0,1
20260304,600236.SH,桂冠电力,10.04,10.85,电力,141236,144739.0,1,1
20260304,600313.SH,农发种业,10.0,9.24,种植业,95202,104756.0,3,1
20260304,600545.SH,卓郎智能,9.94,3.43,专用设备,93526,131556.0,4,1
20260304,600759.SH,洲际油气,9.99,8.26,油气开采,92501,134234.0,2,1
20260304,600821.SH,金开新能,10.07,7.87,电力,93828,133419.0,3,1
20260304,600871.SH,石化油服,10.05,4.27,油服工程,92501,150000.0,2,1
20260304,600875.SH,东方电气,9.07,38.37,其他电源,101347,,2,1
20260304,601096.SH,宏盛华源,9.98,6.28,专业工程,100806,134830.0,1,1
20260304,603045.SH,福达合金,10.01,32.41,金属新材,144207,144207.0,0,1
20260304,603175.SH,超颖电子,10.0,79.64,元件,100822,100822.0,0,1
20260304,603316.SH,诚邦股份,9.99,14.53,基础建设,133637,133637.0,0,1
20260304,603318.SH,水发燃气,10.0,10.67,燃气Ⅱ,92502,141435.0,6,1
20260304,603530.SH,神马电力,10.0,67.21,电网设备,95749,131902.0,1,1
20260304,603608.SH,天创时尚,9.69,12.23,服装家纺,134149,,2,1
20260304,603618.SH,杭电股份,9.99,20.59,电网设备,134024,134024.0,0,1
20260304,605196.SH,华通线缆,10.0,54.34,电网设备,100041,143508.0,4,1
20260304,605268.SH,王力安防,10.03,11.52,家居用品,95406,95406.0,0,1
20260304,688176.SH,亚虹医药-U,20.02,13.67,化学制药,133326,133730.0,1,1
20260304,688525.SH,佰维存储,20.0,175.99,半导体,92503,93239.0,1,1
20260303,000096.SZ,广聚能源,10.03,13.27,炼化及贸,130136,145312.0,3,1
20260303,000301.SZ,东方盛虹,10.04,14.58,炼化及贸,133630,140633.0,1,1
20260303,000407.SZ,胜利股份,9.94,5.86,燃气Ⅱ,92500,92500.0,0,1
20260303,000421.SZ,南京公用,9.96,7.73,综合Ⅱ,131054,131054.0,0,1
20260303,000554.SZ,泰山石油,10.04,10.85,炼化及贸,92500,93115.0,1,1
20260303,000968.SZ,蓝焰控股,10.04,10.41,油气开采,93000,95012.0,9,1
20260303,001269.SZ,欧晶科技,10.02,26.03,光伏设备,93200,93200.0,0,1
20260303,001299.SZ,美能能源,10.03,15.47,燃气Ⅱ,94927,94927.0,0,1
20260303,002040.SZ,南 京 港,10.03,13.17,航运港口,95433,145609.0,8,1
20260303,002207.SZ,准油股份,9.98,13.66,油服工程,92500,92500.0,0,1
20260303,002267.SZ,陕天然气,9.98,9.04,燃气Ⅱ,130039,130039.0,0,1
20260303,002350.SZ,北京科锐,10.01,13.08,电网设备,105915,105915.0,0,1
20260303,002490.SZ,山东墨龙,10.02,10.65,专用设备,92500,92500.0,0,1
20260303,002491.SZ,通鼎互联,9.98,12.23,通信设备,93842,150000.0,16,1
20260303,002506.SZ,协鑫集成,10.02,5.16,光伏设备,93112,100057.0,2,1
20260303,002554.SZ,惠博普,10.09,5.13,油服工程,95939,142654.0,15,1
20260303,002629.SZ,仁智股份,10.04,8.11,油服工程,95545,145400.0,12,1
20260303,002682.SZ,龙洲股份,10.04,7.67,物流,100230,102827.0,1,1
20260303,002700.SZ,万憬能源,9.95,8.18,燃气Ⅱ,132357,145403.0,2,1
20260303,002828.SZ,贝肯能源,10.01,16.37,油服工程,93027,93312.0,3,1
20260303,002911.SZ,佛燃能源,10.03,17.77,燃气Ⅱ,100624,145600.0,7,1
20260303,002952.SZ,亚世光电,10.0,24.43,光学光电,94536,94536.0,0,1
20260303,002957.SZ,科瑞技术,10.0,31.67,自动化设,93000,140554.0,3,1
20260303,002980.SZ,华盛昌,10.01,35.06,电网设备,92500,145154.0,11,1
20260303,300157.SZ,新锦动力,20.02,10.07,通用设备,133233,133233.0,0,1
20260303,300164.SZ,通源石油,20.02,21.7,油服工程,95139,95339.0,2,1
20260303,300191.SZ,潜能恒信,20.01,53.08,油服工程,103254,131424.0,10,1
20260303,300332.SZ,天壕能源,20.07,7.24,燃气Ⅱ,102806,102806.0,0,1
20260303,300483.SZ,首华燃气,19.99,25.03,燃气Ⅱ,111148,144039.0,6,1
20260303,300839.SZ,博汇股份,20.03,17.2,炼化及贸,145324,145324.0,0,1
20260303,301158.SZ,德石股份,20.0,37.44,专用设备,133939,142406.0,8,1
20260303,301302.SZ,华如科技,19.99,35.66,军工电子,93115,95254.0,1,1
20260303,301658.SZ,首航新能,13.49,36.09,光伏设备,93112,,4,1
20260303,600026.SH,中远海能,9.98,24.9,航运港口,95421,95603.0,2,1
20260303,600028.SH,中国石化,9.99,7.82,炼化及贸,130059,142738.0,11,1
20260303,600108.SH,亚盛集团,10.07,4.81,种植业,93155,144540.0,15,1
20260303,600256.SH,广汇能源,10.05,7.12,炼化及贸,112655,145055.0,3,1
20260303,600333.SH,长春燃气,9.97,6.51,燃气Ⅱ,100353,144150.0,2,1
20260303,600339.SH,中油工程,10.09,5.13,油服工程,93340,93340.0,0,1
20260303,600367.SH,红星发展,10.02,25.91,化学原料,130131,145634.0,5,1
20260303,600403.SH,大有能源,10.06,7.88,煤炭开采,132458,145001.0,1,1
20260303,600428.SH,中远海特,9.8,9.3,航运港口,132903,,4,1
20260303,600583.SH,海油工程,9.96,8.72,油服工程,103030,145503.0,15,1
20260303,600617.SH,国新能源,10.12,3.7,燃气Ⅱ,93232,93305.0,1,1
20260303,600635.SH,大众公用,10.03,6.91,燃气Ⅱ,95949,101519.0,2,1
20260303,600681.SH,百川能源,9.93,4.76,燃气Ⅱ,93838,93838.0,0,1
20260303,600688.SH,上海石化,10.03,3.84,炼化及贸,100113,143328.0,14,1
20260303,600714.SH,金瑞矿业,10.02,21.74,化学原料,92502,93341.0,2,1
20260303,600722.SH,金牛化工,9.98,11.35,化学原料,92502,92502.0,0,1
20260303,600759.SH,洲际油气,9.96,7.51,油气开采,92501,92501.0,0,1
20260303,600792.SH,云煤能源,9.72,5.42,焦炭Ⅱ,133954,,1,1
20260303,600798.SH,宁波海运,9.95,4.64,航运港口,95009,95009.0,0,1
20260303,600803.SH,新奥股份,10.02,24.05,燃气Ⅱ,145528,,1,1
20260303,600871.SH,石化油服,9.92,3.88,油服工程,92502,92502.0,0,1
20260303,600903.SH,贵州燃气,10.0,7.7,燃气Ⅱ,100102,144553.0,7,1
20260303,600917.SH,重庆燃气,9.93,6.42,燃气Ⅱ,130142,144827.0,12,1
20260303,600938.SH,中国海油,10.01,43.41,油气开采,110401,143258.0,13,1
20260303,600968.SH,海油发展,9.92,5.54,油服工程,94313,94702.0,3,1
20260303,601015.SH,陕西黑猫,10.06,5.69,焦炭Ⅱ,130149,130149.0,0,1
20260303,601022.SH,宁波远洋,9.98,11.24,航运港口,112750,112750.0,0,1
20260303,601083.SH,锦江航运,10.02,13.73,航运港口,131144,150000.0,2,1
20260303,601139.SH,深圳燃气,10.07,7.87,燃气Ⅱ,130831,144558.0,7,1
20260303,601808.SH,中海油服,10.02,20.42,油服工程,95338,95338.0,0,1
20260303,601857.SH,中国石油,10.04,13.15,炼化及贸,103935,105920.0,1,1
20260303,601866.SH,中远海发,10.17,3.25,航运港口,131042,144327.0,3,1
20260303,601872.SH,招商轮船,10.02,19.65,航运港口,112455,145255.0,6,1
20260303,601975.SH,招商南油,9.96,4.97,航运港口,92500,94037.0,2,1
20260303,603053.SH,成都燃气,10.0,11.33,燃气Ⅱ,130256,145414.0,4,1
20260303,603080.SH,新疆火炬,10.02,27.57,燃气Ⅱ,131452,145501.0,1,1
20260303,603139.SH,康惠股份,10.01,28.13,中药Ⅱ,110709,110709.0,0,1
20260303,603318.SH,水发燃气,9.98,9.7,燃气Ⅱ,92503,92503.0,0,1
20260303,603353.SH,和顺石油,9.99,50.97,炼化及贸,93208,102308.0,9,1
20260303,603393.SH,新天然气,9.39,41.0,燃气Ⅱ,112700,,11,1
20260303,603616.SH,韩建河山,9.96,8.17,水泥,93629,93629.0,0,1
20260303,603619.SH,中曼石油,10.0,43.99,油服工程,93019,93246.0,2,1
20260303,603689.SH,皖天然气,10.01,9.56,燃气Ⅱ,130135,143902.0,15,1
20260303,603706.SH,东方环宇,10.01,23.96,燃气Ⅱ,131936,131936.0,0,1
20260303,603727.SH,博迈科,9.99,21.79,油服工程,111210,144358.0,11,1
20260303,603778.SH,国晟科技,10.0,15.51,光伏设备,93616,144243.0,12,1
20260303,605169.SH,洪通燃气,10.02,15.37,燃气Ⅱ,93520,93520.0,0,1
20260303,605368.SH,蓝天燃气,10.06,9.41,燃气Ⅱ,130341,142853.0,10,1
20260303,688717.SH,艾罗能源,12.96,125.39,其他电源,93154,,5,1
20260303,920010.BJ,凯添燃气,29.95,17.53,燃气Ⅱ,112024,112024.0,0,1
20260303,920014.BJ,特瑞斯,30.0,17.81,燃气Ⅱ,130145,132012.0,3,1
20260303,920088.BJ,科力股份,30.0,89.18,油服工程,103936,103936.0,0,1
20260303,920158.BJ,长江能科,30.0,23.79,专用设备,134003,145539.0,18,1
20260303,920260.BJ,中寰股份,29.96,15.4,通用设备,150000,150000.0,0,1
20260303,920571.BJ,国航远洋,29.94,16.23,航运港口,142351,144445.0,2,1
20260302,000035.SZ,中国天楹,9.99,7.71,环境治理,92500,144845.0,1,1
20260302,000070.SZ,特发信息,10.02,19.66,通信设备,93206,93424.0,1,1
20260302,000096.SZ,广聚能源,10.04,12.06,炼化及贸,130621,130621.0,0,1
20260302,000506.SZ,招金黄金,10.0,22.33,贵金属,143109,143109.0,0,1
20260302,000510.SZ,新金路,10.0,22.45,化学原料,94009,102648.0,7,1
20260302,000554.SZ,泰山石油,10.04,9.86,炼化及贸,92500,93430.0,1,1
20260302,000637.SZ,茂化实华,9.94,5.42,炼化及贸,103500,103500.0,0,1
20260302,000731.SZ,四川美丰,9.0,8.6,农化制品,93018,,8,1
20260302,000890.SZ,法尔胜,10.05,8.43,环保设备,94327,104542.0,3,1
20260302,000912.SZ,泸天化,10.08,5.35,农化制品,94818,94818.0,0,1
20260302,000960.SZ,锡业股份,10.01,48.8,小金属,134627,145339.0,9,1
20260302,000968.SZ,蓝焰控股,10.0,9.46,油气开采,102439,102439.0,0,1
20260302,001267.SZ,汇绿生态,10.0,33.55,基础建设,100048,103833.0,3,1
20260302,001337.SZ,四川黄金,10.01,55.74,贵金属,135409,135409.0,0,1
20260302,001400.SZ,江顺科技,10.0,133.45,专用设备,100445,100445.0,0,1
20260302,002040.SZ,南 京 港,10.02,11.97,航运港口,101842,103215.0,2,1
20260302,002109.SZ,兴化股份,10.0,4.84,化学原料,92500,93742.0,1,1
20260302,002155.SZ,湖南黄金,10.0,41.47,贵金属,141951,141951.0,0,1
20260302,002207.SZ,准油股份,10.01,12.42,油服工程,92500,92500.0,0,1
20260302,002356.SZ,赫美集团,9.95,4.64,一般零售,100142,100142.0,0,1
20260302,002380.SZ,科远智慧,10.0,35.74,IT服务Ⅱ,100300,100300.0,0,1
20260302,002389.SZ,航天彩虹,9.99,26.54,航空装备,94427,140012.0,1,1
20260302,002413.SZ,雷科防务,10.02,16.36,军工电子,93800,93800.0,0,1
20260302,002432.SZ,九安医疗,10.0,48.83,医疗器械,133054,142948.0,1,1
20260302,002490.SZ,山东墨龙,10.0,9.68,专用设备,92500,93148.0,1,1
20260302,002536.SZ,飞龙股份,10.0,34.65,汽车零部件,94254,112418.0,2,1
20260302,002545.SZ,东方铁塔,9.99,29.96,农化制品,135306,135306.0,0,1
20260302,002554.SZ,惠博普,9.91,4.66,油服工程,105645,105645.0,0,1
20260302,002629.SZ,仁智股份,10.0,7.37,油服工程,112842,112842.0,0,1
20260302,002667.SZ,威领股份,9.99,23.35,专用设备,94912,94912.0,0,1
20260302,002828.SZ,贝肯能源,9.98,14.88,油服工程,93000,93818.0,1,1
20260302,002842.SZ,翔鹭钨业,10.01,45.72,小金属,94621,131330.0,7,1
20260302,002843.SZ,泰嘉股份,10.01,27.8,通用设备,93027,93027.0,0,1
20260302,002980.SZ,华盛昌,10.01,31.87,电网设备,92500,92500.0,0,1
20260302,003009.SZ,中天火箭,10.0,75.13,航天装备,100212,101415.0,1,1
20260302,300084.SZ,海默科技,19.98,13.45,专用设备,145324,145324.0,0,1
20260302,300139.SZ,晓程科技,20.01,79.78,贵金属,141512,141824.0,2,1
20260302,300157.SZ,新锦动力,20.03,8.39,通用设备,130500,130500.0,0,1
20260302,300164.SZ,通源石油,19.97,18.08,油服工程,92500,93857.0,4,1
20260302,300191.SZ,潜能恒信,19.99,44.23,油服工程,103300,103300.0,0,1
20260302,300731.SZ,科创新源,15.02,79.86,橡胶,104000,,2,1
20260302,300911.SZ,亿田智能,16.52,48.46,厨卫电器,93239,,4,1
20260302,300936.SZ,中英科技,12.36,50.0,元件,103212,,1,1
20260302,301158.SZ,德石股份,20.0,31.2,专用设备,110503,110503.0,0,1
20260302,301213.SZ,观想科技,20.01,90.1,军工电子,94315,94315.0,0,1
20260302,301302.SZ,华如科技,19.98,29.72,军工电子,92500,92500.0,0,1
20260302,301338.SZ,凯格精机,20.0,179.65,专用设备,94536,103621.0,3,1
20260302,301362.SZ,民爆光电,15.66,111.02,照明设备,105106,,4,1
20260302,600026.SH,中远海能,10.01,22.64,航运港口,92504,135310.0,2,1
20260302,600108.SH,亚盛集团,10.08,4.37,种植业,92502,92502.0,0,1
20260302,600118.SH,中国卫星,9.26,100.17,航天装备,95656,,1,1
20260302,600227.SH,赤天化,10.07,3.17,农化制品,94724,94724.0,0,1
20260302,600236.SH,桂冠电力,10.01,9.78,电力,102851,130809.0,1,1
20260302,600256.SH,广汇能源,10.03,6.47,炼化及贸,132918,140942.0,1,1
20260302,600259.SH,中稀有色,10.0,112.29,小金属,144726,145223.0,1,1
20260302,600301.SH,华锡有色,10.01,71.24,小金属,93426,94620.0,5,1
20260302,600339.SH,中油工程,9.91,4.66,油服工程,92502,104432.0,2,1
20260302,600367.SH,红星发展,10.0,23.55,化学原料,92503,93803.0,2,1
20260302,600435.SH,北方导航,10.03,18.87,地面兵装,143647,143647.0,0,1
20260302,600452.SH,涪陵电力,10.02,14.61,电力,93034,94310.0,4,1
20260302,600498.SH,烽火通信,10.01,56.71,通信设备,93229,93229.0,0,1
20260302,600547.SH,山东黄金,9.98,52.03,贵金属,145226,,3,1
20260302,600583.SH,海油工程,9.99,7.93,油服工程,110229,110644.0,2,1
20260302,600688.SH,上海石化,10.09,3.49,炼化及贸,130440,130440.0,0,1
20260302,600714.SH,金瑞矿业,10.02,19.76,化学原料,92503,92503.0,0,1
20260302,600722.SH,金牛化工,10.02,10.32,化学原料,92502,92502.0,0,1
20260302,600759.SH,洲际油气,9.98,6.83,油气开采,92502,92502.0,0,1
20260302,600871.SH,石化油服,9.97,3.53,油服工程,92502,93917.0,3,1
20260302,600938.SH,中国海油,10.01,39.46,油气开采,112011,112011.0,0,1
20260302,600961.SH,株冶集团,9.06,26.01,工业金属,143736,,2,1
20260302,600968.SH,海油发展,10.04,5.04,油服工程,104942,104942.0,0,1
20260302,600988.SH,赤峰黄金,9.99,43.91,贵金属,143230,145300.0,2,1
20260302,600989.SH,宝丰能源,9.99,26.32,化学原料,112010,144640.0,13,1
20260302,601069.SH,西部黄金,10.01,39.89,贵金属,134813,134813.0,0,1
20260302,601808.SH,中海油服,10.02,18.56,油服工程,92504,133916.0,5,1
20260302,601857.SH,中国石油,10.04,11.95,炼化及贸,132636,141157.0,16,1
20260302,601872.SH,招商轮船,9.98,17.86,航运港口,142819,142819.0,0,1
20260302,601898.SH,中煤能源,9.1,16.55,煤炭开采,131838,,1,1
20260302,601975.SH,招商南油,9.98,4.52,航运港口,92501,112201.0,1,1
20260302,603011.SH,合锻智能,10.0,28.28,专用设备,131733,131733.0,0,1
20260302,603083.SH,剑桥科技,10.0,113.74,通信设备,131943,145328.0,3,1
20260302,603115.SH,海星股份,10.0,30.91,工业金属,130025,130025.0,0,1
20260302,603257.SH,中国瑞林,10.0,73.07,工程咨询,131836,135918.0,9,1
20260302,603318.SH,水发燃气,9.98,8.82,燃气Ⅱ,93209,111215.0,1,1
20260302,603353.SH,和顺石油,9.99,46.34,炼化及贸,93031,130701.0,3,1
20260302,603393.SH,新天然气,10.01,37.48,燃气Ⅱ,142540,145104.0,7,1
20260302,603488.SH,展鹏科技,9.98,10.91,专用设备,92505,92505.0,0,1
20260302,603619.SH,中曼石油,10.01,39.99,油服工程,92502,94747.0,2,1
20260302,603629.SH,利通电子,10.0,64.37,消费电子,100853,134426.0,1,1
20260302,603727.SH,博迈科,9.99,19.81,油服工程,110256,110256.0,0,1
20260302,603738.SH,泰晶科技,10.01,23.96,元件,130606,131603.0,5,1
20260302,603861.SH,白云电器,9.98,20.49,电网设备,132333,132333.0,0,1
20260302,603897.SH,长城科技,9.99,33.7,电网设备,94051,102115.0,5,1
20260302,603950.SH,长源东谷,10.0,48.96,汽车零部件,141755,141755.0,0,1
20260302,605117.SH,德业股份,10.0,114.95,光伏设备,143019,145628.0,4,1
20260302,688297.SH,中无人机,19.71,59.7,航空装备,100049,,1,1
20260302,688307.SH,中润光学,19.99,60.02,计算机设,143151,143151.0,0,1
20260302,920088.BJ,科力股份,30.0,68.6,油服工程,110150,110150.0,0,1
20260227,000035.SZ,中国天楹,10.05,7.01,环境治理,92500,94312.0,1,1
20260227,000510.SZ,新金路,10.03,20.41,化学原料,111321,133042.0,2,1
20260227,000593.SZ,德龙汇能,9.99,15.74,燃气Ⅱ,132603,132603.0,0,1
20260227,000628.SZ,高新发展,10.0,57.31,房屋建设,110009,110009.0,0,1
20260227,000657.SZ,中钨高新,10.0,66.22,小金属,133048,133048.0,0,1
20260227,000731.SZ,四川美丰,10.04,7.89,农化制品,132342,133803.0,2,1
20260227,000751.SZ,锌业股份,9.05,7.11,工业金属,95133,,1,1
20260227,000899.SZ,赣能股份,10.02,14.61,电力,93015,93015.0,0,1
20260227,000960.SZ,锡业股份,9.99,44.36,小金属,134121,134454.0,2,1
20260227,000993.SZ,闽东电力,9.98,14.43,电力,130957,130957.0,0,1
20260227,001209.SZ,洪兴股份,10.01,32.52,服装家纺,102039,102039.0,0,1
20260227,001216.SZ,华瓷股份,10.01,20.66,家居用品,145239,145239.0,0,1
20260227,001896.SZ,豫能控股,9.98,13.34,电力,93054,93536.0,3,1
20260227,002015.SZ,协鑫能科,10.02,14.16,电力,111427,111427.0,0,1
20260227,002046.SZ,国机精工,10.0,52.57,通用设备,135939,135939.0,0,1
20260227,002155.SZ,湖南黄金,10.01,37.7,贵金属,135612,142745.0,2,1
20260227,002167.SZ,东方锆业,10.03,15.58,小金属,101639,101639.0,0,1
20260227,002177.SZ,御银股份,9.99,9.69,计算机设,93300,100133.0,3,1
20260227,002182.SZ,宝武镁业,9.99,21.79,小金属,94224,94224.0,0,1
20260227,002216.SZ,三全食品,10.0,12.76,食品加工,93603,93603.0,0,1
20260227,002261.SZ,拓维信息,10.0,36.52,软件开发,93409,93409.0,0,1
20260227,002350.SZ,北京科锐,10.0,12.32,电网设备,93009,93009.0,0,1
20260227,002356.SZ,赫美集团,9.9,4.22,一般零售,111330,111330.0,0,1
20260227,002378.SZ,章源钨业,10.0,40.6,小金属,93636,93636.0,0,1
20260227,002394.SZ,联发股份,9.97,15.66,纺织制造,102315,102315.0,0,1
20260227,002470.SZ,金正大,9.93,3.1,农化制品,93030,145309.0,4,1
20260227,002628.SZ,成都路桥,10.02,5.27,基础建设,111354,111354.0,0,1
20260227,002633.SZ,申科股份,10.01,19.35,通用设备,95939,95939.0,0,1
20260227,002655.SZ,共达电声,10.03,17.12,消费电子,110851,110851.0,0,1
20260227,002734.SZ,利民股份,9.98,22.48,农化制品,132651,145636.0,1,1
20260227,002756.SZ,永兴材料,10.0,64.9,能源金属,135003,141830.0,2,1
20260227,002842.SZ,翔鹭钨业,10.01,41.56,小金属,93239,93651.0,4,1
20260227,002843.SZ,泰嘉股份,10.01,25.27,通用设备,92500,92500.0,0,1
20260227,002865.SZ,钧达股份,10.0,92.94,光伏设备,93415,100736.0,2,1
20260227,002973.SZ,侨银股份,10.02,15.59,环境治理,130542,130542.0,0,1
20260227,002980.SZ,华盛昌,9.98,28.97,电网设备,94427,94427.0,0,1
20260227,003018.SZ,金富科技,10.02,26.57,包装印刷,104103,104103.0,0,1
20260227,003035.SZ,南网能源,10.04,8.22,电力,130415,130415.0,0,1
20260227,300317.SZ,珈伟新能,19.91,5.36,电力,130309,130309.0,0,1
20260227,300830.SZ,金现代,20.0,14.88,软件开发,93651,93651.0,0,1
20260227,301226.SZ,祥明智能,20.0,41.82,电机Ⅱ,143800,143800.0,0,1
20260227,600108.SH,亚盛集团,9.97,3.97,种植业,101143,102643.0,1,1
20260227,600126.SH,杭钢股份,9.96,9.94,普钢,94758,95258.0,1,1
20260227,600230.SH,沧州大化,10.0,24.76,化学制品,142618,142618.0,0,1
20260227,600259.SH,中稀有色,10.0,102.08,小金属,104619,111525.0,10,1
20260227,600301.SH,华锡有色,10.01,64.76,小金属,142851,142851.0,0,1
20260227,600397.SH,江钨装备,10.02,21.53,专用设备,102002,102936.0,3,1
20260227,600452.SH,涪陵电力,10.02,13.28,电力,130429,141808.0,7,1
20260227,600456.SH,宝钛股份,10.0,44.35,小金属,94931,142755.0,3,1
20260227,600459.SH,贵研铂业,10.0,25.85,小金属,132421,135654.0,1,1
20260227,600498.SH,烽火通信,10.01,51.55,通信设备,103016,133110.0,6,1
20260227,600549.SH,厦门钨业,10.0,70.15,小金属,132354,132354.0,0,1
20260227,600725.SH,云维股份,10.0,5.39,综合Ⅱ,93910,93910.0,0,1
20260227,600744.SH,华银电力,9.97,7.94,电力,93154,93721.0,3,1
20260227,600821.SH,金开新能,9.97,7.39,电力,104110,111934.0,3,1
20260227,601958.SH,金钼股份,10.0,24.53,小金属,133338,141053.0,3,1
20260227,603093.SH,南华期货,10.02,19.66,多元金融,103522,103522.0,0,1
20260227,603117.SH,万林物流,9.96,5.96,物流,111548,111548.0,0,1
20260227,603217.SH,元利科技,10.02,28.33,化学制品,141102,141102.0,0,1
20260227,603226.SH,菲林格尔,9.99,31.82,家居用品,130029,130029.0,0,1
20260227,603232.SH,格尔软件,10.01,26.05,软件开发,92500,92500.0,0,1
20260227,603257.SH,中国瑞林,10.0,66.43,工程咨询,141010,141010.0,0,1
20260227,603318.SH,水发燃气,10.01,8.02,燃气Ⅱ,132855,143804.0,3,1
20260227,603353.SH,和顺石油,10.0,42.13,炼化及贸,102218,102218.0,0,1
20260227,603381.SH,永臻股份,9.99,29.5,光伏设备,100504,100504.0,0,1
20260227,603530.SH,神马电力,10.0,60.17,电网设备,93143,94737.0,2,1
20260227,603578.SH,三星新材,9.98,15.98,家电零部,141434,141434.0,0,1
20260227,603618.SH,杭电股份,10.0,18.15,电网设备,104214,145359.0,4,1
20260227,603629.SH,利通电子,10.0,58.52,消费电子,104700,133233.0,6,1
20260227,603738.SH,泰晶科技,10.0,21.78,元件,133834,143852.0,4,1
20260227,603897.SH,长城科技,10.02,30.64,电网设备,135152,140722.0,4,1
20260227,603950.SH,长源东谷,10.01,44.51,汽车零部件,93029,93029.0,0,1
20260227,605398.SH,新炬网络,10.01,33.41,IT服务Ⅱ,93407,93407.0,0,1
20260227,688028.SH,沃尔德,20.0,114.13,通用设备,130229,133050.0,13,1
20260227,688118.SH,普元信息,20.01,35.5,软件开发,93431,93431.0,0,1
20260227,688343.SH,云天励飞-U,20.0,110.26,IT服务Ⅱ,105528,144219.0,14,1
