ts_code,trade_date,name,leading,leading_code,pct_change,leading_pct,total_mv,turnover_rate,up_num,down_num,idx_type,level
BK1627.DC,20260326,综合Ⅲ,南京新百,600682.SH,-0.5,9.97,20969799.7,1.82,4,14,行业板块,东财三级行业
BK1626.DC,20260326,稀土,盛和资源,600392.SH,-3.27,-3.02,27987952.0,2.13,0,4,行业板块,东财三级行业
BK1625.DC,20260326,钨,厦门钨业,600549.SH,-3.53,-1.46,24525291.3,5.65,0,4,行业板块,东财三级行业
BK1624.DC,20260326,其他小金属,西部材料,002149.SZ,-1.63,10.0,41637747.2,4.23,1,14,行业板块,东财三级行业
BK1623.DC,20260326,钼,金钼股份,601958.SH,-2.51,-2.51,7317813.3,0.81,0,1,行业板块,东财三级行业
BK1622.DC,20260326,镍,华友钴业,603799.SH,-1.47,-1.47,11033263.8,2.85,0,1,行业板块,东财三级行业
BK1621.DC,20260326,锂,融捷股份,002192.SZ,4.35,10.01,40736987.2,6.22,8,0,行业板块,东财三级行业
BK1620.DC,20260326,钴,寒锐钴业,300618.SZ,-0.73,0.17,3049135.0,2.43,1,1,行业板块,东财三级行业
BK1619.DC,20260326,其他金属新材料,天力复合,920576.BJ,-1.26,7.12,19748720.6,1.99,4,16,行业板块,东财三级行业
BK1618.DC,20260326,磁性材料,龙磁科技,300835.SZ,-1.85,-0.93,16678575.7,1.64,0,14,行业板块,东财三级行业
BK1617.DC,20260326,黄金,中金黄金,600489.SH,-3.02,-1.88,58254963.2,2.01,0,10,行业板块,东财三级行业
BK1616.DC,20260326,白银,盛达资源,000603.SZ,-2.63,-1.4,12850820.8,4.32,0,3,行业板块,东财三级行业
BK1615.DC,20260326,铜,海亮股份,002203.SZ,-1.57,6.18,181312044.8,1.74,2,15,行业板块,东财三级行业
BK1614.DC,20260326,铅锌,国城矿业,000688.SZ,-1.17,4.72,22336535.0,2.25,2,9,行业板块,东财三级行业
BK1613.DC,20260326,铝,丽岛新材,603937.SH,-0.74,9.98,106775435.2,1.71,7,23,行业板块,东财三级行业
BK1612.DC,20260326,农商行Ⅲ,渝农商行,601077.SH,0.72,1.71,27549368.0,1.0,9,1,行业板块,东财三级行业
BK1611.DC,20260326,国有大型银行Ⅲ,工商银行,601398.SH,0.43,1.09,1041023820.8,0.12,5,1,行业板块,东财三级行业
BK1610.DC,20260326,股份制银行Ⅲ,中信银行,601998.SH,0.1,1.33,297295467.2,0.35,3,3,行业板块,东财三级行业
BK1609.DC,20260326,城商行Ⅲ,齐鲁银行,601665.SH,-0.03,0.87,125398249.6,0.6,9,5,行业板块,东财三级行业
BK1608.DC,20260326,中药Ⅲ,嘉应制药,002198.SZ,-0.96,1.05,82196264.0,1.16,9,57,行业板块,东财三级行业
BK1607.DC,20260326,医药流通,国药一致,000028.SZ,-1.38,0.04,24466741.2,0.99,1,22,行业板块,东财三级行业
BK1606.DC,20260326,线下药店,老百姓,603883.SH,-0.96,0.23,8385355.6,0.89,1,7,行业板块,东财三级行业
BK1605.DC,20260326,医疗设备,中科美菱,920992.BJ,-1.82,3.54,59650756.8,1.47,3,39,行业板块,东财三级行业
BK1604.DC,20260326,医疗耗材,康拓医疗,688314.SH,-1.73,4.88,44794185.6,1.51,8,45,行业板块,东财三级行业
BK1603.DC,20260326,体外诊断,爱威科技,688067.SH,-1.95,-0.68,25852848.4,1.91,0,40,行业板块,东财三级行业
BK1602.DC,20260326,诊断服务,兰卫医学,301060.SZ,-2.19,-1.33,4670329.3,2.0,0,5,行业板块,东财三级行业
BK1601.DC,20260326,医院,新里程,002219.SZ,-0.87,7.3,21649344.0,3.4,3,11,行业板块,东财三级行业
BK1600.DC,20260326,医疗研发外包,百诚医药,301096.SZ,-0.6,2.82,61338305.6,1.95,12,17,行业板块,东财三级行业
BK1599.DC,20260326,其他医疗服务,*ST生物,000504.SZ,-2.81,-1.11,2422724.3,1.85,0,5,行业板块,东财三级行业
BK1598.DC,20260326,疫苗,欧林生物,688319.SH,-1.37,0.25,22890206.6,0.87,1,13,行业板块,东财三级行业
BK1597.DC,20260326,血液制品,上海莱士,002252.SZ,-1.11,-0.51,10083814.4,0.48,0,6,行业板块,东财三级行业
BK1596.DC,20260326,其他生物制品,赛伦生物,688163.SH,-0.97,2.33,61015217.6,1.33,9,29,行业板块,东财三级行业
BK1595.DC,20260326,原料药,海森药业,001367.SZ,0.22,9.99,33452150.4,2.79,16,28,行业板块,东财三级行业
BK1594.DC,20260326,化学制剂,万邦德,002082.SZ,-0.7,9.99,197769435.2,1.51,30,83,行业板块,东财三级行业
BK1593.DC,20260326,通信终端及配件,*ST天喻,300205.SZ,-2.49,5.58,38333139.2,3.68,3,25,行业板块,东财三级行业
BK1592.DC,20260326,通信线缆及配套,长盈通,688143.SH,-1.21,5.66,53859059.2,7.41,3,9,行业板块,东财三级行业
BK1591.DC,20260326,通信网络设备及器件,铭普光磁,002902.SZ,-2.41,10.02,220382859.2,3.87,4,32,行业板块,东财三级行业
BK1590.DC,20260326,其他通信设备,长江通信,600345.SH,-2.11,-0.48,9250945.8,1.91,0,14,行业板块,东财三级行业
BK1589.DC,20260326,通信应用增值服务,北纬科技,002148.SZ,-3.59,-1.86,29683392.0,6.74,0,17,行业板块,东财三级行业
BK1588.DC,20260326,通信工程及服务,亚联发展,002316.SZ,-3.11,-0.55,10800932.4,5.02,0,20,行业板块,东财三级行业
BK1587.DC,20260326,电信运营商,中国移动,600941.SH,-1.0,0.02,269736721.6,0.25,1,2,行业板块,东财三级行业
BK1586.DC,20260326,软饮料,欢乐家,300997.SZ,-1.09,-0.1,19764225.0,0.88,0,8,行业板块,东财三级行业
BK1585.DC,20260326,乳品,妙可蓝多,600882.SH,-1.04,0.75,25644727.6,1.34,4,15,行业板块,东财三级行业
BK1584.DC,20260326,熟食,紫燕食品,603057.SH,0.35,1.11,2310790.5,1.21,2,1,行业板块,东财三级行业
BK1583.DC,20260326,零食,有友食品,603697.SH,-1.15,0.37,10011709.1,1.46,1,10,行业板块,东财三级行业
BK1582.DC,20260326,烘焙食品,广州酒家,603043.SH,-0.79,-0.13,4440738.1,0.89,0,9,行业板块,东财三级行业
BK1581.DC,20260326,预加工食品,三全食品,002216.SZ,-0.29,3.09,6692490.9,2.0,5,6,行业板块,东财三级行业
BK1580.DC,20260326,肉制品,华统股份,002840.SZ,-0.28,1.67,12654563.0,1.44,2,5,行业板块,东财三级行业
BK1579.DC,20260326,保健品,西王食品,000639.SZ,-1.53,0.32,5820847.7,3.99,1,8,行业板块,东财三级行业
BK1578.DC,20260326,其他酒类,中信尼雅,600084.SH,-1.45,0.14,6724390.4,0.99,1,9,行业板块,东财三级行业
BK1577.DC,20260326,啤酒,惠泉啤酒,600573.SH,-1.23,-0.26,17647256.0,0.76,0,7,行业板块,东财三级行业
BK1576.DC,20260326,调味发酵品Ⅲ,天味食品,603317.SH,-0.77,0.49,35206700.8,2.19,2,12,行业板块,东财三级行业
BK1575.DC,20260326,白酒Ⅲ,皇台酒业,000995.SZ,-1.86,0.63,280543995.2,0.65,1,20,行业板块,东财三级行业
BK1574.DC,20260326,油气开采Ⅲ,蓝焰控股,000968.SZ,2.19,9.96,204222302.4,5.36,4,1,行业板块,东财三级行业
BK1573.DC,20260326,油田服务,中曼石油,603619.SH,-0.27,1.84,21255693.0,1.49,3,4,行业板块,东财三级行业
BK1572.DC,20260326,油气及炼化工程,潜能恒信,300191.SZ,1.22,3.69,8584671.9,3.89,4,2,行业板块,东财三级行业
BK1571.DC,20260326,油品石化贸易,润贝航科,001316.SZ,0.08,3.74,7395692.7,3.63,3,4,行业板块,东财三级行业
BK1570.DC,20260326,其他石化,渤海化学,600800.SH,-0.04,9.92,12129654.1,3.06,4,10,行业板块,东财三级行业
BK1569.DC,20260326,炼油化工,中国石油,601857.SH,-0.76,2.05,332539259.2,0.25,3,7,行业板块,东财三级行业
BK1568.DC,20260326,人力资源服务,北京人力,600861.SH,-1.53,-0.12,2508906.0,0.65,0,3,行业板块,东财三级行业
BK1567.DC,20260326,其他专业服务,安邦护卫,603373.SH,-0.56,4.11,1426950.1,1.63,1,3,行业板块,东财三级行业
BK1566.DC,20260326,检测服务,信测标准,300938.SZ,-2.0,0.73,14977354.3,2.15,2,21,行业板块,东财三级行业
BK1565.DC,20260326,会展服务,米奥会展,300795.SZ,-1.51,-0.08,1536767.7,1.63,0,3,行业板块,东财三级行业
BK1564.DC,20260326,体育Ⅲ,中体产业,600158.SH,-4.23,-4.19,1271103.3,11.98,0,2,行业板块,东财三级行业
BK1563.DC,20260326,自然景区,桂林旅游,000978.SZ,-0.96,1.49,7031820.5,3.03,2,11,行业板块,东财三级行业
BK1562.DC,20260326,人工景区,大连圣亚,600593.SH,-0.27,1.0,3951844.8,1.2,2,3,行业板块,东财三级行业
BK1561.DC,20260326,旅游综合,陕西旅游,603402.SH,-0.72,2.6,4836742.1,2.02,1,7,行业板块,东财三级行业
BK1560.DC,20260326,酒店,金陵饭店,601007.SH,-0.59,1.51,6975236.4,1.77,2,4,行业板块,东财三级行业
BK1559.DC,20260326,餐饮,全 聚 德,002186.SZ,-0.9,-0.67,1382103.7,1.33,0,4,行业板块,东财三级行业
BK1558.DC,20260326,学历教育,国脉科技,002093.SZ,-2.28,-2.28,1255982.8,1.27,0,2,行业板块,东财三级行业
BK1557.DC,20260326,培训教育,中国高科,600730.SH,-2.28,0.33,5433325.1,2.32,1,10,行业板块,东财三级行业
BK1556.DC,20260326,教育运营及其他,*ST国化,600636.SH,-1.8,-0.51,2137248.1,1.73,0,3,行业板块,东财三级行业
BK1555.DC,20260326,专业连锁Ⅲ,吉峰科技,300022.SZ,-1.24,0.0,5350408.5,2.22,0,6,行业板块,东财三级行业
BK1554.DC,20260326,商业物业经营,汇通能源,600605.SH,-1.49,-0.07,20427456.4,0.72,0,16,行业板块,东财三级行业
BK1553.DC,20260326,多业态零售,百联股份,600827.SH,-1.18,0.61,8039915.0,1.29,1,15,行业板块,东财三级行业
BK1552.DC,20260326,超市,红旗连锁,002697.SZ,-1.19,0.0,8010586.4,1.57,0,6,行业板块,东财三级行业
BK1551.DC,20260326,百货,天虹股份,002419.SZ,-0.98,1.08,14422271.5,1.57,3,17,行业板块,东财三级行业
BK1550.DC,20260326,贸易Ⅲ,南京商旅,600250.SH,-0.87,3.4,16203103.0,3.06,3,11,行业板块,东财三级行业
BK1549.DC,20260326,旅游零售Ⅲ,中国中免,601888.SH,-1.63,-1.57,15786902.8,0.96,0,2,行业板块,东财三级行业
BK1548.DC,20260326,综合电商,ST易购,002024.SZ,-0.21,0.0,3174682.9,0.45,0,2,行业板块,东财三级行业
BK1547.DC,20260326,跨境电商,吉宏股份,002803.SZ,-1.71,-1.15,4755106.8,2.58,0,7,行业板块,东财三级行业
BK1546.DC,20260326,电商服务,若羽臣,003010.SZ,-1.34,0.63,4221451.1,2.42,2,6,行业板块,东财三级行业
BK1545.DC,20260326,特种纸,冠豪高新,600433.SH,-1.65,1.89,7315723.9,3.62,2,11,行业板块,东财三级行业
BK1544.DC,20260326,大宗用纸,森林包装,605500.SH,-1.6,1.2,10718631.9,1.51,1,11,行业板块,东财三级行业
BK1543.DC,20260326,娱乐用品,浙江正特,001238.SZ,-2.53,0.27,8289059.6,5.23,1,17,行业板块,东财三级行业
BK1542.DC,20260326,文化用品,广博股份,002103.SZ,-2.19,-1.2,4193047.7,1.17,0,5,行业板块,东财三级行业
BK1541.DC,20260326,卫浴制品,松霖科技,603992.SH,-0.52,4.89,4168414.3,1.24,1,6,行业板块,东财三级行业
BK1540.DC,20260326,其他家居用品,联翔股份,603272.SH,-0.97,10.0,20011021.8,1.71,4,20,行业板块,东财三级行业
BK1539.DC,20260326,定制家居,顶固集创,300749.SZ,-0.86,8.68,10016169.2,1.99,4,12,行业板块,东财三级行业
BK1538.DC,20260326,瓷砖地板,美新科技,301588.SZ,-0.77,1.75,7605923.0,1.85,2,10,行业板块,东财三级行业
BK1537.DC,20260326,成品家居,*ST亚振,603389.SH,-1.63,0.93,12072078.0,1.41,2,15,行业板块,东财三级行业
BK1536.DC,20260326,综合包装,海顺新材,300501.SZ,0.56,8.75,1830174.5,4.46,2,4,行业板块,东财三级行业
BK1535.DC,20260326,纸包装,衢州东峰,601515.SH,-0.22,9.98,12928732.9,4.39,6,15,行业板块,东财三级行业
BK1534.DC,20260326,印刷,盛通股份,002599.SZ,-2.18,-1.54,2539835.1,5.6,0,5,行业板块,东财三级行业
BK1533.DC,20260326,塑料包装,金富科技,003018.SZ,1.96,10.02,4170814.0,4.09,4,3,行业板块,东财三级行业
BK1532.DC,20260326,金属包装,华源控股,002787.SZ,-0.75,4.76,6459770.3,2.15,4,3,行业板块,东财三级行业
BK1531.DC,20260326,商用载客车,宇通客车,600066.SH,0.01,1.18,9820120.3,2.06,3,2,行业板块,东财三级行业
BK1530.DC,20260326,商用载货车,中集车辆,301039.SZ,-0.26,1.46,24355665.4,0.94,4,5,行业板块,东财三级行业
BK1529.DC,20260326,汽车电子电气系统,菱电电控,688667.SH,-1.19,3.42,48198752.0,1.81,7,33,行业板块,东财三级行业
BK1528.DC,20260326,其他汽车零部件,中自科技,688737.SH,-1.63,6.93,35446520.0,2.15,10,45,行业板块,东财三级行业
BK1527.DC,20260326,轮胎轮毂,贵州轮胎,000589.SZ,-1.55,0.44,25983150.9,1.27,2,19,行业板块,东财三级行业
BK1526.DC,20260326,底盘与发动机系统,华阳变速,920146.BJ,-1.12,9.65,117702236.8,2.95,24,84,行业板块,东财三级行业
BK1525.DC,20260326,车身附件及饰件,福赛科技,301529.SZ,-1.22,2.77,52004827.2,1.41,7,34,行业板块,东财三级行业
BK1524.DC,20260326,汽车综合服务,交运股份,600676.SH,-1.1,2.02,3945450.1,1.09,1,4,行业板块,东财三级行业
BK1523.DC,20260326,汽车经销商,国机汽车,600335.SH,-0.79,-0.51,2268306.6,1.05,0,6,行业板块,东财三级行业
BK1522.DC,20260326,其他运输设备,绿通科技,301322.SZ,-1.79,-0.28,8454567.6,2.0,0,10,行业板块,东财三级行业
BK1521.DC,20260326,摩托车,涛涛车业,301345.SZ,-2.1,0.66,15062013.2,0.88,1,8,行业板块,东财三级行业
BK1520.DC,20260326,综合乘用车,长  安Ｂ,200625.SZ,-1.48,-0.49,56063156.8,0.59,0,6,行业板块,东财三级行业
BK1519.DC,20260326,电动乘用车,北汽蓝谷,600733.SH,-2.24,-0.83,114961950.4,1.64,0,3,行业板块,东财三级行业
BK1518.DC,20260326,种子,农发种业,600313.SH,-1.41,1.14,6351015.7,4.38,1,9,行业板块,东财三级行业
BK1517.DC,20260326,食用菌,雪榕生物,300511.SZ,-1.74,0.43,1540979.2,3.03,1,3,行业板块,东财三级行业
BK1516.DC,20260326,其他种植业,宏辉果蔬,603336.SH,-2.09,-0.82,4856474.6,2.73,0,5,行业板块,东财三级行业
BK1515.DC,20260326,粮食种植,苏垦农发,601952.SH,0.88,1.51,4205447.6,1.63,2,0,行业板块,东财三级行业
BK1514.DC,20260326,水产养殖,大湖股份,600257.SH,1.18,7.54,1300864.4,3.45,2,2,行业板块,东财三级行业
BK1513.DC,20260326,海洋捕捞,中  鲁Ｂ,200992.SZ,-0.6,0.0,684960.8,2.38,0,2,行业板块,东财三级行业
BK1512.DC,20260326,生猪养殖,京基智农,000048.SZ,-1.18,1.63,48703361.6,1.05,1,10,行业板块,东财三级行业
BK1511.DC,20260326,肉鸡养殖,立华股份,300761.SZ,0.49,3.07,6727881.2,1.77,4,4,行业板块,东财三级行业
BK1510.DC,20260326,其他养殖,福成股份,600965.SH,-1.76,-0.9,1081986.5,1.14,0,3,行业板块,东财三级行业
BK1509.DC,20260326,水产饲料,粤海饲料,001313.SZ,-0.75,0.59,9849274.0,1.3,1,3,行业板块,东财三级行业
BK1508.DC,20260326,畜禽饲料,播恩集团,001366.SZ,-1.76,-0.3,5985450.9,1.91,0,9,行业板块,东财三级行业
BK1507.DC,20260326,宠物食品,中宠股份,002891.SZ,-1.9,-0.96,3680253.4,1.59,0,4,行业板块,东财三级行业
BK1506.DC,20260326,农业综合Ⅲ,辉隆股份,002556.SZ,-0.81,0.33,1163610.4,1.98,1,2,行业板块,东财三级行业
BK1505.DC,20260326,其他农产品加工,华资实业,600191.SH,-0.21,4.26,8328648.7,1.6,4,8,行业板块,东财三级行业
BK1504.DC,20260326,粮油加工,深粮控股,000019.SZ,-0.54,3.58,18681383.6,3.28,2,8,行业板块,东财三级行业
BK1503.DC,20260326,果蔬加工,国投中鲁,600962.SH,-0.92,0.1,3321361.1,1.56,1,5,行业板块,东财三级行业
BK1502.DC,20260326,林业Ⅲ,ST景谷,600265.SH,-2.14,0.34,2811045.3,12.03,1,3,行业板块,东财三级行业
BK1501.DC,20260326,动物保健Ⅲ,瑞普生物,300119.SZ,-1.02,1.18,6817097.9,1.26,2,11,行业板块,东财三级行业
BK1500.DC,20260326,医美耗材,华熙生物,688363.SH,-2.35,-1.77,7305050.4,0.73,0,3,行业板块,东财三级行业
BK1499.DC,20260326,医美服务,*ST美谷,000615.SZ,-1.55,-1.55,568422.6,0.49,0,1,行业板块,东财三级行业
BK1498.DC,20260326,品牌化妆品,水羊股份,300740.SZ,-1.09,0.15,9380476.7,0.9,1,7,行业板块,东财三级行业
BK1497.DC,20260326,化妆品制造及其他,嘉亨家化,300955.SZ,-0.08,7.32,3097894.7,1.42,2,5,行业板块,东财三级行业
BK1496.DC,20260326,洗护用品,两面针,600249.SH,0.36,4.34,2063187.8,5.13,1,3,行业板块,东财三级行业
BK1495.DC,20260326,生活用纸,中顺洁柔,002511.SZ,-2.47,0.24,6435138.4,2.19,2,7,行业板块,东财三级行业
BK1494.DC,20260326,焦煤,辽宁能源,600758.SH,0.87,7.34,21341028.2,3.65,6,4,行业板块,东财三级行业
BK1493.DC,20260326,动力煤,兖矿能源,600188.SH,0.06,4.22,201326097.6,1.16,8,7,行业板块,东财三级行业
BK1492.DC,20260326,焦炭Ⅲ,宝泰隆,601011.SH,-0.46,5.29,7197239.7,5.77,3,4,行业板块,东财三级行业
BK1491.DC,20260326,端到端供应链服务,普路通,002769.SZ,-1.16,-0.09,2546562.4,2.49,0,7,行业板块,东财三级行业
BK1490.DC,20260326,原材料供应链服务,*ST海钦,600753.SH,-0.03,2.54,12519334.8,1.3,6,6,行业板块,东财三级行业
BK1489.DC,20260326,快递,申通快递,002468.SZ,1.68,4.48,31455155.2,0.88,4,0,行业板块,东财三级行业
BK1488.DC,20260326,跨境物流,华贸物流,603128.SH,-0.24,0.71,18593855.3,0.72,5,7,行业板块,东财三级行业
BK1487.DC,20260326,公路货运,*ST原尚,603813.SH,-0.6,1.34,2938522.3,1.66,2,3,行业板块,东财三级行业
BK1486.DC,20260326,仓储物流,保税科技,600794.SH,0.17,1.89,3790575.6,2.0,4,2,行业板块,东财三级行业
BK1485.DC,20260326,铁路运输,铁龙物流,600125.SH,1.67,3.43,41634766.4,0.88,7,0,行业板块,东财三级行业
BK1484.DC,20260326,公交,申通地铁,600834.SH,-1.46,0.0,3927350.4,0.75,0,6,行业板块,东财三级行业
BK1483.DC,20260326,高速公路,宁沪高速,600377.SH,-0.42,1.65,39013825.6,0.73,8,12,行业板块,东财三级行业
BK1482.DC,20260326,航运,中远海特,600428.SH,-0.82,4.77,72537104.0,2.13,7,12,行业板块,东财三级行业
BK1481.DC,20260326,港口,宁波港,601018.SH,-0.5,0.72,57153648.0,0.59,5,9,行业板块,东财三级行业
BK1480.DC,20260326,机场,深圳机场,000089.SZ,-1.14,0.15,15345986.8,0.59,1,4,行业板块,东财三级行业
BK1479.DC,20260326,航空运输,春秋航空,601021.SH,-0.99,0.61,54932428.8,1.04,1,8,行业板块,东财三级行业
BK1478.DC,20260326,装修装饰Ⅲ,ST柯利达,603828.SH,-1.06,3.34,11541385.9,1.61,5,18,行业板块,东财三级行业
BK1477.DC,20260326,其他专业工程,再升科技,603601.SH,-1.47,9.98,26328061.9,3.54,4,16,行业板块,东财三级行业
BK1476.DC,20260326,化学工程,镇海股份,603637.SH,-1.66,0.34,8873093.3,2.27,1,6,行业板块,东财三级行业
BK1475.DC,20260326,国际工程,中钢国际,000928.SZ,-1.15,-0.3,6336067.4,1.91,0,4,行业板块,东财三级行业
BK1474.DC,20260326,钢结构,鸿路钢构,002541.SZ,-1.79,5.18,7282003.1,2.18,1,9,行业板块,东财三级行业
BK1473.DC,20260326,园林工程,棕榈股份,002431.SZ,-3.36,0.71,9074236.5,3.52,1,18,行业板块,东财三级行业
BK1472.DC,20260326,基建市政工程,成都路桥,002628.SZ,-1.55,2.18,90831867.2,1.98,3,25,行业板块,东财三级行业
BK1471.DC,20260326,工程咨询服务Ⅲ,杰恩设计,300668.SZ,-1.87,18.47,22120613.4,2.9,2,45,行业板块,东财三级行业
BK1470.DC,20260326,房屋建设Ⅲ,中国建筑,601668.SH,-2.55,-0.8,28824636.8,0.9,0,8,行业板块,东财三级行业
BK1469.DC,20260326,涂料,三棵树,603737.SH,-1.03,-0.49,3855677.8,0.66,0,2,行业板块,东财三级行业
BK1468.DC,20260326,其他建材Ⅲ,法狮龙,605318.SH,-1.34,3.71,12607412.0,1.94,2,14,行业板块,东财三级行业
BK1467.DC,20260326,耐火材料,瑞泰科技,002066.SZ,-1.3,0.78,3416193.1,1.25,1,7,行业板块,东财三级行业
BK1466.DC,20260326,管材,雄塑科技,300599.SZ,-1.05,0.65,3828141.7,1.26,1,6,行业板块,东财三级行业
BK1465.DC,20260326,防水材料,东方雨虹,002271.SZ,-0.34,0.32,4875608.6,1.84,1,1,行业板块,东财三级行业
BK1464.DC,20260326,水泥制造,万年青,000789.SZ,-1.8,0.0,29372892.8,0.89,0,13,行业板块,东财三级行业
BK1463.DC,20260326,水泥制品,三和管桩,003037.SZ,-2.18,-0.56,3402268.5,2.53,0,9,行业板块,东财三级行业
BK1462.DC,20260326,玻纤制造,九鼎新材,002201.SZ,-2.01,0.73,32066795.2,2.45,1,7,行业板块,东财三级行业
BK1461.DC,20260326,玻璃制造,南  玻Ａ,000012.SZ,-2.07,-0.22,6813563.6,2.28,0,9,行业板块,东财三级行业
BK1460.DC,20260326,照明设备Ⅲ,欧普照明,603515.SH,-0.99,1.62,8320660.2,1.95,2,11,行业板块,东财三级行业
BK1459.DC,20260326,清洁小家电,德昌股份,605555.SH,1.18,10.01,11445161.2,1.76,2,6,行业板块,东财三级行业
BK1458.DC,20260326,个护小家电,倍轻松,688793.SH,-0.58,1.37,2145244.8,1.46,1,3,行业板块,东财三级行业
BK1457.DC,20260326,厨房小家电,新宝股份,002705.SZ,0.35,9.98,8169485.7,1.59,4,6,行业板块,东财三级行业
BK1456.DC,20260326,其他家电Ⅲ,融捷健康,300247.SZ,-0.94,0.22,1142557.5,1.85,1,2,行业板块,东财三级行业
BK1455.DC,20260326,家电零部件Ⅲ,天银机电,300342.SZ,-1.13,6.67,40591526.4,3.24,5,30,行业板块,东财三级行业
BK1454.DC,20260326,其他黑色家电,创维数字,000810.SZ,-2.12,-0.65,4769865.2,1.36,0,6,行业板块,东财三级行业
BK1453.DC,20260326,彩电,*ST高斯,002848.SZ,-1.0,2.53,11416465.0,1.75,1,3,行业板块,东财三级行业
BK1452.DC,20260326,卫浴电器,奥普科技,603551.SH,-3.11,-1.64,1961724.7,4.19,0,3,行业板块,东财三级行业
BK1451.DC,20260326,厨房电器,帅丰电器,605336.SH,-1.56,2.18,4125485.5,1.64,2,4,行业板块,东财三级行业
BK1450.DC,20260326,空调,海信家电,000921.SZ,-0.41,-0.09,80872449.6,0.33,0,3,行业板块,东财三级行业
BK1449.DC,20260326,冰洗,TCL智家,002668.SZ,-1.49,0.0,26162740.4,0.86,0,8,行业板块,东财三级行业
BK1448.DC,20260326,横向通用软件,*ST国华,000004.SZ,-2.86,-0.2,58418222.4,1.57,0,35,行业板块,东财三级行业
BK1447.DC,20260326,垂直应用软件,*ST汇科,300561.SZ,-2.89,4.44,112736696.0,2.88,4,96,行业板块,东财三级行业
BK1446.DC,20260326,其他计算机设备,ST达华,002512.SZ,-2.59,3.27,76758312.0,2.97,5,57,行业板块,东财三级行业
BK1445.DC,20260326,安防设备,中润光学,688307.SH,-1.4,8.22,47057174.4,1.09,4,23,行业板块,东财三级行业
BK1444.DC,20260326,IT服务Ⅲ,万达信息,300168.SZ,-2.67,8.18,153651182.4,3.65,15,119,行业板块,东财三级行业
BK1443.DC,20260326,橡胶助剂,彤程新材,603650.SH,-2.38,-2.09,3554687.1,1.4,0,2,行业板块,东财三级行业
BK1442.DC,20260326,炭黑,联科科技,001207.SZ,-0.71,1.13,2956063.1,2.05,2,4,行业板块,东财三级行业
BK1441.DC,20260326,其他橡胶制品,三维股份,603033.SH,-1.57,1.03,6221824.3,2.16,3,10,行业板块,东财三级行业
BK1440.DC,20260326,其他塑料制品,沧州明珠,002108.SZ,-1.04,6.58,14139861.5,3.61,3,20,行业板块,东财三级行业
BK1439.DC,20260326,膜材料,大东南,002263.SZ,-1.19,10.12,20587343.8,5.05,6,14,行业板块,东财三级行业
BK1438.DC,20260326,合成树脂,神剑股份,002361.SZ,-1.66,10.03,14885141.6,5.58,1,12,行业板块,东财三级行业
BK1437.DC,20260326,改性塑料,银禧科技,300221.SZ,-0.31,5.32,15271051.1,2.69,7,15,行业板块,东财三级行业
BK1436.DC,20260326,农药,广信股份,603599.SH,-0.95,1.83,25778371.8,1.63,7,25,行业板块,东财三级行业
BK1435.DC,20260326,磷肥及磷化工,川恒股份,002895.SZ,-1.92,-0.13,22660427.7,2.99,0,9,行业板块,东财三级行业
BK1434.DC,20260326,钾肥,亚钾国际,000893.SZ,-0.71,0.66,39982054.4,1.59,2,2,行业板块,东财三级行业
BK1433.DC,20260326,复合肥,史丹利,002588.SZ,-1.28,1.17,9198329.9,6.08,1,9,行业板块,东财三级行业
BK1432.DC,20260326,氮肥,四川美丰,000731.SZ,0.17,2.95,12040147.4,7.64,3,3,行业板块,东财三级行业
BK1431.DC,20260326,有机硅,ST宏达,002211.SZ,-1.32,1.92,10616652.3,1.53,2,8,行业板块,东财三级行业
BK1430.DC,20260326,涂料油墨,松井股份,688157.SH,-1.24,7.0,6855682.2,1.8,1,14,行业板块,东财三级行业
BK1429.DC,20260326,食品及饲料添加剂,百龙创园,605016.SH,-0.89,1.25,29919649.6,1.43,5,19,行业板块,东财三级行业
BK1428.DC,20260326,其他化学制品,元利科技,603217.SH,-0.46,9.98,47879430.4,3.46,19,59,行业板块,东财三级行业
BK1427.DC,20260326,民爆制品,雅化集团,002497.SZ,0.55,5.16,13362183.6,3.23,5,7,行业板块,东财三级行业
BK1426.DC,20260326,聚氨酯,万华化学,600309.SH,-1.39,0.99,28631185.6,3.34,2,7,行业板块,东财三级行业
BK1425.DC,20260326,胶黏剂及胶带,聚胶股份,301283.SZ,-1.32,0.0,2204363.2,2.96,0,4,行业板块,东财三级行业
BK1424.DC,20260326,氟化工,多氟多,002407.SZ,-0.02,3.95,27194662.4,2.57,3,7,行业板块,东财三级行业
BK1423.DC,20260326,纺织化学制品,雅运股份,603790.SH,-1.64,0.05,9731556.0,2.11,1,12,行业板块,东财三级行业
BK1422.DC,20260326,无机盐,苏盐井神,603299.SH,-1.58,2.48,10046151.8,2.6,2,8,行业板块,东财三级行业
BK1421.DC,20260326,钛白粉,鲁北化工,600727.SH,-1.83,-0.56,7219690.4,2.19,0,6,行业板块,东财三级行业
BK1420.DC,20260326,其他化学原料,兴化股份,002109.SZ,-0.14,10.02,17338546.0,3.14,7,9,行业板块,东财三级行业
BK1419.DC,20260326,煤化工,金煤科技,600844.SH,2.27,9.93,32227428.8,4.31,5,5,行业板块,东财三级行业
BK1418.DC,20260326,氯碱,华塑股份,600935.SH,-0.09,7.09,18041104.7,2.58,7,7,行业板块,东财三级行业
BK1417.DC,20260326,纯碱,博源化工,000683.SZ,-0.12,1.18,6051449.6,2.06,2,3,行业板块,东财三级行业
BK1416.DC,20260326,粘胶,恒天海龙,000677.SZ,-1.53,0.99,2697342.4,6.44,1,2,行业板块,东财三级行业
BK1415.DC,20260326,其他化学纤维,宝丽迪,300905.SZ,-2.37,0.83,11764085.4,2.8,1,7,行业板块,东财三级行业
BK1414.DC,20260326,锦纶,聚合顺,605166.SH,-1.69,-0.59,2485997.3,1.35,0,5,行业板块,东财三级行业
BK1413.DC,20260326,涤纶,苏州龙杰,603332.SH,-1.95,1.49,8299999.9,3.34,1,8,行业板块,东财三级行业
BK1412.DC,20260326,氨纶,华峰化学,002064.SZ,1.81,1.81,5022094.4,0.97,1,0,行业板块,东财三级行业
BK1411.DC,20260326,非金属材料Ⅲ,龙高股份,605086.SH,-1.65,0.11,10049906.1,1.97,1,11,行业板块,东财三级行业
BK1410.DC,20260326,其他自动化设备,智立方,301312.SZ,-0.67,8.91,25221129.0,2.47,8,19,行业板块,东财三级行业
BK1409.DC,20260326,激光设备,海目星,688559.SH,-2.05,0.44,24900447.7,5.59,1,9,行业板块,东财三级行业
BK1408.DC,20260326,机器人,拓斯达,300607.SZ,-1.41,3.24,18163458.5,1.58,4,16,行业板块,东财三级行业
BK1407.DC,20260326,工控设备,禾川科技,688320.SH,-2.25,0.72,43899244.8,1.74,2,29,行业板块,东财三级行业
BK1406.DC,20260326,印刷包装机械,达 意 隆,002209.SZ,-0.6,6.4,5829383.5,4.7,4,8,行业板块,东财三级行业
BK1405.DC,20260326,其他专用设备,燕麦科技,688312.SH,-1.81,3.21,76946403.2,2.27,7,82,行业板块,东财三级行业
BK1404.DC,20260326,农用机械,大叶股份,300879.SZ,-0.43,7.34,4868717.2,1.45,1,8,行业板块,东财三级行业
BK1403.DC,20260326,能源及重型设备,神开股份,002278.SZ,-1.91,3.49,58454500.8,1.64,4,55,行业板块,东财三级行业
BK1402.DC,20260326,楼宇设备,通用电梯,300931.SZ,-1.38,3.35,10139351.9,1.42,2,14,行业板块,东财三级行业
BK1401.DC,20260326,纺织服装设备,泰坦股份,003036.SZ,-1.36,5.29,7787597.7,3.25,2,11,行业板块,东财三级行业
BK1400.DC,20260326,制冷空调设备,英特科技,301399.SZ,-1.99,3.25,14136404.3,2.69,2,16,行业板块,东财三级行业
BK1398.DC,20260326,其他通用设备,德马科技,688360.SH,-1.98,1.55,40489891.2,2.58,3,50,行业板块,东财三级行业
BK1397.DC,20260326,磨具磨料,鲁信创投,600783.SH,-3.08,-0.49,11186485.5,4.52,0,14,行业板块,东财三级行业
BK1396.DC,20260326,金属制品,中大力德,002896.SZ,-1.74,5.17,75317998.4,4.66,6,73,行业板块,东财三级行业
BK1395.DC,20260326,机床工具,思进智能,003025.SZ,-2.41,-0.29,12937836.2,1.88,0,19,行业板块,东财三级行业
BK1394.DC,20260326,轨交设备Ⅲ,中国铁物,000927.SZ,-1.17,9.87,45664801.6,1.65,2,29,行业板块,东财三级行业
BK1393.DC,20260326,工程机械整机,浙江鼎力,603338.SH,-2.15,-0.28,57120859.2,1.8,0,21,行业板块,东财三级行业
BK1392.DC,20260326,工程机械器件,万通液压,920839.BJ,-1.05,0.77,18686532.2,1.05,2,11,行业板块,东财三级行业
BK1391.DC,20260326,综合环境治理,ST新动力,300152.SZ,-2.76,1.65,6941624.6,2.48,1,14,行业板块,东财三级行业
BK1390.DC,20260326,水务及水治理,德林海,688069.SH,-1.89,2.33,30964643.2,1.7,7,43,行业板块,东财三级行业
BK1389.DC,20260326,固废治理,中再资环,600217.SH,-1.98,2.92,35897876.8,2.68,4,30,行业板块,东财三级行业
BK1388.DC,20260326,大气治理,保丽洁,920802.BJ,-3.71,-0.72,8169851.0,5.19,0,8,行业板块,东财三级行业
BK1387.DC,20260326,环保设备Ⅲ,严牌股份,301081.SZ,-2.76,0.54,15346479.7,2.86,3,24,行业板块,东财三级行业
BK1386.DC,20260326,军工电子Ⅲ,西测测试,301306.SZ,-1.73,16.28,111927739.2,3.56,7,55,行业板块,东财三级行业
BK1385.DC,20260326,航天装备Ⅲ,航天环宇,688523.SH,-1.26,0.9,45950636.8,2.51,2,7,行业板块,东财三级行业
BK1384.DC,20260326,航空装备Ⅲ,派克新材,605123.SH,-1.85,2.74,110305158.4,1.44,5,43,行业板块,东财三级行业
BK1383.DC,20260326,航海装备Ⅲ,中船防务,600685.SH,-3.13,-1.69,45286744.0,2.11,0,10,行业板块,东财三级行业
BK1382.DC,20260326,地面兵装Ⅲ,ST应急,300527.SZ,-4.02,-1.84,16374424.8,4.12,0,12,行业板块,东财三级行业
BK1381.DC,20260326,燃气Ⅲ,首华燃气,300483.SZ,0.63,6.62,31880201.6,3.86,15,14,行业板块,东财三级行业
BK1380.DC,20260326,水力发电,湖南发展,000722.SZ,0.15,9.99,120499398.4,1.69,6,5,行业板块,东财三级行业
BK1379.DC,20260326,热力服务,惠天热电,000692.SZ,0.14,10.11,14524740.4,8.54,8,9,行业板块,东财三级行业
BK1378.DC,20260326,其他能源发电,长青集团,002616.SZ,0.56,1.64,1472344.8,3.67,1,1,行业板块,东财三级行业
BK1377.DC,20260326,火力发电,晋控电力,000767.SZ,1.76,9.98,112761187.2,4.45,18,15,行业板块,东财三级行业
BK1376.DC,20260326,核力发电,中国广核,003816.SZ,-0.63,2.0,53425744.0,1.07,1,2,行业板块,东财三级行业
BK1375.DC,20260326,光伏发电,京运通,601908.SH,-3.53,10.07,18366112.4,12.21,2,11,行业板块,东财三级行业
BK1374.DC,20260326,风力发电,中闽能源,600163.SH,-2.07,9.95,80618192.0,5.92,4,11,行业板块,东财三级行业
BK1373.DC,20260326,电能综合服务,广西能源,600310.SH,-0.17,10.09,27577998.4,4.51,6,9,行业板块,东财三级行业
BK1372.DC,20260326,冶钢辅料,鄂资Ｂ股,900936.SH,-1.25,-0.25,11808536.5,1.06,0,4,行业板块,东财三级行业
BK1371.DC,20260326,铁矿石,广东明珠,600382.SH,1.06,5.88,9261840.6,2.99,2,3,行业板块,东财三级行业
BK1370.DC,20260326,特钢Ⅲ,中信特钢,000708.SZ,-1.58,0.18,21821137.8,0.87,1,12,行业板块,东财三级行业
BK1369.DC,20260326,长材,三钢闽光,002110.SZ,-2.06,-1.53,2124061.8,1.21,0,3,行业板块,东财三级行业
BK1368.DC,20260326,钢铁管材,新兴铸管,000778.SZ,-1.01,0.44,3060617.2,1.34,1,2,行业板块,东财三级行业
BK1367.DC,20260326,板材,南钢股份,600282.SH,-2.3,0.38,54954524.8,1.41,1,16,行业板块,东财三级行业
BK1366.DC,20260326,证券Ⅲ,西南证券,600369.SH,-1.84,-0.24,339884102.4,0.74,0,49,行业板块,东财三级行业
BK1365.DC,20260326,租赁,江苏金租,600901.SH,-1.39,0.92,7837605.0,1.23,1,2,行业板块,东财三级行业
BK1364.DC,20260326,资产管理,海德股份,000567.SZ,-2.46,-2.25,3993484.7,0.57,0,4,行业板块,东财三级行业
BK1363.DC,20260326,信托,陕国投Ａ,000563.SZ,-1.68,-0.88,7975796.1,0.58,0,3,行业板块,东财三级行业
BK1361.DC,20260326,期货,永安期货,600927.SH,-4.75,-2.2,5484150.7,1.56,0,4,行业板块,东财三级行业
BK1360.DC,20260326,金融信息服务,*ST仁东,002647.SZ,-2.86,-0.42,3756081.7,2.7,0,3,行业板块,东财三级行业
BK1359.DC,20260326,金融控股,国投资本,600061.SH,-2.81,-1.3,29985291.2,1.45,0,9,行业板块,东财三级行业
BK1358.DC,20260326,保险Ⅲ,中国太保,601601.SH,-3.81,-3.36,299409176.0,0.4,0,5,行业板块,东财三级行业
BK1357.DC,20260326,钟表珠宝,ST萃华,002731.SZ,-1.17,1.5,13172789.0,1.38,1,13,行业板块,东财三级行业
BK1356.DC,20260326,其他饰品,瑞贝卡,600439.SH,-1.92,-1.92,578356.0,0.78,0,1,行业板块,东财三级行业
BK1355.DC,20260326,运动服装,探路者,300005.SZ,-0.15,5.09,2003898.2,4.92,1,3,行业板块,东财三级行业
BK1354.DC,20260326,鞋帽及其他,康隆达,603665.SH,-1.3,1.13,4081155.0,2.33,3,8,行业板块,东财三级行业
BK1353.DC,20260326,家纺,罗莱生活,002293.SZ,-1.35,0.0,3384103.3,1.21,0,6,行业板块,东财三级行业
BK1352.DC,20260326,非运动服装,歌力思,603808.SH,-0.52,3.65,23739256.0,1.33,10,28,行业板块,东财三级行业
BK1351.DC,20260326,印染,华纺股份,600448.SH,-1.06,0.3,1599407.5,1.76,1,2,行业板块,东财三级行业
BK1350.DC,20260326,其他纺织,江南高纤,600527.SH,-2.17,1.57,6270537.5,4.47,1,13,行业板块,东财三级行业
BK1349.DC,20260326,棉纺,孚日股份,002083.SZ,-1.8,3.05,5310420.8,2.54,1,8,行业板块,东财三级行业
BK1348.DC,20260326,辅料,伟星股份,002003.SZ,-1.05,0.21,1927824.2,0.72,1,3,行业板块,东财三级行业
BK1347.DC,20260326,纺织鞋类制造,华利集团,300979.SZ,-1.32,-1.32,5057778.0,0.08,0,1,行业板块,东财三级行业
BK1346.DC,20260326,住宅开发,天保基建,000965.SZ,-1.08,10.0,61800188.8,1.43,13,49,行业板块,东财三级行业
BK1345.DC,20260326,商业地产,*ST阳光,000608.SZ,-0.47,4.6,23197374.6,0.6,2,10,行业板块,东财三级行业
BK1344.DC,20260326,产业地产,浦东金桥,600639.SH,-0.77,1.19,17046329.0,1.05,3,9,行业板块,东财三级行业
BK1343.DC,20260326,物业管理,皇庭B,200056.SZ,-0.24,0.0,3004528.4,2.29,1,6,行业板块,东财三级行业
BK1342.DC,20260326,房地产综合服务,珠江股份,600684.SH,-0.6,-0.6,547506.7,3.61,0,1,行业板块,东财三级行业
BK1341.DC,20260326,房产租赁经纪,我爱我家,000560.SZ,-2.98,-2.35,2112365.2,3.02,0,3,行业板块,东财三级行业
BK1340.DC,20260326,印制电路板,广合科技,001389.SZ,-2.15,7.95,160917134.4,2.89,4,40,行业板块,东财三级行业
BK1339.DC,20260326,被动元件,海星股份,603115.SH,-1.33,8.67,29912025.6,3.42,4,15,行业板块,东财三级行业
BK1338.DC,20260326,消费电子零部件及组装,泓禧科技,920857.BJ,-1.77,7.56,265374292.8,2.08,12,75,行业板块,东财三级行业
BK1337.DC,20260326,品牌消费电子,海菲曼,920183.BJ,-1.23,0.76,28078406.4,1.54,3,8,行业板块,东财三级行业
BK1336.DC,20260326,其他电子Ⅲ,可立克,002782.SZ,-1.58,10.01,39761284.8,5.85,7,25,行业板块,东财三级行业
BK1335.DC,20260326,面板,奥瑞德,600666.SH,-2.39,4.73,69095976.0,2.54,3,39,行业板块,东财三级行业
BK1334.DC,20260326,光学元件,东田微,301183.SZ,-1.96,1.46,31720504.0,2.28,4,22,行业板块,东财三级行业
BK1333.DC,20260326,LED,ST长方,300301.SZ,-3.76,2.0,28113480.0,5.53,1,29,行业板块,东财三级行业
BK1332.DC,20260326,电子化学品Ⅲ,瑞联新材,688550.SH,-1.72,6.05,47437084.8,3.0,5,29,行业板块,东财三级行业
BK1331.DC,20260326,数字芯片设计,德明利,001309.SZ,-2.85,0.98,332045606.4,2.36,5,46,行业板块,东财三级行业
BK1330.DC,20260326,模拟芯片设计,臻镭科技,688270.SH,-2.56,0.13,49526480.0,1.95,1,34,行业板块,东财三级行业
BK1329.DC,20260326,集成电路制造,芯联集成-U,688469.SH,-3.25,-2.0,118133120.0,1.57,0,7,行业板块,东财三级行业
BK1328.DC,20260326,集成电路封测,汇成股份,688403.SH,-2.35,1.74,28292713.6,3.0,2,11,行业板块,东财三级行业
BK1327.DC,20260326,分立器件,斯达半导,603290.SH,-1.66,2.22,46131476.8,2.05,4,13,行业板块,东财三级行业
BK1326.DC,20260326,半导体设备,华亚智能,003043.SZ,-2.15,4.18,117820353.6,1.46,3,19,行业板块,东财三级行业
BK1325.DC,20260326,半导体材料,天岳先进,688234.SH,-2.7,0.13,57034499.2,1.83,2,25,行业板块,东财三级行业
BK1323.DC,20260326,综合电力设备商,上海电气,601727.SH,-2.6,-2.18,25229602.1,1.1,0,2,行业板块,东财三级行业
BK1322.DC,20260326,其他电源设备Ⅲ,海博思创,688411.SH,-2.48,4.93,42736208.0,2.96,4,22,行业板块,东财三级行业
BK1321.DC,20260326,火电设备,海陆重工,002255.SZ,-0.64,-1.78,2929845.7,5.01,1,3,行业板块,东财三级行业
BK1320.DC,20260326,逆变器,禾迈股份,688032.SH,-0.85,3.94,62562888.0,6.45,4,5,行业板块,东财三级行业
BK1319.DC,20260326,硅料硅片,大全能源,688303.SH,-4.2,-1.92,10687200.0,3.99,0,5,行业板块,东财三级行业
BK1318.DC,20260326,光伏主材,隆基绿能,601012.SH,-3.26,-2.75,23076934.4,2.61,0,3,行业板块,东财三级行业
BK1317.DC,20260326,光伏加工设备,金辰股份,603396.SH,-3.81,-0.51,28276790.4,3.98,0,11,行业板块,东财三级行业
BK1316.DC,20260326,光伏辅材,安彩高科,600207.SH,-2.81,10.03,20425440.8,3.28,2,16,行业板块,东财三级行业
BK1315.DC,20260326,光伏电池组件,通灵股份,301168.SZ,-4.49,0.43,45977691.2,8.02,1,22,行业板块,东财三级行业
BK1314.DC,20260326,风电整机,金风科技,002202.SZ,-3.89,-0.64,21924398.1,4.76,0,5,行业板块,东财三级行业
BK1313.DC,20260326,风电零部件,和展能源,000809.SZ,-3.51,4.68,31323043.2,8.79,3,22,行业板块,东财三级行业
BK1312.DC,20260326,线缆部件及其他,新能泰山,000720.SZ,-1.72,10.11,39221424.0,4.2,5,34,行业板块,东财三级行业
BK1311.DC,20260326,输变电设备,新特电气,301120.SZ,-3.81,2.05,66846150.4,4.07,1,29,行业板块,东财三级行业
BK1310.DC,20260326,配电设备,新宏泰,603016.SH,-2.01,5.7,26096244.4,3.98,4,22,行业板块,东财三级行业
BK1309.DC,20260326,电网自动化设备,新风光,688663.SH,-2.69,4.76,52505323.2,2.26,4,25,行业板块,东财三级行业
BK1308.DC,20260326,电工仪器仪表,海兴电力,603556.SH,-2.46,0.52,9754634.3,2.64,1,13,行业板块,东财三级行业
BK1307.DC,20260326,电机Ⅲ,神力股份,603819.SH,-1.02,5.81,28114318.4,2.31,3,23,行业板块,东财三级行业
BK1306.DC,20260326,蓄电池及其他电池,骆驼股份,601311.SH,-0.47,1.8,9797772.8,5.74,4,6,行业板块,东财三级行业
BK1305.DC,20260326,燃料电池,亿华通-U,688339.SH,-1.62,-1.62,643182.7,2.28,0,1,行业板块,东财三级行业
BK1304.DC,20260326,锂电专用设备,武汉蓝电,920779.BJ,-0.74,4.38,19923498.9,2.42,4,14,行业板块,东财三级行业
BK1303.DC,20260326,锂电池,中瑞股份,301587.SZ,1.02,10.33,246764622.4,4.2,18,14,行业板块,东财三级行业
BK1302.DC,20260326,电池化学品,石大胜华,603026.SH,1.94,10.01,98369203.2,5.0,33,9,行业板块,东财三级行业
BK1301.DC,20260326,游戏Ⅲ,完美世界,002624.SZ,-2.11,-0.06,48677627.2,1.63,0,25,行业板块,东财三级行业
BK1300.DC,20260326,院线,金逸影视,002905.SZ,-1.48,-0.1,4407261.9,1.34,0,4,行业板块,东财三级行业
BK1299.DC,20260326,影视动漫制作,*ST天择,603721.SH,-1.77,-0.46,14954019.0,2.16,0,14,行业板块,东财三级行业
BK1298.DC,20260326,文字媒体,中文在线,300364.SZ,-1.72,-1.16,2934271.2,4.27,0,2,行业板块,东财三级行业
BK1297.DC,20260326,图片媒体,视觉中国,000681.SZ,-2.37,-2.37,1412364.1,2.19,0,1,行业板块,东财三级行业
BK1296.DC,20260326,视频媒体,芒果超媒,300413.SZ,-2.01,-2.01,3821882.6,1.42,0,1,行业板块,东财三级行业
BK1295.DC,20260326,其他数字媒体,凡拓数创,301313.SZ,-2.32,-2.18,845304.5,2.82,0,2,行业板块,东财三级行业
BK1294.DC,20260326,门户网站,*ST返利,600228.SH,-1.41,1.52,12323348.0,2.61,2,7,行业板块,东财三级行业
BK1293.DC,20260326,营销代理,ST联合,600358.SH,-2.01,3.02,22823403.2,2.83,1,26,行业板块,东财三级行业
BK1292.DC,20260326,广告媒体,分众传媒,002027.SZ,-1.1,-0.47,10129073.8,0.87,0,3,行业板块,东财三级行业
BK1291.DC,20260326,电视广播Ⅲ,流金科技,920021.BJ,-1.84,4.13,15268468.8,1.44,1,13,行业板块,东财三级行业
BK1290.DC,20260326,教育出版,山东出版,601019.SH,-1.34,-0.23,13038113.2,0.58,0,10,行业板块,东财三级行业
BK1289.DC,20260326,大众出版,内蒙新华,603230.SH,-1.73,0.84,13253606.4,1.45,1,17,行业板块,东财三级行业
BK1288.DC,20260326,金属新材料,天力复合,920576.BJ,-1.5,7.12,36427296.0,1.82,4,30,行业板块,东财二级行业
BK1287.DC,20260326,工业金属,丽岛新材,603937.SH,-1.07,9.98,310424016.0,1.79,11,47,行业板块,东财二级行业
BK1283.DC,20260326,银行,渝农商行,601077.SH,0.24,1.71,1491266892.8,0.24,26,10,行业板块,东财一级行业
BK1282.DC,20260326,饮料乳品,妙可蓝多,600882.SH,-1.05,0.75,45408952.0,1.21,4,23,行业板块,东财二级行业
BK1281.DC,20260326,休闲食品,紫燕食品,603057.SH,-0.82,1.11,16763237.8,1.18,3,20,行业板块,东财二级行业
BK1280.DC,20260326,食品加工,三全食品,002216.SZ,-0.7,3.09,25167901.7,2.27,8,19,行业板块,东财二级行业
BK1279.DC,20260326,非白酒,中信尼雅,600084.SH,-1.36,0.14,24371646.5,0.86,1,16,行业板块,东财二级行业
BK1278.DC,20260326,调味发酵品Ⅱ,天味食品,603317.SH,-0.77,0.49,35206700.8,2.19,2,12,行业板块,东财二级行业
BK1277.DC,20260326,白酒Ⅱ,皇台酒业,000995.SZ,-1.86,0.63,280543995.2,0.65,1,20,行业板块,东财二级行业
BK1276.DC,20260326,油气开采Ⅱ,蓝焰控股,000968.SZ,2.19,9.96,204222302.4,5.36,4,1,行业板块,东财二级行业
BK1275.DC,20260326,油服工程,潜能恒信,300191.SZ,0.37,3.69,29840364.8,2.23,7,6,行业板块,东财二级行业
BK1274.DC,20260326,炼化及贸易,渤海化学,600800.SH,-0.25,9.92,352064606.4,0.45,10,21,行业板块,东财二级行业
BK1273.DC,20260326,体育Ⅱ,中体产业,600158.SH,-4.23,-4.19,1271103.3,11.98,0,2,行业板块,东财二级行业
BK1272.DC,20260326,旅游及景区,陕西旅游,603402.SH,-0.75,2.6,15820407.5,2.08,5,21,行业板块,东财二级行业
BK1271.DC,20260326,酒店餐饮,金陵饭店,601007.SH,-0.71,1.51,8357340.1,1.62,2,8,行业板块,东财二级行业
BK1270.DC,20260326,专业连锁Ⅱ,吉峰科技,300022.SZ,-1.24,0.0,5350408.5,2.22,0,6,行业板块,东财二级行业
BK1269.DC,20260326,旅游零售Ⅱ,中国中免,601888.SH,-1.63,-1.57,15786902.8,0.96,0,2,行业板块,东财二级行业
BK1268.DC,20260326,互联网电商,若羽臣,003010.SZ,-1.3,0.63,12151240.9,1.24,2,15,行业板块,东财二级行业
BK1267.DC,20260326,造纸,冠豪高新,600433.SH,-1.63,1.89,18034355.9,2.15,3,22,行业板块,东财二级行业
BK1266.DC,20260326,文娱用品,浙江正特,001238.SZ,-2.45,0.27,12482107.3,4.06,1,22,行业板块,东财二级行业
BK1265.DC,20260326,包装印刷,金富科技,003018.SZ,-0.04,10.02,27929326.4,3.79,16,30,行业板块,东财二级行业
BK1264.DC,20260326,商用车,中集车辆,301039.SZ,-0.16,1.46,34175785.6,1.14,7,7,行业板块,东财二级行业
BK1263.DC,20260326,摩托车及其他,涛涛车业,301345.SZ,-1.94,0.66,23516580.8,1.19,1,18,行业板块,东财二级行业
BK1262.DC,20260326,乘用车,长  安Ｂ,200625.SZ,-1.73,-0.49,171025107.2,0.81,0,9,行业板块,东财二级行业
BK1261.DC,20260326,种植业,苏垦农发,601952.SH,-1.42,1.51,16953917.2,3.15,4,17,行业板块,东财二级行业
BK1260.DC,20260326,渔业,大湖股份,600257.SH,0.42,7.54,1985825.2,3.27,2,4,行业板块,东财二级行业
BK1259.DC,20260326,养殖业,立华股份,300761.SZ,-0.65,3.07,56513230.4,1.14,5,17,行业板块,东财二级行业
BK1258.DC,20260326,饲料,粤海饲料,001313.SZ,-1.56,0.59,19514978.4,1.76,1,16,行业板块,东财二级行业
BK1257.DC,20260326,农业综合Ⅱ,辉隆股份,002556.SZ,-0.81,0.33,1163610.4,1.98,1,2,行业板块,东财二级行业
BK1256.DC,20260326,农产品加工,华资实业,600191.SH,-0.48,4.26,30331393.6,1.99,7,21,行业板块,东财二级行业
BK1255.DC,20260326,林业Ⅱ,ST景谷,600265.SH,-2.14,0.34,2811045.3,12.03,1,3,行业板块,东财二级行业
BK1254.DC,20260326,动物保健Ⅱ,瑞普生物,300119.SZ,-1.02,1.18,6817097.9,1.26,2,11,行业板块,东财二级行业
BK1253.DC,20260326,医疗美容,*ST美谷,000615.SZ,-2.15,-1.55,7873473.1,0.6,0,4,行业板块,东财二级行业
BK1252.DC,20260326,化妆品,嘉亨家化,300955.SZ,-0.62,7.32,12478371.4,1.12,3,12,行业板块,东财二级行业
BK1251.DC,20260326,个护用品,两面针,600249.SH,-1.6,4.34,8498326.3,2.78,3,10,行业板块,东财二级行业
BK1250.DC,20260326,煤炭开采,辽宁能源,600758.SH,0.37,7.34,222667126.4,1.83,14,11,行业板块,东财二级行业
BK1249.DC,20260326,焦炭Ⅱ,宝泰隆,601011.SH,-0.46,5.29,7197239.7,5.77,3,4,行业板块,东财二级行业
BK1248.DC,20260326,专业工程,再升科技,603601.SH,-1.55,9.98,48819225.6,2.92,6,35,行业板块,东财二级行业
BK1247.DC,20260326,基础建设,成都路桥,002628.SZ,-2.26,2.18,99906104.0,2.13,4,43,行业板块,东财二级行业
BK1246.DC,20260326,房屋建设Ⅱ,中国建筑,601668.SH,-2.55,-0.8,28824636.8,0.9,0,8,行业板块,东财二级行业
BK1245.DC,20260326,照明设备Ⅱ,欧普照明,603515.SH,-0.99,1.62,8320660.2,1.95,2,11,行业板块,东财二级行业
BK1244.DC,20260326,小家电,德昌股份,605555.SH,0.47,10.01,21759891.9,1.65,7,15,行业板块,东财二级行业
BK1243.DC,20260326,其他家电Ⅱ,融捷健康,300247.SZ,-0.94,0.22,1142557.5,1.85,1,2,行业板块,东财二级行业
BK1242.DC,20260326,家电零部件Ⅱ,天银机电,300342.SZ,-1.13,6.67,40591526.4,3.24,5,30,行业板块,东财二级行业
BK1241.DC,20260326,黑色家电,*ST高斯,002848.SZ,-1.67,2.53,16186330.3,1.66,1,9,行业板块,东财二级行业
BK1240.DC,20260326,厨卫电器,帅丰电器,605336.SH,-2.08,2.18,6087210.3,2.63,2,7,行业板块,东财二级行业
BK1239.DC,20260326,白色家电,TCL智家,002668.SZ,-1.22,0.0,107035190.4,0.59,0,11,行业板块,东财二级行业
BK1238.DC,20260326,IT服务Ⅱ,万达信息,300168.SZ,-2.67,8.18,153651182.4,3.65,15,119,行业板块,东财二级行业
BK1237.DC,20260326,自动化设备,智立方,301312.SZ,-1.55,8.91,112184280.0,2.35,15,73,行业板块,东财二级行业
BK1236.DC,20260326,轨交设备Ⅱ,中国铁物,000927.SZ,-1.17,9.87,45664801.6,1.65,2,29,行业板块,东财二级行业
BK1235.DC,20260326,环境治理,中再资环,600217.SH,-2.17,2.92,81973995.2,2.22,12,95,行业板块,东财二级行业
BK1234.DC,20260326,环保设备Ⅱ,严牌股份,301081.SZ,-2.76,0.54,15346479.7,2.86,3,24,行业板块,东财二级行业
BK1233.DC,20260326,军工电子Ⅱ,西测测试,301306.SZ,-1.73,16.28,111927739.2,3.56,7,55,行业板块,东财二级行业
BK1232.DC,20260326,航天装备Ⅱ,航天环宇,688523.SH,-1.26,0.9,45950636.8,2.51,2,7,行业板块,东财二级行业
BK1231.DC,20260326,航空装备Ⅱ,派克新材,605123.SH,-1.85,2.74,110305158.4,1.44,5,43,行业板块,东财二级行业
BK1230.DC,20260326,航海装备Ⅱ,中船防务,600685.SH,-3.13,-1.69,45286744.0,2.11,0,10,行业板块,东财二级行业
BK1229.DC,20260326,地面兵装Ⅱ,ST应急,300527.SZ,-4.02,-1.84,16374424.8,4.12,0,12,行业板块,东财二级行业
BK1228.DC,20260326,冶钢原料,广东明珠,600382.SH,0.03,5.88,21070377.2,1.45,2,7,行业板块,东财二级行业
BK1227.DC,20260326,特钢Ⅱ,中信特钢,000708.SZ,-1.58,0.18,21821137.8,0.87,1,12,行业板块,东财二级行业
BK1226.DC,20260326,普钢,新兴铸管,000778.SZ,-2.11,0.44,60139203.2,1.4,2,21,行业板块,东财二级行业
BK1225.DC,20260326,服装家纺,探路者,300005.SZ,-0.73,5.09,33208412.8,1.57,14,45,行业板块,东财二级行业
BK1224.DC,20260326,纺织制造,孚日股份,002083.SZ,-1.76,3.05,20165968.1,2.83,4,27,行业板块,东财二级行业
BK1223.DC,20260326,其他电子Ⅱ,可立克,002782.SZ,-1.58,10.01,39761284.8,5.85,7,25,行业板块,东财二级行业
BK1222.DC,20260326,影视院线,金逸影视,002905.SZ,-1.7,-0.1,19361280.9,2.02,0,18,行业板块,东财二级行业
BK1221.DC,20260326,数字媒体,*ST返利,600228.SH,-1.68,1.52,21337170.6,2.67,2,13,行业板块,东财二级行业
BK1220.DC,20260326,广告营销,ST联合,600358.SH,-1.92,3.02,32952476.8,1.97,1,29,行业板块,东财二级行业
BK1219.DC,20260326,电视广播Ⅱ,流金科技,920021.BJ,-1.84,4.13,15268468.8,1.44,1,13,行业板块,东财二级行业
BK1218.DC,20260326,出版,内蒙新华,603230.SH,-1.59,0.84,26291719.7,1.03,1,27,行业板块,东财二级行业
BK1217.DC,20260326,综合,南京新百,600682.SH,-0.5,9.97,20969799.7,1.82,4,14,行业板块,东财一级行业
BK1216.DC,20260326,医药生物,海森药业,001367.SZ,-1.07,9.99,660637670.4,1.6,93,407,行业板块,东财一级行业
BK1215.DC,20260326,通信,铭普光磁,002902.SZ,-2.51,10.02,632047052.8,2.09,11,119,行业板块,东财一级行业
BK1214.DC,20260326,社会服务,安邦护卫,603373.SH,-1.47,4.11,54725385.6,2.16,11,76,行业板块,东财一级行业
BK1213.DC,20260326,商贸零售,南京商旅,600250.SH,-1.17,3.4,100391884.8,1.49,9,88,行业板块,东财一级行业
BK1212.DC,20260326,轻工制造,金富科技,003018.SZ,-1.03,10.02,112319396.8,2.66,33,137,行业板块,东财一级行业
BK1211.DC,20260326,汽车,华阳变速,920146.BJ,-1.27,9.65,514266726.4,1.72,59,259,行业板块,东财一级行业
BK1210.DC,20260326,交通运输,中远海特,600428.SH,-0.4,4.77,356389115.2,1.02,50,76,行业板块,东财一级行业
BK1209.DC,20260326,建筑装饰,再升科技,603601.SH,-1.82,9.98,211211966.4,2.03,17,149,行业板块,东财一级行业
BK1208.DC,20260326,建筑材料,法狮龙,605318.SH,-1.6,3.71,100238555.2,1.57,6,68,行业板块,东财一级行业
BK1207.DC,20260326,计算机,中润光学,688307.SH,-2.64,8.22,448621593.6,2.9,28,330,行业板块,东财一级行业
BK1206.DC,20260326,基础化工,大东南,002263.SZ,-0.84,10.12,494914457.6,3.07,101,333,行业板块,东财一级行业
BK1205.DC,20260326,机械设备,中国铁物,000927.SZ,-1.72,9.87,587924121.6,2.3,58,539,行业板块,东财一级行业
BK1204.DC,20260326,国防军工,西测测试,301306.SZ,-2.04,16.28,329844702.4,2.54,14,127,行业板块,东财一级行业
BK1203.DC,20260326,非银金融,江苏金租,600901.SH,-2.26,0.92,698325683.2,0.76,1,79,行业板块,东财一级行业
BK1202.DC,20260326,房地产,天保基建,000965.SZ,-0.95,10.0,107708292.8,1.33,19,78,行业板块,东财一级行业
BK1201.DC,20260326,电子,可立克,002782.SZ,-2.21,10.01,1449394432.0,2.7,60,437,行业板块,东财一级行业
BK1200.DC,20260326,电力设备,新能泰山,000720.SZ,-1.73,10.11,913186406.4,4.45,92,306,行业板块,东财一级行业
BK1046.DC,20260326,游戏Ⅱ,完美世界,002624.SZ,-2.11,-0.06,48677627.2,1.63,0,25,行业板块,东财二级行业
BK1045.DC,20260326,房地产服务,皇庭B,200056.SZ,-0.95,0.0,5664400.4,2.75,1,10,行业板块,东财二级行业
BK1044.DC,20260326,生物制品,赛伦生物,688163.SH,-1.08,2.33,93989238.4,0.94,10,48,行业板块,东财二级行业
BK1043.DC,20260326,专业服务,安邦护卫,603373.SH,-1.74,4.11,20449978.2,1.71,3,30,行业板块,东财二级行业
BK1042.DC,20260326,医药商业,老百姓,603883.SH,-1.28,0.23,32852097.6,0.97,2,29,行业板块,东财二级行业
BK1041.DC,20260326,医疗器械,康拓医疗,688314.SH,-1.82,4.88,130297792.0,1.64,11,124,行业板块,东财二级行业
BK1040.DC,20260326,中药Ⅱ,嘉应制药,002198.SZ,-0.96,1.05,82196264.0,1.16,9,57,行业板块,东财二级行业
BK1039.DC,20260326,电子化学品Ⅱ,瑞联新材,688550.SH,-1.72,6.05,47437084.8,3.0,5,29,行业板块,东财二级行业
BK1038.DC,20260326,光学光电子,奥瑞德,600666.SH,-2.7,4.73,128929960.0,3.0,8,90,行业板块,东财二级行业
BK1037.DC,20260326,消费电子,泓禧科技,920857.BJ,-1.71,7.56,293452697.6,2.06,15,83,行业板块,东财二级行业
BK1036.DC,20260326,半导体,华亚智能,003043.SZ,-2.54,4.18,748984243.2,2.12,17,155,行业板块,东财二级行业
BK1035.DC,20260326,美容护理,嘉亨家化,300955.SZ,-1.21,7.32,28850171.2,1.61,6,26,行业板块,东财一级行业
BK1034.DC,20260326,其他电源设备Ⅱ,海博思创,688411.SH,-2.26,4.93,70895656.0,2.25,5,27,行业板块,东财二级行业
BK1033.DC,20260326,电池,石大胜华,603026.SH,0.93,10.01,375498280.0,4.52,59,44,行业板块,东财二级行业
BK1032.DC,20260326,风电设备,和展能源,000809.SZ,-3.57,4.68,53247441.6,7.24,3,27,行业板块,东财二级行业
BK1031.DC,20260326,光伏设备,安彩高科,600207.SH,-3.39,10.03,191006945.6,5.77,7,62,行业板块,东财二级行业
BK1030.DC,20260326,电机Ⅱ,神力股份,603819.SH,-1.02,5.81,28114318.4,2.31,3,23,行业板块,东财二级行业
BK1028.DC,20260326,燃气Ⅱ,首华燃气,300483.SZ,0.63,6.62,31880201.6,3.86,15,14,行业板块,东财二级行业
BK1027.DC,20260326,小金属,西部材料,002149.SZ,-2.26,10.0,101468803.2,3.37,1,23,行业板块,东财二级行业
BK1020.DC,20260326,非金属材料Ⅱ,龙高股份,605086.SH,-1.65,0.11,10049906.1,1.97,1,11,行业板块,东财二级行业
BK1019.DC,20260326,化学原料,兴化股份,002109.SZ,-0.13,10.02,90924372.8,2.94,23,38,行业板块,东财二级行业
BK1018.DC,20260326,橡胶,联科科技,001207.SZ,-1.41,1.13,12732574.6,2.02,5,16,行业板块,东财二级行业
BK1016.DC,20260326,汽车服务,交运股份,600676.SH,-0.93,2.02,6213756.7,1.07,1,10,行业板块,东财二级行业
BK1015.DC,20260326,能源金属,融捷股份,002192.SZ,2.89,10.01,54819385.6,5.22,9,2,行业板块,东财二级行业
BK0910.DC,20260326,专用设备,大叶股份,300879.SZ,-1.63,7.34,164025953.6,1.97,20,178,行业板块,东财二级行业
BK0740.DC,20260326,教育,中国高科,600730.SH,-2.19,0.33,8826556.2,2.05,1,15,行业板块,东财二级行业
BK0739.DC,20260326,工程机械,万通液压,920839.BJ,-1.73,0.77,75807390.4,1.74,2,32,行业板块,东财二级行业
BK0738.DC,20260326,多元金融,江苏金租,600901.SH,-2.77,0.92,59032409.6,1.23,1,25,行业板块,东财二级行业
BK0737.DC,20260326,软件开发,*ST汇科,300561.SZ,-2.88,4.44,171154918.4,2.46,4,131,行业板块,东财二级行业
BK0736.DC,20260326,通信服务,中国移动,600941.SH,-3.15,0.02,310221046.4,1.24,1,39,行业板块,东财二级行业
BK0735.DC,20260326,计算机设备,中润光学,688307.SH,-2.24,8.22,123815486.4,2.31,9,80,行业板块,东财二级行业
BK0734.DC,20260326,饰品,ST萃华,002731.SZ,-1.21,1.5,13751145.0,1.3,1,14,行业板块,东财二级行业
BK0732.DC,20260326,贵金属,盛达资源,000603.SZ,-2.93,-1.4,71105784.0,2.49,0,13,行业板块,东财二级行业
BK0731.DC,20260326,农化制品,四川美丰,000731.SZ,-1.02,2.95,109659331.2,3.49,13,48,行业板块,东财二级行业
BK0728.DC,20260326,环保,中再资环,600217.SH,-2.29,2.92,97320475.2,2.3,15,119,行业板块,东财一级行业
BK0727.DC,20260326,医疗服务,新里程,002219.SZ,-1.03,7.3,90080702.4,2.84,15,38,行业板块,东财二级行业
BK0726.DC,20260326,工程咨询服务Ⅱ,杰恩设计,300668.SZ,-1.87,18.47,22120613.4,2.9,2,45,行业板块,东财二级行业
BK0725.DC,20260326,装修装饰Ⅱ,ST柯利达,603828.SH,-1.06,3.34,11541385.9,1.61,5,18,行业板块,东财二级行业
BK0546.DC,20260326,玻璃玻纤,九鼎新材,002201.SZ,-2.04,0.73,38880360.0,2.36,1,16,行业板块,东财二级行业
BK0545.DC,20260326,通用设备,中大力德,002896.SZ,-1.91,5.17,190241683.2,3.33,19,227,行业板块,东财二级行业
BK0539.DC,20260326,综合Ⅱ,南京新百,600682.SH,-0.5,9.97,20969799.7,1.82,4,14,行业板块,东财二级行业
BK0538.DC,20260326,化学制品,元利科技,603217.SH,-0.7,9.98,176395364.8,2.61,38,137,行业板块,东财二级行业
BK0486.DC,20260326,传媒,流金科技,920021.BJ,-1.82,4.13,163888745.6,1.68,5,125,行业板块,东财一级行业
BK0484.DC,20260326,贸易Ⅱ,南京商旅,600250.SH,-0.87,3.4,16203103.0,3.06,3,11,行业板块,东财二级行业
BK0482.DC,20260326,一般零售,天虹股份,002419.SZ,-1.19,1.08,50900228.8,1.25,4,54,行业板块,东财二级行业
BK0481.DC,20260326,汽车零部件,华阳变速,920146.BJ,-1.28,9.65,279335488.0,2.21,50,215,行业板块,东财二级行业
BK0479.DC,20260326,钢铁,广东明珠,600382.SH,-1.54,5.88,103030718.4,1.34,5,40,行业板块,东财一级行业
BK0478.DC,20260326,有色金属,丽岛新材,603937.SH,-1.24,9.98,574245273.6,2.15,25,115,行业板块,东财一级行业
BK0476.DC,20260326,装修建材,法狮龙,605318.SH,-1.18,3.71,28583033.6,1.55,5,30,行业板块,东财二级行业
BK0475.DC,20260326,银行Ⅱ,渝农商行,601077.SH,0.24,1.71,1491266892.8,0.24,26,10,行业板块,东财二级行业
BK0474.DC,20260326,保险Ⅱ,中国太保,601601.SH,-3.81,-3.36,299409176.0,0.4,0,5,行业板块,东财二级行业
BK0473.DC,20260326,证券Ⅱ,西南证券,600369.SH,-1.84,-0.24,339884102.4,0.74,0,49,行业板块,东财二级行业
BK0471.DC,20260326,化学纤维,华峰化学,002064.SZ,-1.84,1.81,30269520.0,3.15,4,22,行业板块,东财二级行业
BK0465.DC,20260326,化学制药,海森药业,001367.SZ,-0.44,9.99,231221584.0,1.78,46,111,行业板块,东财二级行业
BK0464.DC,20260326,石油石化,渤海化学,600800.SH,0.17,9.92,586127283.2,0.86,21,28,行业板块,东财一级行业
BK0459.DC,20260326,元件,海星股份,603115.SH,-1.9,8.67,190829160.0,3.03,8,55,行业板块,东财二级行业
BK0458.DC,20260326,仪器仪表,*ST威尔,002058.SZ,-1.64,4.46,36173067.2,2.19,8,55,行业板块,东财三级行业
BK0457.DC,20260326,电网设备,新能泰山,000720.SZ,-2.5,10.11,194423776.0,3.57,15,123,行业板块,东财二级行业
BK0456.DC,20260326,家用电器,德昌股份,605555.SH,-0.9,10.01,201123368.0,1.73,18,85,行业板块,东财一级行业
BK0454.DC,20260326,塑料,大东南,002263.SZ,-0.98,10.12,64883398.4,4.11,17,61,行业板块,东财二级行业
BK0451.DC,20260326,房地产开发,天保基建,000965.SZ,-0.95,10.0,102043892.8,1.25,18,68,行业板块,东财二级行业
BK0450.DC,20260326,航运港口,中远海特,600428.SH,-0.67,4.77,129690752.0,1.15,12,21,行业板块,东财二级行业
BK0448.DC,20260326,通信设备,铭普光磁,002902.SZ,-2.23,10.02,321826004.8,4.47,10,80,行业板块,东财二级行业
BK0440.DC,20260326,家居用品,联翔股份,603272.SH,-1.02,10.0,53873606.4,1.64,13,63,行业板块,东财二级行业
BK0438.DC,20260326,食品饮料,三全食品,002216.SZ,-1.07,3.09,427462433.6,1.41,19,110,行业板块,东财一级行业
BK0437.DC,20260326,煤炭,辽宁能源,600758.SH,0.2,7.34,229864364.8,2.38,17,15,行业板块,东财一级行业
BK0436.DC,20260326,纺织服饰,探路者,300005.SZ,-1.11,5.09,67125526.4,1.86,19,86,行业板块,东财一级行业
BK0433.DC,20260326,农林牧渔,大湖股份,600257.SH,-0.92,7.54,136091097.6,2.16,23,91,行业板块,东财一级行业
BK0428.DC,20260326,电力,晋控电力,000767.SZ,-0.16,9.98,429245718.4,4.31,46,63,行业板块,东财二级行业
BK0427.DC,20260326,公用事业,晋控电力,000767.SZ,0.01,9.98,461125913.6,4.29,61,77,行业板块,东财一级行业
BK0424.DC,20260326,水泥,万年青,000789.SZ,-1.95,0.0,32775161.6,1.13,0,22,行业板块,东财二级行业
BK0422.DC,20260326,物流,申通快递,002468.SZ,-0.14,4.48,71844006.4,1.2,21,25,行业板块,东财二级行业
BK0421.DC,20260326,铁路公路,铁龙物流,600125.SH,-0.21,3.43,84575942.4,0.82,15,18,行业板块,东财二级行业
BK0420.DC,20260326,航空机场,春秋航空,601021.SH,-1.05,0.61,70278416.0,0.98,2,12,行业板块,东财二级行业
