模式,代码,名称,动作,介入时机,目标价,止损价,止盈价,仓位,前置条件,取消条件,置信度,理由,加入观察池,热点共振,共振板块,综合评分,优先级,所属板块,惩罚理由,因子指标,原始指标,回测增强组合,策略ID,策略名称,策略版本,策略执行,策略单票仓位上限%,策略来源,组合建议仓位%,市场总仓位上限%,行动分组,因子_stk_sector_mainline_score,因子_stk_sector_resonance_score,因子_stk_mainline_leader_identity,因子_stk_sector_persistence_score,因子_stk_relative_strength_sector,因子_stk_board_position,因子_stk_intraday_seal_quality,因子_stk_behavior_acceleration,因子_stk_new_high_20d,因子_stk_capital_flow_consensus,因子_stk_capital_flow_persistence,因子_stk_attention_consensus,因子_stk_attention_crowding_risk,因子_stk_kpl_leader_quality,因子_stk_margin_acceleration,因子_stk_block_trade_risk,因子_stk_behavior_attention,因子_stk_behavior_divergence,因子_stk_behavior_repair,因子_stk_behavior_decay,原始_mkt_market_score,原始_mkt_width_score,原始_mkt_emotion_score,原始_pct_chg,原始_vol_ratio,原始_amount_ratio,原始_new_high_ratio,原始_limit_pct,原始_limit_progress,原始_limit_progress_score,原始_liquidity_score,原始_board_height,原始_board_score,原始_seal_time_score,原始_sector_heat_score,原始_sector_persistence_score,原始_sector_mainline_score,原始_sector_resonance_score,原始_lhb_present,原始_lhb_net_buy_ratio,原始_institution_net_buy_ratio,原始_appearance_days_5d,原始_crowding_penalty_score,原始_capital_flow_consensus_score,原始_capital_flow_persistence_score,原始_attention_score,原始_attention_crowding_penalty,原始_leader_quality_score,原始_margin_score,原始_event_risk_score,原始_sector_flow_score,原始_behavior_data_completeness,因子_stk_pullback_contraction,因子_stk_liquidity_percentile,因子_stk_reversal_recovery,因子_stk_lhb_net_buy_score,因子_stk_lhb_institution_score,因子_stk_lhb_institution_consensus,因子_stk_lhb_repeat_persistence,因子_stk_lhb_sector_resonance,因子_stk_lhb_composite_score,因子_stk_lhb_crowding_risk
生产决策池,001229,魅视科技,买入,弱转强确认 / 强势延续确认按分钟确认,0.0,0.0,0.0,light,开盘仅用于信号分层，按策略配置的截止时间逐分钟确认,龙头生命周期进入衰退；席位过度一致增加兑现风险,1.0,,True,False,"['计算机通信和其他电子设备制造业指数', '通信设备Ⅲ(A股)', '通信设备Ⅳ(A股)']",100.0,1,"['计算机通信和其他电子设备制造业指数', '通信设备Ⅲ(A股)', '通信设备Ⅳ(A股)']",,"{""stk_attention_consensus"": 50.0, ""stk_attention_crowding_risk"": 100.0, ""stk_behavior_acceleration"": 85.1408, ""stk_behavior_attention"": 75.3782, ""stk_behavior_decay"": 26.3357, ""stk_behavior_divergence"": 27.7079, ""stk_behavior_repair"": 77.4703, ""stk_block_trade_risk"": 100.0, ""stk_board_position"": 81.94513590055608, ""stk_capital_flow_consensus"": 98.13447059049884, ""stk_capital_flow_persistence"": 88.73145524254042, ""stk_intraday_seal_quality"": 86.0, ""stk_kpl_leader_quality"": 33.72727272727273, ""stk_mainline_leader_identity"": 100.0, ""stk_margin_acceleration"": 50.0, ""stk_new_high_20d"": 97.14511754068718, ""stk_relative_strength_sector"": 93.4640522875817, ""stk_sector_mainline_score"": 77.6224, ""stk_sector_persistence_score"": 91.6667, ""stk_sector_resonance_score"": 78.8822}","{""amount_ratio"": 0.9242333002478608, ""appearance_days_5d"": 0.0, ""attention_crowding_penalty"": 0.0, ""attention_score"": 50.0, ""behavior_data_completeness"": 100.0, ""board_height"": 1.0, ""board_score"": 81.94513590055608, ""capital_flow_consensus_score"": 98.13447059049884, ""capital_flow_persistence_score"": 88.73145524254042, ""crowding_penalty_score"": 0.0, ""event_risk_score"": 0.0, ""institution_net_buy_ratio"": 0.0, ""leader_quality_score"": 33.72727272727273, ""lhb_net_buy_ratio"": 0.0, ""lhb_present"": 0.0, ""limit_pct"": 10.0, ""limit_progress"": 1.00048, ""limit_progress_score"": 100.0, ""liquidity_score"": 67.26846001083227, ""margin_score"": 50.0, ""mkt_emotion_score"": 91.17647058823529, ""mkt_market_score"": 72.34846383478649, ""mkt_width_score"": 78.26322440873804, ""new_high_ratio"": 1.0314195298372513, ""pct_chg"": 10.0048, ""seal_time_score"": 68.0, ""sector_flow_score"": 50.0, ""sector_heat_score"": 71.5979, ""sector_mainline_score"": 77.6224, ""sector_persistence_score"": 91.6667, ""sector_resonance_score"": 78.8822, ""vol_ratio"": 0.8696891787051402}",基线,mainline_leader,生产决策池,1e31a97a054b,"{""allowed_entry_modes"": [""weak_to_strong"", ""continuation""], ""candidate_max_age_days"": 1, ""confirmation_deadline"": ""10:00:00"", ""exit"": {""hard_stop_loss"": 0.05, ""time_stop_days"": 5, ""time_stop_profit_threshold"": 0.02, ""trailing_activation"": 0.05, ""trailing_early_stop"": 0.04, ""trailing_high_profit"": 0.2, ""trailing_mid_profit"": 0.1, ""trailing_mid_stop"": 0.06, ""trailing_stop"": 0.08}, ""mode_deadlines"": {""continuation"": ""10:00:00"", ""weak_to_strong"": ""10:00:00""}, ""primary_strategy"": ""mainline_leader"", ""source_strategies"": [""mainline_leader"", ""weak_to_strong"", ""first_board_launch""], ""structures"": {}}",15.0,"mainline_leader,weak_to_strong,first_board_launch",10.0,80.0,重点确认,77.6224,78.8822,100.0,91.6667,93.4640522875817,81.94513590055608,86.0,85.1408,97.14511754068718,98.13447059049884,88.73145524254042,50.0,100.0,33.72727272727273,50.0,100.0,75.3782,27.7079,77.4703,26.3357,72.34846383478649,78.26322440873804,91.17647058823529,10.0048,0.8696891787051402,0.9242333002478608,1.0314195298372513,10.0,1.00048,100.0,67.26846001083227,1.0,81.94513590055608,68.0,71.5979,91.6667,77.6224,78.8822,0.0,0.0,0.0,0.0,0.0,98.13447059049884,88.73145524254042,50.0,0.0,33.72727272727273,50.0,0.0,50.0,100.0,,,,,,,,,,
生产决策池,002083,孚日股份,买入,涨停回踩转强确认按分钟确认,0.0,0.0,0.0,light,开盘仅用于信号分层，按策略配置的截止时间逐分钟确认,板块转弱；跌破开盘低点或超过策略截止时间未确认,0.8133,,True,False,"['新能源汽车', '军工', '一带一路']",81.33,2,"['新能源汽车', '军工', '一带一路']",,"{""stk_attention_consensus"": 50.0, ""stk_attention_crowding_risk"": 100.0, ""stk_behavior_acceleration"": 64.395, ""stk_behavior_attention"": 61.657, ""stk_behavior_decay"": 41.9788, ""stk_behavior_divergence"": 35.1551, ""stk_behavior_repair"": 60.3985, ""stk_block_trade_risk"": 100.0, ""stk_capital_flow_consensus"": 92.9628161252021, ""stk_capital_flow_persistence"": 26.22937156192699, ""stk_kpl_leader_quality"": 50.0, ""stk_liquidity_percentile"": 87.01931756634772, ""stk_margin_acceleration"": 50.0, ""stk_pullback_contraction"": 86.03003048111133, ""stk_relative_strength_sector"": 71.00271002710026}","{""amount_ratio"": 0.8790636108857597, ""appearance_days_5d"": 0.0, ""attention_crowding_penalty"": 0.0, ""attention_score"": 50.0, ""behavior_data_completeness"": 100.0, ""board_height"": 0.0, ""board_score"": 50.0, ""capital_flow_consensus_score"": 92.9628161252021, ""capital_flow_persistence_score"": 26.22937156192699, ""crowding_penalty_score"": 0.0, ""event_risk_score"": 0.0, ""institution_net_buy_ratio"": 0.0, ""leader_quality_score"": 50.0, ""lhb_net_buy_ratio"": 0.0, ""lhb_present"": 0.0, ""limit_pct"": 10.0, ""limit_progress"": 0.21204, ""limit_progress_score"": 60.602000000000004, ""liquidity_score"": 87.01931756634772, ""margin_score"": 50.0, ""mkt_emotion_score"": 91.17647058823529, ""mkt_market_score"": 72.34846383478649, ""mkt_width_score"": 78.26322440873804, ""new_high_ratio"": 0.9502762430939226, ""pct_chg"": 2.1204, ""seal_time_score"": 50.0, ""sector_flow_score"": 81.2661, ""sector_heat_score"": 59.601, ""sector_mainline_score"": 69.9805, ""sector_persistence_score"": 75.0, ""sector_resonance_score"": 66.9386, ""vol_ratio"": 0.8827554635717866}",基线,limit_pullback,生产决策池,0b34848eadae,"{""allowed_entry_modes"": [""limit_pullback""], ""candidate_max_age_days"": 1, ""confirmation_deadline"": ""14:30:00"", ""exit"": {""hard_stop_loss"": 0.05, ""time_stop_days"": 4, ""time_stop_profit_threshold"": 0.02, ""trailing_activation"": 0.05, ""trailing_early_stop"": 0.04, ""trailing_high_profit"": 0.2, ""trailing_mid_profit"": 0.1, ""trailing_mid_stop"": 0.06, ""trailing_stop"": 0.08}, ""mode_deadlines"": {""limit_pullback"": ""14:30:00""}, ""primary_strategy"": ""limit_pullback"", ""source_strategies"": [""limit_pullback""], ""structures"": {""limit_pullback"": {""as_of_date"": ""20260817"", ""atr"": 0.8685714285714285, ""event_date"": ""20260729"", ""protection"": 10.770428571428573, ""reference_close"": 12.04, ""resistance"": 12.35, ""support"": 11.335, ""support_high"": 11.639000000000001, ""support_low"": 11.031, ""support_source"": ""涨停阳线中部""}}}",15.0,limit_pullback,10.0,80.0,重点确认,,,,,71.00271002710026,,,64.395,,92.9628161252021,26.22937156192699,50.0,100.0,50.0,50.0,100.0,61.657,35.1551,60.3985,41.9788,72.34846383478649,78.26322440873804,91.17647058823529,2.1204,0.8827554635717866,0.8790636108857597,0.9502762430939226,10.0,0.21204,60.602000000000004,87.01931756634772,0.0,50.0,50.0,59.601,75.0,69.9805,66.9386,0.0,0.0,0.0,0.0,0.0,92.9628161252021,26.22937156192699,50.0,0.0,50.0,50.0,0.0,81.2661,100.0,86.03003048111133,87.01931756634772,,,,,,,,
生产决策池,601700,风范股份,买入,跌停反包确认按分钟确认,0.0,0.0,0.0,light,开盘仅用于信号分层，按策略配置的截止时间逐分钟确认,板块转弱；跌破开盘低点或超过策略截止时间未确认,0.8133,,True,False,"['一带一路', '特高压', '工业(A股)']",81.33,3,"['一带一路', '特高压', '工业(A股)']",,"{""stk_attention_consensus"": 68.88324873096447, ""stk_attention_crowding_risk"": 100.0, ""stk_behavior_acceleration"": 69.2161, ""stk_behavior_attention"": 71.9874, ""stk_behavior_decay"": 29.7735, ""stk_behavior_divergence"": 36.562, ""stk_behavior_repair"": 56.7158, ""stk_block_trade_risk"": 100.0, ""stk_capital_flow_consensus"": 50.237498772681306, ""stk_capital_flow_persistence"": 92.74879146524421, ""stk_kpl_leader_quality"": 37.81818181818182, ""stk_lhb_composite_score"": 66.77501189593633, ""stk_lhb_crowding_risk"": 1.1000000000000003, ""stk_lhb_institution_consensus"": 50.0, ""stk_lhb_institution_score"": 50.0, ""stk_lhb_net_buy_score"": 82.19614610917866, ""stk_lhb_repeat_persistence"": 45.0, ""stk_lhb_sector_resonance"": 89.73487089524026, ""stk_liquidity_percentile"": 93.17566347716195, ""stk_margin_acceleration"": 97.15575620767495, ""stk_relative_strength_sector"": 99.581589958159, ""stk_reversal_recovery"": 100.0}","{""amount_ratio"": 0.881639046236913, ""appearance_days_5d"": 1.0, ""attention_crowding_penalty"": 0.0, ""attention_score"": 68.88324873096447, ""behavior_data_completeness"": 100.0, ""board_height"": 1.0, ""board_score"": 54.07060050483334, ""capital_flow_consensus_score"": 50.237498772681306, ""capital_flow_persistence_score"": 92.74879146524421, ""crowding_penalty_score"": 1.1000000000000003, ""event_risk_score"": 0.0, ""institution_net_buy_ratio"": 0.0, ""leader_quality_score"": 37.81818181818182, ""lhb_net_buy_ratio"": 8.439229221835733, ""lhb_present"": 1.0, ""limit_pct"": 10.0, ""limit_progress"": 1.0061, ""limit_progress_score"": 100.0, ""liquidity_score"": 93.17566347716195, ""margin_score"": 97.15575620767495, ""mkt_emotion_score"": 91.17647058823529, ""mkt_market_score"": 72.34846383478649, ""mkt_width_score"": 78.26322440873804, ""new_high_ratio"": 0.9437908496732026, ""pct_chg"": 10.061, ""seal_time_score"": 4.0, ""sector_flow_score"": 61.7786, ""sector_heat_score"": 59.2669, ""sector_mainline_score"": 67.081, ""sector_persistence_score"": 75.0, ""sector_resonance_score"": 66.5762, ""vol_ratio"": 0.8846065155518462}",基线,limit_reversal,生产决策池,66f5b729ce84,"{""allowed_entry_modes"": [""limit_reversal""], ""candidate_max_age_days"": 1, ""confirmation_deadline"": ""14:30:00"", ""exit"": {""hard_stop_loss"": 0.05, ""time_stop_days"": 3, ""time_stop_profit_threshold"": 0.02, ""trailing_activation"": 0.05, ""trailing_early_stop"": 0.04, ""trailing_high_profit"": 0.2, ""trailing_mid_profit"": 0.1, ""trailing_mid_stop"": 0.06, ""trailing_stop"": 0.08}, ""mode_deadlines"": {""limit_reversal"": ""14:30:00""}, ""primary_strategy"": ""limit_reversal"", ""source_strategies"": [""limit_reversal""], ""structures"": {""limit_reversal"": {""as_of_date"": ""20260817"", ""atr"": 0.5028571428571429, ""event_date"": ""20260814"", ""event_low"": 6.39, ""event_pre_close"": 7.1, ""event_type"": ""盘中触及跌停"", ""midpoint"": 6.8, ""protection"": 6.289428571428571, ""reference_close"": 7.22, ""target"": 7.04, ""target_label"": ""阴线实体上沿""}}}",10.0,limit_reversal,10.0,80.0,重点确认,,,,,99.581589958159,,,69.2161,,50.237498772681306,92.74879146524421,68.88324873096447,100.0,37.81818181818182,97.15575620767495,100.0,71.9874,36.562,56.7158,29.7735,72.34846383478649,78.26322440873804,91.17647058823529,10.061,0.8846065155518462,0.881639046236913,0.9437908496732026,10.0,1.0061,100.0,93.17566347716195,1.0,54.07060050483334,4.0,59.2669,75.0,67.081,66.5762,1.0,8.439229221835733,0.0,1.0,1.1000000000000003,50.237498772681306,92.74879146524421,68.88324873096447,0.0,37.81818181818182,97.15575620767495,0.0,61.7786,100.0,,93.17566347716195,100.0,82.19614610917866,50.0,50.0,45.0,89.73487089524026,66.77501189593633,1.1000000000000003
生产决策池,605179,一鸣食品,买入,跌停反包确认按分钟确认,0.0,0.0,0.0,light,开盘仅用于信号分层，按策略配置的截止时间逐分钟确认,板块转弱；跌破开盘低点或超过策略截止时间未确认,0.7863,,True,False,"['长三角一体化', '乡村振兴', '冷链物流']",78.63,4,"['长三角一体化', '乡村振兴', '冷链物流']",,"{""stk_attention_consensus"": 95.79695431472081, ""stk_attention_crowding_risk"": 100.0, ""stk_behavior_acceleration"": 82.0953, ""stk_behavior_attention"": 75.5463, ""stk_behavior_decay"": 40.1162, ""stk_behavior_divergence"": 29.8219, ""stk_behavior_repair"": 68.8062, ""stk_block_trade_risk"": 100.0, ""stk_capital_flow_consensus"": 97.7712770962115, ""stk_capital_flow_persistence"": 26.22937156192699, ""stk_kpl_leader_quality"": 37.68181818181818, ""stk_liquidity_percentile"": 91.7674670518144, ""stk_margin_acceleration"": 50.0, ""stk_relative_strength_sector"": 92.3076923076923, ""stk_reversal_recovery"": 100.0}","{""amount_ratio"": 1.125867134697332, ""appearance_days_5d"": 0.0, ""attention_crowding_penalty"": 0.0, ""attention_score"": 95.79695431472081, ""behavior_data_completeness"": 100.0, ""board_height"": 1.0, ""board_score"": 76.04953330321896, ""capital_flow_consensus_score"": 97.7712770962115, ""capital_flow_persistence_score"": 26.22937156192699, ""crowding_penalty_score"": 0.0, ""event_risk_score"": 0.0, ""institution_net_buy_ratio"": 0.0, ""leader_quality_score"": 37.68181818181818, ""lhb_net_buy_ratio"": 0.0, ""lhb_present"": 0.0, ""limit_pct"": 10.0, ""limit_progress"": 0.99969, ""limit_progress_score"": 99.9845, ""liquidity_score"": 91.7674670518144, ""margin_score"": 50.0, ""mkt_emotion_score"": 91.17647058823529, ""mkt_market_score"": 72.34846383478649, ""mkt_width_score"": 78.26322440873804, ""new_high_ratio"": 1.0040045766590389, ""pct_chg"": 9.9969, ""seal_time_score"": 68.0, ""sector_flow_score"": 49.354, ""sector_heat_score"": 54.8483, ""sector_mainline_score"": 58.2854, ""sector_persistence_score"": 58.3333, ""sector_resonance_score"": 56.8498, ""vol_ratio"": 0.961855953930185}",基线,limit_reversal,生产决策池,66f5b729ce84,"{""allowed_entry_modes"": [""limit_reversal""], ""candidate_max_age_days"": 1, ""confirmation_deadline"": ""14:30:00"", ""exit"": {""hard_stop_loss"": 0.05, ""time_stop_days"": 3, ""time_stop_profit_threshold"": 0.02, ""trailing_activation"": 0.05, ""trailing_early_stop"": 0.04, ""trailing_high_profit"": 0.2, ""trailing_mid_profit"": 0.1, ""trailing_mid_stop"": 0.06, ""trailing_stop"": 0.08}, ""mode_deadlines"": {""limit_reversal"": ""14:30:00""}, ""primary_strategy"": ""limit_reversal"", ""source_strategies"": [""limit_reversal""], ""structures"": {""limit_reversal"": {""as_of_date"": ""20260817"", ""atr"": 2.6607142857142856, ""event_date"": ""20260814"", ""event_low"": 30.09, ""event_pre_close"": 33.43, ""event_type"": ""盘中触及跌停"", ""midpoint"": 33.12, ""protection"": 29.55785714285714, ""reference_close"": 35.1, ""target"": 34.33, ""target_label"": ""阴线实体上沿""}}}",10.0,limit_reversal,10.0,80.0,盘中观察,,,,,92.3076923076923,,,82.0953,,97.7712770962115,26.22937156192699,95.79695431472081,100.0,37.68181818181818,50.0,100.0,75.5463,29.8219,68.8062,40.1162,72.34846383478649,78.26322440873804,91.17647058823529,9.9969,0.961855953930185,1.125867134697332,1.0040045766590389,10.0,0.99969,99.9845,91.7674670518144,1.0,76.04953330321896,68.0,54.8483,58.3333,58.2854,56.8498,0.0,0.0,0.0,0.0,0.0,97.7712770962115,26.22937156192699,95.79695431472081,0.0,37.68181818181818,50.0,0.0,49.354,100.0,,91.7674670518144,100.0,,,,,,,
生产决策池,600601,方正科技,买入,涨停回踩转强确认按分钟确认,0.0,0.0,0.0,light,开盘仅用于信号分层，按策略配置的截止时间逐分钟确认,板块转弱；跌破开盘低点或超过策略截止时间未确认,0.7669,,True,False,"['共封装光学(CPO)', '计算机通信和其他电子设备制造业指数', '半导体产品与设备Ⅱ(A股)']",76.69,5,"['共封装光学(CPO)', '计算机通信和其他电子设备制造业指数', '半导体产品与设备Ⅱ(A股)']",,"{""stk_attention_consensus"": 50.0, ""stk_attention_crowding_risk"": 100.0, ""stk_behavior_acceleration"": 55.1672, ""stk_behavior_attention"": 51.844, ""stk_behavior_decay"": 48.3189, ""stk_behavior_divergence"": 33.8648, ""stk_behavior_repair"": 54.2341, ""stk_block_trade_risk"": 100.0, ""stk_capital_flow_consensus"": 48.986509274495624, ""stk_capital_flow_persistence"": 26.22937156192699, ""stk_kpl_leader_quality"": 50.0, ""stk_liquidity_percentile"": 96.62393933923092, ""stk_margin_acceleration"": 95.50790067720091, ""stk_pullback_contraction"": 92.52881764766353, ""stk_relative_strength_sector"": 40.909090909090914}","{""amount_ratio"": 0.6581787184761102, ""appearance_days_5d"": 0.0, ""attention_crowding_penalty"": 0.0, ""attention_score"": 50.0, ""behavior_data_completeness"": 100.0, ""board_height"": 0.0, ""board_score"": 50.0, ""capital_flow_consensus_score"": 48.986509274495624, ""capital_flow_persistence_score"": 26.22937156192699, ""crowding_penalty_score"": 0.0, ""event_risk_score"": 0.0, ""institution_net_buy_ratio"": 0.0, ""leader_quality_score"": 50.0, ""lhb_net_buy_ratio"": 0.0, ""lhb_present"": 0.0, ""limit_pct"": 10.0, ""limit_progress"": 0.26066, ""limit_progress_score"": 63.03300000000001, ""liquidity_score"": 96.62393933923092, ""margin_score"": 95.50790067720091, ""mkt_emotion_score"": 91.17647058823529, ""mkt_market_score"": 72.34846383478649, ""mkt_width_score"": 78.26322440873804, ""new_high_ratio"": 0.972305389221557, ""pct_chg"": 2.6066, ""seal_time_score"": 50.0, ""sector_flow_score"": 65.6331, ""sector_heat_score"": 70.3056, ""sector_mainline_score"": 77.1053, ""sector_persistence_score"": 75.0, ""sector_resonance_score"": 74.6403, ""vol_ratio"": 0.6673000362825457}",基线,limit_pullback,生产决策池,0b34848eadae,"{""allowed_entry_modes"": [""limit_pullback""], ""candidate_max_age_days"": 1, ""confirmation_deadline"": ""14:30:00"", ""exit"": {""hard_stop_loss"": 0.05, ""time_stop_days"": 4, ""time_stop_profit_threshold"": 0.02, ""trailing_activation"": 0.05, ""trailing_early_stop"": 0.04, ""trailing_high_profit"": 0.2, ""trailing_mid_profit"": 0.1, ""trailing_mid_stop"": 0.06, ""trailing_stop"": 0.08}, ""mode_deadlines"": {""limit_pullback"": ""14:30:00""}, ""primary_strategy"": ""limit_pullback"", ""source_strategies"": [""limit_pullback""], ""structures"": {""limit_pullback"": {""as_of_date"": ""20260817"", ""atr"": 0.8899999999999999, ""event_date"": ""20260807"", ""protection"": 11.821499999999999, ""reference_close"": 12.99, ""resistance"": 13.36, ""support"": 12.399999999999999, ""support_high"": 12.7115, ""support_low"": 12.088499999999998, ""support_source"": ""涨停阳线中部""}}}",15.0,limit_pullback,10.0,80.0,盘中观察,,,,,40.909090909090914,,,55.1672,,48.986509274495624,26.22937156192699,50.0,100.0,50.0,95.50790067720091,100.0,51.844,33.8648,54.2341,48.3189,72.34846383478649,78.26322440873804,91.17647058823529,2.6066,0.6673000362825457,0.6581787184761102,0.972305389221557,10.0,0.26066,63.03300000000001,96.62393933923092,0.0,50.0,50.0,70.3056,75.0,77.1053,74.6403,0.0,0.0,0.0,0.0,0.0,48.986509274495624,26.22937156192699,50.0,0.0,50.0,95.50790067720091,0.0,65.6331,100.0,92.52881764766353,96.62393933923092,,,,,,,,
生产决策池,001258,立新能源,买入,跌停反包确认按分钟确认,0.0,0.0,0.0,light,开盘仅用于信号分层，按策略配置的截止时间逐分钟确认,板块转弱；跌破开盘低点或超过策略截止时间未确认,0.7178,,True,False,"['特高压', '2026中报预增', '国企改革']",71.78,6,"['特高压', '2026中报预增', '国企改革']",,"{""stk_attention_consensus"": 52.263959390862944, ""stk_attention_crowding_risk"": 100.0, ""stk_behavior_acceleration"": 65.7215, ""stk_behavior_attention"": 68.2319, ""stk_behavior_decay"": 28.3897, ""stk_behavior_divergence"": 35.5885, ""stk_behavior_repair"": 73.8117, ""stk_block_trade_risk"": 100.0, ""stk_capital_flow_consensus"": 100.0, ""stk_capital_flow_persistence"": 26.22937156192699, ""stk_kpl_leader_quality"": 50.0, ""stk_liquidity_percentile"": 96.35313233435639, ""stk_margin_acceleration"": 50.0, ""stk_relative_strength_sector"": 86.66666666666667, ""stk_reversal_recovery"": 42.76315789473688}","{""amount_ratio"": 0.719953452216386, ""appearance_days_5d"": 0.0, ""attention_crowding_penalty"": 0.0, ""attention_score"": 52.263959390862944, ""behavior_data_completeness"": 100.0, ""board_height"": 0.0, ""board_score"": 50.0, ""capital_flow_consensus_score"": 100.0, ""capital_flow_persistence_score"": 26.22937156192699, ""crowding_penalty_score"": 0.0, ""event_risk_score"": 0.0, ""institution_net_buy_ratio"": 0.0, ""leader_quality_score"": 50.0, ""lhb_net_buy_ratio"": 0.0, ""lhb_present"": 0.0, ""limit_pct"": 10.0, ""limit_progress"": 0.47273, ""limit_progress_score"": 73.6365, ""liquidity_score"": 96.35313233435639, ""margin_score"": 50.0, ""mkt_emotion_score"": 91.17647058823529, ""mkt_market_score"": 72.34846383478649, ""mkt_width_score"": 78.26322440873804, ""new_high_ratio"": 0.8530805687203792, ""pct_chg"": 4.7273, ""seal_time_score"": 50.0, ""sector_flow_score"": 80.351, ""sector_heat_score"": 59.4907, ""sector_mainline_score"": 65.9667, ""sector_persistence_score"": 66.6667, ""sector_resonance_score"": 62.5697, ""vol_ratio"": 0.7565746115875608}",基线,limit_reversal,生产决策池,66f5b729ce84,"{""allowed_entry_modes"": [""limit_reversal""], ""candidate_max_age_days"": 1, ""confirmation_deadline"": ""14:30:00"", ""exit"": {""hard_stop_loss"": 0.05, ""time_stop_days"": 3, ""time_stop_profit_threshold"": 0.02, ""trailing_activation"": 0.05, ""trailing_early_stop"": 0.04, ""trailing_high_profit"": 0.2, ""trailing_mid_profit"": 0.1, ""trailing_mid_stop"": 0.06, ""trailing_stop"": 0.08}, ""mode_deadlines"": {""limit_reversal"": ""14:30:00""}, ""primary_strategy"": ""limit_reversal"", ""source_strategies"": [""limit_reversal""], ""structures"": {""limit_reversal"": {""as_of_date"": ""20260817"", ""atr"": 1.5700000000000003, ""event_date"": ""20260814"", ""event_low"": 13.74, ""event_pre_close"": 15.27, ""event_type"": ""盘中触及跌停"", ""midpoint"": 14.27, ""protection"": 13.426, ""reference_close"": 14.4, ""target"": 14.79, ""target_label"": ""阴线实体上沿""}}}",10.0,limit_reversal,10.0,80.0,盘中观察,,,,,86.66666666666667,,,65.7215,,100.0,26.22937156192699,52.263959390862944,100.0,50.0,50.0,100.0,68.2319,35.5885,73.8117,28.3897,72.34846383478649,78.26322440873804,91.17647058823529,4.7273,0.7565746115875608,0.719953452216386,0.8530805687203792,10.0,0.47273,73.6365,96.35313233435639,0.0,50.0,50.0,59.4907,66.6667,65.9667,62.5697,0.0,0.0,0.0,0.0,0.0,100.0,26.22937156192699,52.263959390862944,0.0,50.0,50.0,0.0,80.351,100.0,,96.35313233435639,42.76315789473688,,,,,,,
生产决策池,600722,金牛化工,买入,跌停反包确认按分钟确认,0.0,0.0,0.0,light,开盘仅用于信号分层，按策略配置的截止时间逐分钟确认,板块转弱；跌破开盘低点或超过策略截止时间未确认,0.7055,,True,False,"['原材料(A股)', '化学原料和化学制品制造业指数']",70.55,7,"['原材料(A股)', '化学原料和化学制品制造业指数']",,"{""stk_attention_consensus"": 56.598984771573605, ""stk_attention_crowding_risk"": 100.0, ""stk_behavior_acceleration"": 67.1227, ""stk_behavior_attention"": 66.7537, ""stk_behavior_decay"": 41.2441, ""stk_behavior_divergence"": 36.223, ""stk_behavior_repair"": 51.6862, ""stk_block_trade_risk"": 100.0, ""stk_capital_flow_consensus"": 100.0, ""stk_capital_flow_persistence"": 26.22937156192699, ""stk_kpl_leader_quality"": 50.0, ""stk_liquidity_percentile"": 94.47553710055968, ""stk_margin_acceleration"": 86.56884875846501, ""stk_relative_strength_sector"": 80.75313807531381, ""stk_reversal_recovery"": 45.161290322580676}","{""amount_ratio"": 1.0765936072340005, ""appearance_days_5d"": 0.0, ""attention_crowding_penalty"": 0.0, ""attention_score"": 56.598984771573605, ""behavior_data_completeness"": 100.0, ""board_height"": 0.0, ""board_score"": 50.0, ""capital_flow_consensus_score"": 100.0, ""capital_flow_persistence_score"": 26.22937156192699, ""crowding_penalty_score"": 0.0, ""event_risk_score"": 0.0, ""institution_net_buy_ratio"": 0.0, ""leader_quality_score"": 50.0, ""lhb_net_buy_ratio"": 0.0, ""lhb_present"": 0.0, ""limit_pct"": 10.0, ""limit_progress"": 0.49645, ""limit_progress_score"": 74.8225, ""liquidity_score"": 94.47553710055968, ""margin_score"": 86.56884875846501, ""mkt_emotion_score"": 91.17647058823529, ""mkt_market_score"": 72.34846383478649, ""mkt_width_score"": 78.26322440873804, ""new_high_ratio"": 0.9214007782101168, ""pct_chg"": 4.9645, ""seal_time_score"": 50.0, ""sector_flow_score"": 50.0, ""sector_heat_score"": 59.014, ""sector_mainline_score"": 69.9766, ""sector_persistence_score"": 75.0, ""sector_resonance_score"": 67.4425, ""vol_ratio"": 1.0616340830684512}",基线,limit_reversal,生产决策池,66f5b729ce84,"{""allowed_entry_modes"": [""limit_reversal""], ""candidate_max_age_days"": 1, ""confirmation_deadline"": ""14:30:00"", ""exit"": {""hard_stop_loss"": 0.05, ""time_stop_days"": 3, ""time_stop_profit_threshold"": 0.02, ""trailing_activation"": 0.05, ""trailing_early_stop"": 0.04, ""trailing_high_profit"": 0.2, ""trailing_mid_profit"": 0.1, ""trailing_mid_stop"": 0.06, ""trailing_stop"": 0.08}, ""mode_deadlines"": {""limit_reversal"": ""14:30:00""}, ""primary_strategy"": ""limit_reversal"", ""source_strategies"": [""limit_reversal""], ""structures"": {""limit_reversal"": {""as_of_date"": ""20260817"", ""atr"": 1.0014285714285713, ""event_date"": ""20260814"", ""event_low"": 11.27, ""event_pre_close"": 12.52, ""event_type"": ""盘中触及跌停"", ""midpoint"": 11.69, ""protection"": 11.069714285714285, ""reference_close"": 11.84, ""target"": 12.1, ""target_label"": ""阴线实体上沿""}}}",10.0,limit_reversal,10.0,80.0,盘中观察,,,,,80.75313807531381,,,67.1227,,100.0,26.22937156192699,56.598984771573605,100.0,50.0,86.56884875846501,100.0,66.7537,36.223,51.6862,41.2441,72.34846383478649,78.26322440873804,91.17647058823529,4.9645,1.0616340830684512,1.0765936072340005,0.9214007782101168,10.0,0.49645,74.8225,94.47553710055968,0.0,50.0,50.0,59.014,75.0,69.9766,67.4425,0.0,0.0,0.0,0.0,0.0,100.0,26.22937156192699,56.598984771573605,0.0,50.0,86.56884875846501,0.0,50.0,100.0,,94.47553710055968,45.161290322580676,,,,,,,
生产决策池,301357,北方长龙,买入,涨停回踩转强确认按分钟确认,0.0,0.0,0.0,light,开盘仅用于信号分层，按策略配置的截止时间逐分钟确认,板块转弱；跌破开盘低点或超过策略截止时间未确认,0.6982,,True,False,"['专精特新', '军工', '工业(A股)']",69.82,8,"['专精特新', '军工', '工业(A股)']",,"{""stk_attention_consensus"": 50.0, ""stk_attention_crowding_risk"": 100.0, ""stk_behavior_acceleration"": 59.0797, ""stk_behavior_attention"": 55.6794, ""stk_behavior_decay"": 45.5014, ""stk_behavior_divergence"": 33.7614, ""stk_behavior_repair"": 54.9615, ""stk_block_trade_risk"": 100.0, ""stk_capital_flow_consensus"": 56.22283151794744, ""stk_capital_flow_persistence"": 93.44890815135855, ""stk_kpl_leader_quality"": 50.0, ""stk_liquidity_percentile"": 84.60010832280194, ""stk_margin_acceleration"": 16.72686230248307, ""stk_pullback_contraction"": 93.96093581599754, ""stk_relative_strength_sector"": 54.285714285714285}","{""amount_ratio"": 0.7088165608396358, ""appearance_days_5d"": 0.0, ""attention_crowding_penalty"": 0.0, ""attention_score"": 50.0, ""behavior_data_completeness"": 100.0, ""board_height"": 0.0, ""board_score"": 50.0, ""capital_flow_consensus_score"": 56.22283151794744, ""capital_flow_persistence_score"": 93.44890815135855, ""crowding_penalty_score"": 0.0, ""event_risk_score"": 0.0, ""institution_net_buy_ratio"": 0.0, ""leader_quality_score"": 50.0, ""lhb_net_buy_ratio"": 0.0, ""lhb_present"": 0.0, ""limit_pct"": 20.0, ""limit_progress"": 0.105895, ""limit_progress_score"": 55.29475, ""liquidity_score"": 84.60010832280194, ""margin_score"": 16.72686230248307, ""mkt_emotion_score"": 91.17647058823529, ""mkt_market_score"": 72.34846383478649, ""mkt_width_score"": 78.26322440873804, ""new_high_ratio"": 0.9198092378344962, ""pct_chg"": 2.1179, ""seal_time_score"": 50.0, ""sector_flow_score"": 75.6029, ""sector_heat_score"": 60.4635, ""sector_mainline_score"": 69.4572, ""sector_persistence_score"": 75.0, ""sector_resonance_score"": 67.7669, ""vol_ratio"": 0.7163909287855652}",基线,limit_pullback,生产决策池,0b34848eadae,"{""allowed_entry_modes"": [""limit_pullback""], ""candidate_max_age_days"": 1, ""confirmation_deadline"": ""14:30:00"", ""exit"": {""hard_stop_loss"": 0.05, ""time_stop_days"": 4, ""time_stop_profit_threshold"": 0.02, ""trailing_activation"": 0.05, ""trailing_early_stop"": 0.04, ""trailing_high_profit"": 0.2, ""trailing_mid_profit"": 0.1, ""trailing_mid_stop"": 0.06, ""trailing_stop"": 0.08}, ""mode_deadlines"": {""limit_pullback"": ""14:30:00""}, ""primary_strategy"": ""limit_pullback"", ""source_strategies"": [""limit_pullback""], ""structures"": {""limit_pullback"": {""as_of_date"": ""20260817"", ""atr"": 9.825714285714286, ""event_date"": ""20260810"", ""protection"": 98.61328571428571, ""reference_close"": 104.15, ""resistance"": 113.23, ""support"": 105.0, ""support_high"": 108.439, ""support_low"": 101.561, ""support_source"": ""突破平台""}}}",15.0,limit_pullback,10.0,80.0,盘中观察,,,,,54.285714285714285,,,59.0797,,56.22283151794744,93.44890815135855,50.0,100.0,50.0,16.72686230248307,100.0,55.6794,33.7614,54.9615,45.5014,72.34846383478649,78.26322440873804,91.17647058823529,2.1179,0.7163909287855652,0.7088165608396358,0.9198092378344962,20.0,0.105895,55.29475,84.60010832280194,0.0,50.0,50.0,60.4635,75.0,69.4572,67.7669,0.0,0.0,0.0,0.0,0.0,56.22283151794744,93.44890815135855,50.0,0.0,50.0,16.72686230248307,0.0,75.6029,100.0,93.96093581599754,84.60010832280194,,,,,,,,
生产决策池,000603,盛达资源,买入,涨停回踩转强确认按分钟确认,0.0,0.0,0.0,light,开盘仅用于信号分层，按策略配置的截止时间逐分钟确认,板块转弱；跌破开盘低点或超过策略截止时间未确认,0.675,,True,False,"['原材料(A股)', '金属与采矿(A股)', '2026中报预增']",67.5,9,"['原材料(A股)', '金属与采矿(A股)', '2026中报预增']",,"{""stk_attention_consensus"": 50.0, ""stk_attention_crowding_risk"": 100.0, ""stk_behavior_acceleration"": 60.3419, ""stk_behavior_attention"": 55.6182, ""stk_behavior_decay"": 43.2325, ""stk_behavior_divergence"": 34.4779, ""stk_behavior_repair"": 40.919, ""stk_block_trade_risk"": 100.0, ""stk_capital_flow_consensus"": 49.65946248067143, ""stk_capital_flow_persistence"": 26.22937156192699, ""stk_kpl_leader_quality"": 50.0, ""stk_liquidity_percentile"": 95.84762592525726, ""stk_margin_acceleration"": 87.90067720090293, ""stk_pullback_contraction"": 74.92890037984405, ""stk_relative_strength_sector"": 70.7112970711297}","{""amount_ratio"": 0.5857588184334954, ""appearance_days_5d"": 0.0, ""attention_crowding_penalty"": 0.0, ""attention_score"": 50.0, ""behavior_data_completeness"": 100.0, ""board_height"": 0.0, ""board_score"": 50.0, ""capital_flow_consensus_score"": 49.65946248067143, ""capital_flow_persistence_score"": 26.22937156192699, ""crowding_penalty_score"": 0.0, ""event_risk_score"": 0.0, ""institution_net_buy_ratio"": 0.0, ""leader_quality_score"": 50.0, ""lhb_net_buy_ratio"": 0.0, ""lhb_present"": 0.0, ""limit_pct"": 10.0, ""limit_progress"": 0.35213, ""limit_progress_score"": 67.6065, ""liquidity_score"": 95.84762592525726, ""margin_score"": 87.90067720090293, ""mkt_emotion_score"": 91.17647058823529, ""mkt_market_score"": 72.34846383478649, ""mkt_width_score"": 78.26322440873804, ""new_high_ratio"": 0.84464785151284, ""pct_chg"": 3.5213, ""seal_time_score"": 50.0, ""sector_flow_score"": 64.6748, ""sector_heat_score"": 60.7345, ""sector_mainline_score"": 68.9347, ""sector_persistence_score"": 75.0, ""sector_resonance_score"": 67.6177, ""vol_ratio"": 0.6185161278240544}",基线,limit_pullback,生产决策池,0b34848eadae,"{""allowed_entry_modes"": [""limit_pullback""], ""candidate_max_age_days"": 1, ""confirmation_deadline"": ""14:30:00"", ""exit"": {""hard_stop_loss"": 0.05, ""time_stop_days"": 4, ""time_stop_profit_threshold"": 0.02, ""trailing_activation"": 0.05, ""trailing_early_stop"": 0.04, ""trailing_high_profit"": 0.2, ""trailing_mid_profit"": 0.1, ""trailing_mid_stop"": 0.06, ""trailing_stop"": 0.08}, ""mode_deadlines"": {""limit_pullback"": ""14:30:00""}, ""primary_strategy"": ""limit_pullback"", ""source_strategies"": [""limit_pullback""], ""structures"": {""limit_pullback"": {""as_of_date"": ""20260817"", ""atr"": 2.137142857142857, ""event_date"": ""20260807"", ""protection"": 30.680857142857143, ""reference_close"": 33.22, ""resistance"": 39.33, ""support"": 32.07, ""support_high"": 32.818, ""support_low"": 31.322, ""support_source"": ""突破平台""}}}",15.0,limit_pullback,10.0,80.0,盘中观察,,,,,70.7112970711297,,,60.3419,,49.65946248067143,26.22937156192699,50.0,100.0,50.0,87.90067720090293,100.0,55.6182,34.4779,40.919,43.2325,72.34846383478649,78.26322440873804,91.17647058823529,3.5213,0.6185161278240544,0.5857588184334954,0.84464785151284,10.0,0.35213,67.6065,95.84762592525726,0.0,50.0,50.0,60.7345,75.0,68.9347,67.6177,0.0,0.0,0.0,0.0,0.0,49.65946248067143,26.22937156192699,50.0,0.0,50.0,87.90067720090293,0.0,64.6748,100.0,74.92890037984405,95.84762592525726,,,,,,,,
生产决策池,003032,传智教育,买入,跌停反包确认按分钟确认,0.0,0.0,0.0,light,开盘仅用于信号分层，按策略配置的截止时间逐分钟确认,板块转弱；跌破开盘低点或超过策略截止时间未确认,0.6743,,True,False,"['华为概念', '机器人概念', '人形机器人']",67.43,10,"['华为概念', '机器人概念', '人形机器人']",,"{""stk_attention_consensus"": 33.0, ""stk_attention_crowding_risk"": 100.0, ""stk_behavior_acceleration"": 67.2021, ""stk_behavior_attention"": 67.8548, ""stk_behavior_decay"": 29.6944, ""stk_behavior_divergence"": 35.7409, ""stk_behavior_repair"": 73.6977, ""stk_block_trade_risk"": 100.0, ""stk_capital_flow_consensus"": 88.61549244187776, ""stk_capital_flow_persistence"": 26.22937156192699, ""stk_kpl_leader_quality"": 50.0, ""stk_lhb_composite_score"": 54.941716815491574, ""stk_lhb_crowding_risk"": 23.258333333333333, ""stk_lhb_institution_consensus"": 50.0, ""stk_lhb_institution_score"": 50.0, ""stk_lhb_net_buy_score"": 40.07386196345325, ""stk_lhb_repeat_persistence"": 63.75, ""stk_lhb_sector_resonance"": 90.0322732153956, ""stk_liquidity_percentile"": 90.07040982126738, ""stk_margin_acceleration"": 50.0, ""stk_relative_strength_sector"": 81.99233716475096, ""stk_reversal_recovery"": 68.99224806201549}","{""amount_ratio"": 0.8958667130173721, ""appearance_days_5d"": 4.0, ""attention_crowding_penalty"": 0.0, ""attention_score"": 33.0, ""behavior_data_completeness"": 100.0, ""board_height"": 0.0, ""board_score"": 50.0, ""capital_flow_consensus_score"": 88.61549244187776, ""capital_flow_persistence_score"": 26.22937156192699, ""crowding_penalty_score"": 23.258333333333333, ""event_risk_score"": 0.0, ""institution_net_buy_ratio"": 0.0, ""leader_quality_score"": 50.0, ""lhb_net_buy_ratio"": 0.014772392690649, ""lhb_present"": 1.0, ""limit_pct"": 10.0, ""limit_progress"": 0.20392000000000002, ""limit_progress_score"": 60.196000000000005, ""liquidity_score"": 90.07040982126738, ""margin_score"": 50.0, ""mkt_emotion_score"": 91.17647058823529, ""mkt_market_score"": 72.34846383478649, ""mkt_width_score"": 78.26322440873804, ""new_high_ratio"": 0.9690162664601084, ""pct_chg"": 2.0392, ""seal_time_score"": 50.0, ""sector_flow_score"": 87.5, ""sector_heat_score"": 60.3643, ""sector_mainline_score"": 66.0119, ""sector_persistence_score"": 75.0, ""sector_resonance_score"": 65.4593, ""vol_ratio"": 0.8643459833621302}",基线,limit_reversal,生产决策池,66f5b729ce84,"{""allowed_entry_modes"": [""limit_reversal""], ""candidate_max_age_days"": 1, ""confirmation_deadline"": ""14:30:00"", ""exit"": {""hard_stop_loss"": 0.05, ""time_stop_days"": 3, ""time_stop_profit_threshold"": 0.02, ""trailing_activation"": 0.05, ""trailing_early_stop"": 0.04, ""trailing_high_profit"": 0.2, ""trailing_mid_profit"": 0.1, ""trailing_mid_stop"": 0.06, ""trailing_stop"": 0.08}, ""mode_deadlines"": {""limit_reversal"": ""14:30:00""}, ""primary_strategy"": ""limit_reversal"", ""source_strategies"": [""limit_reversal""], ""structures"": {""limit_reversal"": {""as_of_date"": ""20260817"", ""atr"": 0.9900000000000001, ""event_date"": ""20260813"", ""event_low"": 11.62, ""event_pre_close"": 12.91, ""event_type"": ""收盘跌停"", ""midpoint"": 11.7, ""protection"": 11.421999999999999, ""reference_close"": 12.51, ""target"": 11.78, ""target_label"": ""阴线实体上沿""}}}",10.0,limit_reversal,10.0,80.0,盘中观察,,,,,81.99233716475096,,,67.2021,,88.61549244187776,26.22937156192699,33.0,100.0,50.0,50.0,100.0,67.8548,35.7409,73.6977,29.6944,72.34846383478649,78.26322440873804,91.17647058823529,2.0392,0.8643459833621302,0.8958667130173721,0.9690162664601084,10.0,0.20392000000000002,60.196000000000005,90.07040982126738,0.0,50.0,50.0,60.3643,75.0,66.0119,65.4593,1.0,0.014772392690649,0.0,4.0,23.258333333333333,88.61549244187776,26.22937156192699,33.0,0.0,50.0,50.0,0.0,87.5,100.0,,90.07040982126738,68.99224806201549,40.07386196345325,50.0,50.0,63.75,90.0322732153956,54.941716815491574,23.258333333333333
生产决策池,000593,德龙汇能,买入,跌停反包确认按分钟确认,0.0,0.0,0.0,light,开盘仅用于信号分层，按策略配置的截止时间逐分钟确认,板块转弱；跌破开盘低点或超过策略截止时间未确认,0.6615,,True,False,"['储能', '股权转让(并购重组)', '氢能源']",66.15,11,"['储能', '股权转让(并购重组)', '氢能源']",,"{""stk_attention_consensus"": 50.0, ""stk_attention_crowding_risk"": 100.0, ""stk_behavior_acceleration"": 69.8898, ""stk_behavior_attention"": 71.6467, ""stk_behavior_decay"": 31.0167, ""stk_behavior_divergence"": 36.2315, ""stk_behavior_repair"": 77.7364, ""stk_block_trade_risk"": 100.0, ""stk_capital_flow_consensus"": 100.0, ""stk_capital_flow_persistence"": 97.34955825970995, ""stk_kpl_leader_quality"": 50.0, ""stk_liquidity_percentile"": 90.81061563459109, ""stk_margin_acceleration"": 96.90744920993228, ""stk_relative_strength_sector"": 90.0, ""stk_reversal_recovery"": 37.410071942446}","{""amount_ratio"": 1.1793191189237981, ""appearance_days_5d"": 0.0, ""attention_crowding_penalty"": 0.0, ""attention_score"": 50.0, ""behavior_data_completeness"": 100.0, ""board_height"": 0.0, ""board_score"": 50.0, ""capital_flow_consensus_score"": 100.0, ""capital_flow_persistence_score"": 97.34955825970995, ""crowding_penalty_score"": 0.0, ""event_risk_score"": 0.0, ""institution_net_buy_ratio"": 0.0, ""leader_quality_score"": 50.0, ""lhb_net_buy_ratio"": 0.0, ""lhb_present"": 0.0, ""limit_pct"": 10.0, ""limit_progress"": 0.41567, ""limit_progress_score"": 70.7835, ""liquidity_score"": 90.81061563459109, ""margin_score"": 96.90744920993228, ""mkt_emotion_score"": 91.17647058823529, ""mkt_market_score"": 72.34846383478649, ""mkt_width_score"": 78.26322440873804, ""new_high_ratio"": 0.937410071942446, ""pct_chg"": 4.1567, ""seal_time_score"": 50.0, ""sector_flow_score"": 78.6822, ""sector_heat_score"": 57.4332, ""sector_mainline_score"": 61.0613, ""sector_persistence_score"": 75.0, ""sector_resonance_score"": 62.0982, ""vol_ratio"": 1.17507898820506}",基线,limit_reversal,生产决策池,66f5b729ce84,"{""allowed_entry_modes"": [""limit_reversal""], ""candidate_max_age_days"": 1, ""confirmation_deadline"": ""14:30:00"", ""exit"": {""hard_stop_loss"": 0.05, ""time_stop_days"": 3, ""time_stop_profit_threshold"": 0.02, ""trailing_activation"": 0.05, ""trailing_early_stop"": 0.04, ""trailing_high_profit"": 0.2, ""trailing_mid_profit"": 0.1, ""trailing_mid_stop"": 0.06, ""trailing_stop"": 0.08}, ""mode_deadlines"": {""limit_reversal"": ""14:30:00""}, ""primary_strategy"": ""limit_reversal"", ""source_strategies"": [""limit_reversal""], ""structures"": {""limit_reversal"": {""as_of_date"": ""20260817"", ""atr"": 1.9492857142857145, ""event_date"": ""20260814"", ""event_low"": 25.02, ""event_pre_close"": 27.8, ""event_type"": ""收盘跌停"", ""midpoint"": 25.805, ""protection"": 24.630142857142857, ""reference_close"": 26.06, ""target"": 26.59, ""target_label"": ""阴线实体上沿""}}}",10.0,limit_reversal,10.0,80.0,盘中观察,,,,,90.0,,,69.8898,,100.0,97.34955825970995,50.0,100.0,50.0,96.90744920993228,100.0,71.6467,36.2315,77.7364,31.0167,72.34846383478649,78.26322440873804,91.17647058823529,4.1567,1.17507898820506,1.1793191189237981,0.937410071942446,10.0,0.41567,70.7835,90.81061563459109,0.0,50.0,50.0,57.4332,75.0,61.0613,62.0982,0.0,0.0,0.0,0.0,0.0,100.0,97.34955825970995,50.0,0.0,50.0,96.90744920993228,0.0,78.6822,100.0,,90.81061563459109,37.410071942446,,,,,,,
生产决策池,002682,龙洲股份,买入,跌停反包确认按分钟确认,0.0,0.0,0.0,light,开盘仅用于信号分层，按策略配置的截止时间逐分钟确认,板块转弱；跌破开盘低点或超过策略截止时间未确认,0.6462,,True,False,"['新能源汽车', '军工', '一带一路']",64.62,12,"['新能源汽车', '军工', '一带一路']",,"{""stk_attention_consensus"": 8.375634517766498, ""stk_attention_crowding_risk"": 100.0, ""stk_behavior_acceleration"": 70.3783, ""stk_behavior_attention"": 70.2995, ""stk_behavior_decay"": 29.342, ""stk_behavior_divergence"": 38.2255, ""stk_behavior_repair"": 74.399, ""stk_block_trade_risk"": 100.0, ""stk_capital_flow_consensus"": 51.14099261086117, ""stk_capital_flow_persistence"": 26.22937156192699, ""stk_kpl_leader_quality"": 34.81818181818182, ""stk_liquidity_percentile"": 81.45874706625744, ""stk_margin_acceleration"": 50.0, ""stk_relative_strength_sector"": 99.1869918699187, ""stk_reversal_recovery"": 95.83333333333324}","{""amount_ratio"": 1.62567558655954, ""appearance_days_5d"": 0.0, ""attention_crowding_penalty"": 0.0, ""attention_score"": 8.375634517766498, ""behavior_data_completeness"": 100.0, ""board_height"": 1.0, ""board_score"": 54.2, ""capital_flow_consensus_score"": 51.14099261086117, ""capital_flow_persistence_score"": 26.22937156192699, ""crowding_penalty_score"": 0.0, ""event_risk_score"": 0.0, ""institution_net_buy_ratio"": 0.0, ""leader_quality_score"": 34.81818181818182, ""lhb_net_buy_ratio"": 0.0, ""lhb_present"": 0.0, ""limit_pct"": 10.0, ""limit_progress"": 0.99138, ""limit_progress_score"": 99.569, ""liquidity_score"": 81.45874706625744, ""margin_score"": 50.0, ""mkt_emotion_score"": 91.17647058823529, ""mkt_market_score"": 72.34846383478649, ""mkt_width_score"": 78.26322440873804, ""new_high_ratio"": 0.9222423146473778, ""pct_chg"": 9.9138, ""seal_time_score"": 4.0, ""sector_flow_score"": 81.2661, ""sector_heat_score"": 59.601, ""sector_mainline_score"": 69.9805, ""sector_persistence_score"": 75.0, ""sector_resonance_score"": 67.6913, ""vol_ratio"": 1.6365749993642817}",基线,limit_reversal,生产决策池,66f5b729ce84,"{""allowed_entry_modes"": [""limit_reversal""], ""candidate_max_age_days"": 1, ""confirmation_deadline"": ""14:30:00"", ""exit"": {""hard_stop_loss"": 0.05, ""time_stop_days"": 3, ""time_stop_profit_threshold"": 0.02, ""trailing_activation"": 0.05, ""trailing_early_stop"": 0.04, ""trailing_high_profit"": 0.2, ""trailing_mid_profit"": 0.1, ""trailing_mid_stop"": 0.06, ""trailing_stop"": 0.08}, ""mode_deadlines"": {""limit_reversal"": ""14:30:00""}, ""primary_strategy"": ""limit_reversal"", ""source_strategies"": [""limit_reversal""], ""structures"": {""limit_reversal"": {""as_of_date"": ""20260817"", ""atr"": 0.2278571428571429, ""event_date"": ""20260814"", ""event_low"": 4.61, ""event_pre_close"": 5.12, ""event_type"": ""盘中触及跌停"", ""midpoint"": 4.765, ""protection"": 4.5644285714285715, ""reference_close"": 5.1, ""target"": 4.89, ""target_label"": ""阴线实体上沿""}}}",10.0,limit_reversal,10.0,80.0,盘中观察,,,,,99.1869918699187,,,70.3783,,51.14099261086117,26.22937156192699,8.375634517766498,100.0,34.81818181818182,50.0,100.0,70.2995,38.2255,74.399,29.342,72.34846383478649,78.26322440873804,91.17647058823529,9.9138,1.6365749993642817,1.62567558655954,0.9222423146473778,10.0,0.99138,99.569,81.45874706625744,1.0,54.2,4.0,59.601,75.0,69.9805,67.6913,0.0,0.0,0.0,0.0,0.0,51.14099261086117,26.22937156192699,8.375634517766498,0.0,34.81818181818182,50.0,0.0,81.2661,100.0,,81.45874706625744,95.83333333333324,,,,,,,
生产决策池,603127,昭衍新药,买入,涨停回踩转强确认按分钟确认,0.0,0.0,0.0,light,开盘仅用于信号分层，按策略配置的截止时间逐分钟确认,板块转弱；跌破开盘低点或超过策略截止时间未确认,0.6137,,True,False,"['专精特新', '2026中报预增', '医疗保健(A股)']",61.37,13,"['专精特新', '2026中报预增', '医疗保健(A股)']",,"{""stk_attention_consensus"": 50.0, ""stk_attention_crowding_risk"": 100.0, ""stk_behavior_acceleration"": 65.8237, ""stk_behavior_attention"": 64.8091, ""stk_behavior_decay"": 39.6454, ""stk_behavior_divergence"": 36.0572, ""stk_behavior_repair"": 75.6345, ""stk_block_trade_risk"": 100.0, ""stk_capital_flow_consensus"": 100.0, ""stk_capital_flow_persistence"": 26.22937156192699, ""stk_kpl_leader_quality"": 50.0, ""stk_liquidity_percentile"": 97.2558223506048, ""stk_margin_acceleration"": 98.1038374717833, ""stk_pullback_contraction"": 53.38234163335937, ""stk_relative_strength_sector"": 82.18487394957982}","{""amount_ratio"": 0.8352952724253148, ""appearance_days_5d"": 0.0, ""attention_crowding_penalty"": 0.0, ""attention_score"": 50.0, ""behavior_data_completeness"": 100.0, ""board_height"": 0.0, ""board_score"": 50.0, ""capital_flow_consensus_score"": 100.0, ""capital_flow_persistence_score"": 26.22937156192699, ""crowding_penalty_score"": 0.0, ""event_risk_score"": 0.0, ""institution_net_buy_ratio"": 0.0, ""leader_quality_score"": 50.0, ""lhb_net_buy_ratio"": 0.0, ""lhb_present"": 0.0, ""limit_pct"": 10.0, ""limit_progress"": 0.42495000000000005, ""limit_progress_score"": 71.2475, ""liquidity_score"": 97.2558223506048, ""margin_score"": 98.1038374717833, ""mkt_emotion_score"": 91.17647058823529, ""mkt_market_score"": 72.34846383478649, ""mkt_width_score"": 78.26322440873804, ""new_high_ratio"": 0.9644724977457168, ""pct_chg"": 4.2495, ""seal_time_score"": 50.0, ""sector_flow_score"": 78.8221, ""sector_heat_score"": 58.0398, ""sector_mainline_score"": 65.6833, ""sector_persistence_score"": 66.6667, ""sector_resonance_score"": 62.9341, ""vol_ratio"": 0.8306422095871792}",基线,limit_pullback,生产决策池,0b34848eadae,"{""allowed_entry_modes"": [""limit_pullback""], ""candidate_max_age_days"": 1, ""confirmation_deadline"": ""14:30:00"", ""exit"": {""hard_stop_loss"": 0.05, ""time_stop_days"": 4, ""time_stop_profit_threshold"": 0.02, ""trailing_activation"": 0.05, ""trailing_early_stop"": 0.04, ""trailing_high_profit"": 0.2, ""trailing_mid_profit"": 0.1, ""trailing_mid_stop"": 0.06, ""trailing_stop"": 0.08}, ""mode_deadlines"": {""limit_pullback"": ""14:30:00""}, ""primary_strategy"": ""limit_pullback"", ""source_strategies"": [""limit_pullback""], ""structures"": {""limit_pullback"": {""as_of_date"": ""20260817"", ""atr"": 4.060714285714286, ""event_date"": ""20260807"", ""protection"": 45.90553571428572, ""reference_close"": 53.48, ""resistance"": 55.45, ""support"": 48.545, ""support_high"": 49.96625, ""support_low"": 47.12375, ""support_source"": ""涨停阳线中部""}}}",15.0,limit_pullback,10.0,80.0,盘中观察,,,,,82.18487394957982,,,65.8237,,100.0,26.22937156192699,50.0,100.0,50.0,98.1038374717833,100.0,64.8091,36.0572,75.6345,39.6454,72.34846383478649,78.26322440873804,91.17647058823529,4.2495,0.8306422095871792,0.8352952724253148,0.9644724977457168,10.0,0.42495000000000005,71.2475,97.2558223506048,0.0,50.0,50.0,58.0398,66.6667,65.6833,62.9341,0.0,0.0,0.0,0.0,0.0,100.0,26.22937156192699,50.0,0.0,50.0,98.1038374717833,0.0,78.8221,100.0,53.38234163335937,97.2558223506048,,,,,,,,
生产决策池,001311,多利科技,买入,跌停反包确认按分钟确认,0.0,0.0,0.0,light,开盘仅用于信号分层，按策略配置的截止时间逐分钟确认,板块转弱；跌破开盘低点或超过策略截止时间未确认,0.5808,,True,False,"['新能源汽车', '机器人概念', '比亚迪概念']",58.08,14,"['新能源汽车', '机器人概念', '比亚迪概念']",,"{""stk_attention_consensus"": 50.0, ""stk_attention_crowding_risk"": 100.0, ""stk_behavior_acceleration"": 69.7085, ""stk_behavior_attention"": 67.0079, ""stk_behavior_decay"": 38.6507, ""stk_behavior_divergence"": 36.342, ""stk_behavior_repair"": 53.3143, ""stk_block_trade_risk"": 100.0, ""stk_capital_flow_consensus"": 26.191573187426762, ""stk_capital_flow_persistence"": 71.29521586931156, ""stk_kpl_leader_quality"": 50.0, ""stk_liquidity_percentile"": 58.74706625744719, ""stk_margin_acceleration"": 50.0, ""stk_relative_strength_sector"": 86.44986449864498, ""stk_reversal_recovery"": 100.0}","{""amount_ratio"": 1.106094735167401, ""appearance_days_5d"": 0.0, ""attention_crowding_penalty"": 0.0, ""attention_score"": 50.0, ""behavior_data_completeness"": 100.0, ""board_height"": 0.0, ""board_score"": 50.0, ""capital_flow_consensus_score"": 26.191573187426762, ""capital_flow_persistence_score"": 71.29521586931156, ""crowding_penalty_score"": 0.0, ""event_risk_score"": 0.0, ""institution_net_buy_ratio"": 0.0, ""leader_quality_score"": 50.0, ""lhb_net_buy_ratio"": 0.0, ""lhb_present"": 0.0, ""limit_pct"": 10.0, ""limit_progress"": 0.33535, ""limit_progress_score"": 66.7675, ""liquidity_score"": 58.74706625744719, ""margin_score"": 50.0, ""mkt_emotion_score"": 91.17647058823529, ""mkt_market_score"": 72.34846383478649, ""mkt_width_score"": 78.26322440873804, ""new_high_ratio"": 0.9675759135357694, ""pct_chg"": 3.3535, ""seal_time_score"": 50.0, ""sector_flow_score"": 90.8161, ""sector_heat_score"": 60.7319, ""sector_mainline_score"": 67.9439, ""sector_persistence_score"": 75.0, ""sector_resonance_score"": 66.6315, ""vol_ratio"": 1.092271902735063}",基线,limit_reversal,生产决策池,66f5b729ce84,"{""allowed_entry_modes"": [""limit_reversal""], ""candidate_max_age_days"": 1, ""confirmation_deadline"": ""14:30:00"", ""exit"": {""hard_stop_loss"": 0.05, ""time_stop_days"": 3, ""time_stop_profit_threshold"": 0.02, ""trailing_activation"": 0.05, ""trailing_early_stop"": 0.04, ""trailing_high_profit"": 0.2, ""trailing_mid_profit"": 0.1, ""trailing_mid_stop"": 0.06, ""trailing_stop"": 0.08}, ""mode_deadlines"": {""limit_reversal"": ""14:30:00""}, ""primary_strategy"": ""limit_reversal"", ""source_strategies"": [""limit_reversal""], ""structures"": {""limit_reversal"": {""as_of_date"": ""20260817"", ""atr"": 0.9085714285714283, ""event_date"": ""20260814"", ""event_low"": 16.31, ""event_pre_close"": 18.12, ""event_type"": ""盘中触及跌停"", ""midpoint"": 18.395000000000003, ""protection"": 16.128285714285713, ""reference_close"": 18.8, ""target"": 18.6, ""target_label"": ""阴线实体上沿""}}}",10.0,limit_reversal,10.0,80.0,盘中观察,,,,,86.44986449864498,,,69.7085,,26.191573187426762,71.29521586931156,50.0,100.0,50.0,50.0,100.0,67.0079,36.342,53.3143,38.6507,72.34846383478649,78.26322440873804,91.17647058823529,3.3535,1.092271902735063,1.106094735167401,0.9675759135357694,10.0,0.33535,66.7675,58.74706625744719,0.0,50.0,50.0,60.7319,75.0,67.9439,66.6315,0.0,0.0,0.0,0.0,0.0,26.191573187426762,71.29521586931156,50.0,0.0,50.0,50.0,0.0,90.8161,100.0,,58.74706625744719,100.0,,,,,,,
生产决策池,688020,方邦股份,买入,涨停回踩转强确认按分钟确认,0.0,0.0,0.0,light,开盘仅用于信号分层，按策略配置的截止时间逐分钟确认,板块转弱；跌破开盘低点或超过策略截止时间未确认,0.5479,,True,False,"['计算机通信和其他电子设备制造业指数', '原材料(A股)', '专精特新']",54.79,15,"['计算机通信和其他电子设备制造业指数', '原材料(A股)', '专精特新']",,"{""stk_attention_consensus"": 50.0, ""stk_attention_crowding_risk"": 100.0, ""stk_behavior_acceleration"": 66.8616, ""stk_behavior_attention"": 64.8506, ""stk_behavior_decay"": 41.025, ""stk_behavior_divergence"": 36.2404, ""stk_behavior_repair"": 68.0322, ""stk_block_trade_risk"": 100.0, ""stk_capital_flow_consensus"": 97.39820902869255, ""stk_capital_flow_persistence"": 26.22937156192699, ""stk_kpl_leader_quality"": 50.0, ""stk_liquidity_percentile"": 88.04838418487093, ""stk_margin_acceleration"": 84.24379232505643, ""stk_pullback_contraction"": 61.30046971343375, ""stk_relative_strength_sector"": 79.73856209150327}","{""amount_ratio"": 0.9695606837843032, ""appearance_days_5d"": 0.0, ""attention_crowding_penalty"": 0.0, ""attention_score"": 50.0, ""behavior_data_completeness"": 100.0, ""board_height"": 0.0, ""board_score"": 50.0, ""capital_flow_consensus_score"": 97.39820902869255, ""capital_flow_persistence_score"": 26.22937156192699, ""crowding_penalty_score"": 0.0, ""event_risk_score"": 0.0, ""institution_net_buy_ratio"": 0.0, ""leader_quality_score"": 50.0, ""lhb_net_buy_ratio"": 0.0, ""lhb_present"": 0.0, ""limit_pct"": 20.0, ""limit_progress"": 0.265555, ""limit_progress_score"": 63.27775, ""liquidity_score"": 88.04838418487093, ""margin_score"": 84.24379232505643, ""mkt_emotion_score"": 91.17647058823529, ""mkt_market_score"": 72.34846383478649, ""mkt_width_score"": 78.26322440873804, ""new_high_ratio"": 0.9663291139240506, ""pct_chg"": 5.3111, ""seal_time_score"": 50.0, ""sector_flow_score"": 64.1473, ""sector_heat_score"": 64.3288, ""sector_mainline_score"": 74.9195, ""sector_persistence_score"": 75.0, ""sector_resonance_score"": 71.5888, ""vol_ratio"": 0.9216980664214466}",基线,limit_pullback,生产决策池,0b34848eadae,"{""allowed_entry_modes"": [""limit_pullback""], ""candidate_max_age_days"": 1, ""confirmation_deadline"": ""14:30:00"", ""exit"": {""hard_stop_loss"": 0.05, ""time_stop_days"": 4, ""time_stop_profit_threshold"": 0.02, ""trailing_activation"": 0.05, ""trailing_early_stop"": 0.04, ""trailing_high_profit"": 0.2, ""trailing_mid_profit"": 0.1, ""trailing_mid_stop"": 0.06, ""trailing_stop"": 0.08}, ""mode_deadlines"": {""limit_pullback"": ""14:30:00""}, ""primary_strategy"": ""limit_pullback"", ""source_strategies"": [""limit_pullback""], ""structures"": {""limit_pullback"": {""as_of_date"": ""20260817"", ""atr"": 15.04857142857143, ""event_date"": ""20260807"", ""protection"": 126.30342857142858, ""reference_close"": 152.68, ""resistance"": 158.0, ""support"": 136.085, ""support_high"": 141.352, ""support_low"": 130.818, ""support_source"": ""涨停阳线中部""}}}",15.0,limit_pullback,10.0,80.0,盘中观察,,,,,79.73856209150327,,,66.8616,,97.39820902869255,26.22937156192699,50.0,100.0,50.0,84.24379232505643,100.0,64.8506,36.2404,68.0322,41.025,72.34846383478649,78.26322440873804,91.17647058823529,5.3111,0.9216980664214466,0.9695606837843032,0.9663291139240506,20.0,0.265555,63.27775,88.04838418487093,0.0,50.0,50.0,64.3288,75.0,74.9195,71.5888,0.0,0.0,0.0,0.0,0.0,97.39820902869255,26.22937156192699,50.0,0.0,50.0,84.24379232505643,0.0,64.1473,100.0,61.30046971343375,88.04838418487093,,,,,,,,
生产决策池,603277,银都股份,买入,跌停反包确认按分钟确认,0.0,0.0,0.0,light,开盘仅用于信号分层，按策略配置的截止时间逐分钟确认,板块转弱；跌破开盘低点或超过策略截止时间未确认,0.5252,,True,False,"['机械制造(A股)', '机器人概念', '工业(A股)']",52.52,16,"['机械制造(A股)', '机器人概念', '工业(A股)']",,"{""stk_attention_consensus"": 50.0, ""stk_attention_crowding_risk"": 100.0, ""stk_behavior_acceleration"": 68.141, ""stk_behavior_attention"": 69.826, ""stk_behavior_decay"": 28.7927, ""stk_behavior_divergence"": 37.8627, ""stk_behavior_repair"": 73.9912, ""stk_block_trade_risk"": 100.0, ""stk_capital_flow_consensus"": 7.967301764941105, ""stk_capital_flow_persistence"": 26.22937156192699, ""stk_kpl_leader_quality"": 50.0, ""stk_liquidity_percentile"": 60.75103809351868, ""stk_margin_acceleration"": 50.0, ""stk_relative_strength_sector"": 91.30434782608695, ""stk_reversal_recovery"": 38.260869565217334}","{""amount_ratio"": 1.6035517923492804, ""appearance_days_5d"": 0.0, ""attention_crowding_penalty"": 0.0, ""attention_score"": 50.0, ""behavior_data_completeness"": 100.0, ""board_height"": 0.0, ""board_score"": 50.0, ""capital_flow_consensus_score"": 7.967301764941105, ""capital_flow_persistence_score"": 26.22937156192699, ""crowding_penalty_score"": 0.0, ""event_risk_score"": 0.0, ""institution_net_buy_ratio"": 0.0, ""leader_quality_score"": 50.0, ""lhb_net_buy_ratio"": 0.0, ""lhb_present"": 0.0, ""limit_pct"": 10.0, ""limit_progress"": 0.38801, ""limit_progress_score"": 69.4005, ""liquidity_score"": 60.75103809351868, ""margin_score"": 50.0, ""mkt_emotion_score"": 91.17647058823529, ""mkt_market_score"": 72.34846383478649, ""mkt_width_score"": 78.26322440873804, ""new_high_ratio"": 0.9203124999999999, ""pct_chg"": 3.8801, ""seal_time_score"": 50.0, ""sector_flow_score"": 63.0814, ""sector_heat_score"": 59.7844, ""sector_mainline_score"": 66.7707, ""sector_persistence_score"": 75.0, ""sector_resonance_score"": 66.6567, ""vol_ratio"": 1.6289663163028099}",基线,limit_reversal,生产决策池,66f5b729ce84,"{""allowed_entry_modes"": [""limit_reversal""], ""candidate_max_age_days"": 1, ""confirmation_deadline"": ""14:30:00"", ""exit"": {""hard_stop_loss"": 0.05, ""time_stop_days"": 3, ""time_stop_profit_threshold"": 0.02, ""trailing_activation"": 0.05, ""trailing_early_stop"": 0.04, ""trailing_high_profit"": 0.2, ""trailing_mid_profit"": 0.1, ""trailing_mid_stop"": 0.06, ""trailing_stop"": 0.08}, ""mode_deadlines"": {""limit_reversal"": ""14:30:00""}, ""primary_strategy"": ""limit_reversal"", ""source_strategies"": [""limit_reversal""], ""structures"": {""limit_reversal"": {""as_of_date"": ""20260817"", ""atr"": 0.5042857142857146, ""event_date"": ""20260814"", ""event_low"": 11.24, ""event_pre_close"": 12.49, ""event_type"": ""盘中触及跌停"", ""midpoint"": 11.665, ""protection"": 11.139142857142858, ""reference_close"": 11.78, ""target"": 11.99, ""target_label"": ""阴线实体上沿""}}}",10.0,limit_reversal,10.0,80.0,盘中观察,,,,,91.30434782608695,,,68.141,,7.967301764941105,26.22937156192699,50.0,100.0,50.0,50.0,100.0,69.826,37.8627,73.9912,28.7927,72.34846383478649,78.26322440873804,91.17647058823529,3.8801,1.6289663163028099,1.6035517923492804,0.9203124999999999,10.0,0.38801,69.4005,60.75103809351868,0.0,50.0,50.0,59.7844,75.0,66.7707,66.6567,0.0,0.0,0.0,0.0,0.0,7.967301764941105,26.22937156192699,50.0,0.0,50.0,50.0,0.0,63.0814,100.0,,60.75103809351868,38.260869565217334,,,,,,,
生产决策池,002827,高争民爆,买入,跌停反包确认按分钟确认,0.0,0.0,0.0,light,开盘仅用于信号分层，按策略配置的截止时间逐分钟确认,板块转弱；跌破开盘低点或超过策略截止时间未确认,0.5118,,True,False,"['原材料(A股)', '芯片概念', '化学原料和化学制品制造业指数']",51.18,17,"['原材料(A股)', '芯片概念', '化学原料和化学制品制造业指数']",,"{""stk_attention_consensus"": 50.0, ""stk_attention_crowding_risk"": 100.0, ""stk_behavior_acceleration"": 53.1049, ""stk_behavior_attention"": 51.1263, ""stk_behavior_decay"": 54.356, ""stk_behavior_divergence"": 32.4318, ""stk_behavior_repair"": 43.7964, ""stk_block_trade_risk"": 100.0, ""stk_capital_flow_consensus"": 0.0, ""stk_capital_flow_persistence"": 26.22937156192699, ""stk_kpl_leader_quality"": 50.0, ""stk_liquidity_percentile"": 91.33417584401516, ""stk_margin_acceleration"": 50.0, ""stk_relative_strength_sector"": 12.552301255230125, ""stk_reversal_recovery"": 27.450980392156872}","{""amount_ratio"": 0.9415211707926961, ""appearance_days_5d"": 0.0, ""attention_crowding_penalty"": 0.0, ""attention_score"": 50.0, ""behavior_data_completeness"": 100.0, ""board_height"": 0.0, ""board_score"": 50.0, ""capital_flow_consensus_score"": 0.0, ""capital_flow_persistence_score"": 26.22937156192699, ""crowding_penalty_score"": 0.0, ""event_risk_score"": 0.0, ""institution_net_buy_ratio"": 0.0, ""leader_quality_score"": 50.0, ""lhb_net_buy_ratio"": 0.0, ""lhb_present"": 0.0, ""limit_pct"": 10.0, ""limit_progress"": 0.007049999999999999, ""limit_progress_score"": 50.3525, ""liquidity_score"": 91.33417584401516, ""margin_score"": 50.0, ""mkt_emotion_score"": 91.17647058823529, ""mkt_market_score"": 72.34846383478649, ""mkt_width_score"": 78.26322440873804, ""new_high_ratio"": 0.9175824175824175, ""pct_chg"": 0.0705, ""seal_time_score"": 50.0, ""sector_flow_score"": 65.9991, ""sector_heat_score"": 62.0029, ""sector_mainline_score"": 71.531, ""sector_persistence_score"": 75.0, ""sector_resonance_score"": 69.654, ""vol_ratio"": 0.9559466016178022}",基线,limit_reversal,生产决策池,66f5b729ce84,"{""allowed_entry_modes"": [""limit_reversal""], ""candidate_max_age_days"": 1, ""confirmation_deadline"": ""14:30:00"", ""exit"": {""hard_stop_loss"": 0.05, ""time_stop_days"": 3, ""time_stop_profit_threshold"": 0.02, ""trailing_activation"": 0.05, ""trailing_early_stop"": 0.04, ""trailing_high_profit"": 0.2, ""trailing_mid_profit"": 0.1, ""trailing_mid_stop"": 0.06, ""trailing_stop"": 0.08}, ""mode_deadlines"": {""limit_reversal"": ""14:30:00""}, ""primary_strategy"": ""limit_reversal"", ""source_strategies"": [""limit_reversal""], ""structures"": {""limit_reversal"": {""as_of_date"": ""20260817"", ""atr"": 3.742142857142858, ""event_date"": ""20260813"", ""event_low"": 55.1, ""event_pre_close"": 61.22, ""event_type"": ""收盘跌停"", ""midpoint"": 57.7, ""protection"": 54.35157142857143, ""reference_close"": 56.78, ""target"": 60.3, ""target_label"": ""阴线实体上沿""}}}",10.0,limit_reversal,10.0,80.0,盘中观察,,,,,12.552301255230125,,,53.1049,,0.0,26.22937156192699,50.0,100.0,50.0,50.0,100.0,51.1263,32.4318,43.7964,54.356,72.34846383478649,78.26322440873804,91.17647058823529,0.0705,0.9559466016178022,0.9415211707926961,0.9175824175824175,10.0,0.007049999999999999,50.3525,91.33417584401516,0.0,50.0,50.0,62.0029,75.0,71.531,69.654,0.0,0.0,0.0,0.0,0.0,0.0,26.22937156192699,50.0,0.0,50.0,50.0,0.0,65.9991,100.0,,91.33417584401516,27.450980392156872,,,,,,,
生产决策池,300364,中文在线,买入,涨停回踩转强确认按分钟确认,0.0,0.0,0.0,light,开盘仅用于信号分层，按策略配置的截止时间逐分钟确认,板块转弱；跌破开盘低点或超过策略截止时间未确认,0.4555,,True,False,"['华为概念', '人工智能', '通讯业务(A股)']",45.55,18,"['华为概念', '人工智能', '通讯业务(A股)']",,"{""stk_attention_consensus"": 50.0, ""stk_attention_crowding_risk"": 100.0, ""stk_behavior_acceleration"": 64.0526, ""stk_behavior_attention"": 58.792, ""stk_behavior_decay"": 41.6229, ""stk_behavior_divergence"": 36.0591, ""stk_behavior_repair"": 44.6532, ""stk_block_trade_risk"": 100.0, ""stk_capital_flow_consensus"": 7.585089032667343, ""stk_capital_flow_persistence"": 26.22937156192699, ""stk_kpl_leader_quality"": 50.0, ""stk_liquidity_percentile"": 92.50767286513812, ""stk_margin_acceleration"": 83.31828442437923, ""stk_pullback_contraction"": 56.812835345678536, ""stk_relative_strength_sector"": 79.6934865900383}","{""amount_ratio"": 0.6973955648843054, ""appearance_days_5d"": 0.0, ""attention_crowding_penalty"": 0.0, ""attention_score"": 50.0, ""behavior_data_completeness"": 100.0, ""board_height"": 0.0, ""board_score"": 50.0, ""capital_flow_consensus_score"": 7.585089032667343, ""capital_flow_persistence_score"": 26.22937156192699, ""crowding_penalty_score"": 0.0, ""event_risk_score"": 0.0, ""institution_net_buy_ratio"": 0.0, ""leader_quality_score"": 50.0, ""lhb_net_buy_ratio"": 0.0, ""lhb_present"": 0.0, ""limit_pct"": 20.0, ""limit_progress"": 0.09326999999999999, ""limit_progress_score"": 54.6635, ""liquidity_score"": 92.50767286513812, ""margin_score"": 83.31828442437923, ""mkt_emotion_score"": 91.17647058823529, ""mkt_market_score"": 72.34846383478649, ""mkt_width_score"": 78.26322440873804, ""new_high_ratio"": 0.9201465201465202, ""pct_chg"": 1.8654, ""seal_time_score"": 50.0, ""sector_flow_score"": 70.7257, ""sector_heat_score"": 59.9022, ""sector_mainline_score"": 65.2252, ""sector_persistence_score"": 75.0, ""sector_resonance_score"": 65.5468, ""vol_ratio"": 0.7072841890940397}",基线,limit_pullback,生产决策池,0b34848eadae,"{""allowed_entry_modes"": [""limit_pullback""], ""candidate_max_age_days"": 1, ""confirmation_deadline"": ""14:30:00"", ""exit"": {""hard_stop_loss"": 0.05, ""time_stop_days"": 4, ""time_stop_profit_threshold"": 0.02, ""trailing_activation"": 0.05, ""trailing_early_stop"": 0.04, ""trailing_high_profit"": 0.2, ""trailing_mid_profit"": 0.1, ""trailing_mid_stop"": 0.06, ""trailing_stop"": 0.08}, ""mode_deadlines"": {""limit_pullback"": ""14:30:00""}, ""primary_strategy"": ""limit_pullback"", ""source_strategies"": [""limit_pullback""], ""structures"": {""limit_pullback"": {""as_of_date"": ""20260817"", ""atr"": 1.7207142857142859, ""event_date"": ""20260731"", ""protection"": 22.011535714285714, ""reference_close"": 25.12, ""resistance"": 27.3, ""support"": 23.13, ""support_high"": 23.73225, ""support_low"": 22.527749999999997, ""support_source"": ""涨停阳线中部""}}}",15.0,limit_pullback,10.0,80.0,盘中观察,,,,,79.6934865900383,,,64.0526,,7.585089032667343,26.22937156192699,50.0,100.0,50.0,83.31828442437923,100.0,58.792,36.0591,44.6532,41.6229,72.34846383478649,78.26322440873804,91.17647058823529,1.8654,0.7072841890940397,0.6973955648843054,0.9201465201465202,20.0,0.09326999999999999,54.6635,92.50767286513812,0.0,50.0,50.0,59.9022,75.0,65.2252,65.5468,0.0,0.0,0.0,0.0,0.0,7.585089032667343,26.22937156192699,50.0,0.0,50.0,83.31828442437923,0.0,70.7257,100.0,56.812835345678536,92.50767286513812,,,,,,,,
生产决策池,603369,今世缘,买入,涨停回踩转强确认按分钟确认,0.0,0.0,0.0,light,开盘仅用于信号分层，按策略配置的截止时间逐分钟确认,板块转弱；跌破开盘低点或超过策略截止时间未确认,0.4474,,True,False,"['国企改革', '沪深300样本股', '日常消费品(A股)']",44.74,19,"['国企改革', '沪深300样本股', '日常消费品(A股)']",,"{""stk_attention_consensus"": 50.0, ""stk_attention_crowding_risk"": 100.0, ""stk_behavior_acceleration"": 51.8498, ""stk_behavior_attention"": 56.2274, ""stk_behavior_decay"": 44.6346, ""stk_behavior_divergence"": 34.1256, ""stk_behavior_repair"": 49.8605, ""stk_block_trade_risk"": 100.0, ""stk_capital_flow_consensus"": 41.417473618370494, ""stk_capital_flow_persistence"": 91.48191365227538, ""stk_kpl_leader_quality"": 50.0, ""stk_liquidity_percentile"": 87.57898537642174, ""stk_margin_acceleration"": 95.86907449209933, ""stk_pullback_contraction"": 98.07648443092857, ""stk_relative_strength_sector"": 15.40880503144654}","{""amount_ratio"": 1.004799581040666, ""appearance_days_5d"": 0.0, ""attention_crowding_penalty"": 0.0, ""attention_score"": 50.0, ""behavior_data_completeness"": 100.0, ""board_height"": 0.0, ""board_score"": 50.0, ""capital_flow_consensus_score"": 41.417473618370494, ""capital_flow_persistence_score"": 91.48191365227538, ""crowding_penalty_score"": 0.0, ""event_risk_score"": 0.0, ""institution_net_buy_ratio"": 0.0, ""leader_quality_score"": 50.0, ""lhb_net_buy_ratio"": 0.0, ""lhb_present"": 0.0, ""limit_pct"": 10.0, ""limit_progress"": -0.043680000000000004, ""limit_progress_score"": 47.815999999999995, ""liquidity_score"": 87.57898537642174, ""margin_score"": 95.86907449209933, ""mkt_emotion_score"": 91.17647058823529, ""mkt_market_score"": 72.34846383478649, ""mkt_width_score"": 78.26322440873804, ""new_high_ratio"": 0.9642043605597136, ""pct_chg"": -0.4368, ""seal_time_score"": 50.0, ""sector_flow_score"": 59.6038, ""sector_heat_score"": 52.926, ""sector_mainline_score"": 58.4131, ""sector_persistence_score"": 58.3333, ""sector_resonance_score"": 56.3178, ""vol_ratio"": 1.0244069319947962}",基线,limit_pullback,生产决策池,0b34848eadae,"{""allowed_entry_modes"": [""limit_pullback""], ""candidate_max_age_days"": 1, ""confirmation_deadline"": ""14:30:00"", ""exit"": {""hard_stop_loss"": 0.05, ""time_stop_days"": 4, ""time_stop_profit_threshold"": 0.02, ""trailing_activation"": 0.05, ""trailing_early_stop"": 0.04, ""trailing_high_profit"": 0.2, ""trailing_mid_profit"": 0.1, ""trailing_mid_stop"": 0.06, ""trailing_stop"": 0.08}, ""mode_deadlines"": {""limit_pullback"": ""14:30:00""}, ""primary_strategy"": ""limit_pullback"", ""source_strategies"": [""limit_pullback""], ""structures"": {""limit_pullback"": {""as_of_date"": ""20260817"", ""atr"": 1.212857142857143, ""event_date"": ""20260812"", ""protection"": 28.471642857142857, ""reference_close"": 29.63, ""resistance"": 30.73, ""support"": 29.26, ""support_high"": 29.6845, ""support_low"": 28.835500000000003, ""support_source"": ""突破平台""}}}",15.0,limit_pullback,10.0,80.0,盘中观察,,,,,15.40880503144654,,,51.8498,,41.417473618370494,91.48191365227538,50.0,100.0,50.0,95.86907449209933,100.0,56.2274,34.1256,49.8605,44.6346,72.34846383478649,78.26322440873804,91.17647058823529,-0.4368,1.0244069319947962,1.004799581040666,0.9642043605597136,10.0,-0.043680000000000004,47.815999999999995,87.57898537642174,0.0,50.0,50.0,52.926,58.3333,58.4131,56.3178,0.0,0.0,0.0,0.0,0.0,41.417473618370494,91.48191365227538,50.0,0.0,50.0,95.86907449209933,0.0,59.6038,100.0,98.07648443092857,87.57898537642174,,,,,,,,
生产决策池,603459,红板科技,买入,涨停回踩转强确认按分钟确认,0.0,0.0,0.0,light,开盘仅用于信号分层，按策略配置的截止时间逐分钟确认,板块转弱；跌破开盘低点或超过策略截止时间未确认,0.4291,,True,False,"['共封装光学(CPO)', '计算机通信和其他电子设备制造业指数', '存储芯片']",42.91,20,"['共封装光学(CPO)', '计算机通信和其他电子设备制造业指数', '存储芯片']",,"{""stk_attention_consensus"": 50.0, ""stk_attention_crowding_risk"": 100.0, ""stk_behavior_acceleration"": 58.7632, ""stk_behavior_attention"": 56.0441, ""stk_behavior_decay"": 48.4712, ""stk_behavior_divergence"": 34.1102, ""stk_behavior_repair"": 70.597, ""stk_block_trade_risk"": 100.0, ""stk_capital_flow_consensus"": 76.19366347883408, ""stk_capital_flow_persistence"": 26.22937156192699, ""stk_kpl_leader_quality"": 50.0, ""stk_liquidity_percentile"": 94.61996750315942, ""stk_margin_acceleration"": 87.51693002257336, ""stk_pullback_contraction"": 64.06129383618519, ""stk_relative_strength_sector"": 37.5}","{""amount_ratio"": 0.9474043795364037, ""appearance_days_5d"": 0.0, ""attention_crowding_penalty"": 0.0, ""attention_score"": 50.0, ""behavior_data_completeness"": 100.0, ""board_height"": 0.0, ""board_score"": 50.0, ""capital_flow_consensus_score"": 76.19366347883408, ""capital_flow_persistence_score"": 26.22937156192699, ""crowding_penalty_score"": 0.0, ""event_risk_score"": 0.0, ""institution_net_buy_ratio"": 0.0, ""leader_quality_score"": 50.0, ""lhb_net_buy_ratio"": 0.0, ""lhb_present"": 0.0, ""limit_pct"": 10.0, ""limit_progress"": 0.24042, ""limit_progress_score"": 62.021, ""liquidity_score"": 94.61996750315942, ""margin_score"": 87.51693002257336, ""mkt_emotion_score"": 91.17647058823529, ""mkt_market_score"": 72.34846383478649, ""mkt_width_score"": 78.26322440873804, ""new_high_ratio"": 0.9255269755780481, ""pct_chg"": 2.4042, ""seal_time_score"": 50.0, ""sector_flow_score"": 82.0413, ""sector_heat_score"": 70.5206, ""sector_mainline_score"": 77.7195, ""sector_persistence_score"": 75.0, ""sector_resonance_score"": 74.9197, ""vol_ratio"": 0.9653502348071521}",基线,limit_pullback,生产决策池,0b34848eadae,"{""allowed_entry_modes"": [""limit_pullback""], ""candidate_max_age_days"": 1, ""confirmation_deadline"": ""14:30:00"", ""exit"": {""hard_stop_loss"": 0.05, ""time_stop_days"": 4, ""time_stop_profit_threshold"": 0.02, ""trailing_activation"": 0.05, ""trailing_early_stop"": 0.04, ""trailing_high_profit"": 0.2, ""trailing_mid_profit"": 0.1, ""trailing_mid_stop"": 0.06, ""trailing_stop"": 0.08}, ""mode_deadlines"": {""limit_pullback"": ""14:30:00""}, ""primary_strategy"": ""limit_pullback"", ""source_strategies"": [""limit_pullback""], ""structures"": {""limit_pullback"": {""as_of_date"": ""20260817"", ""atr"": 9.098571428571429, ""event_date"": ""20260807"", ""protection"": 94.01592857142857, ""reference_close"": 99.67, ""resistance"": 107.69, ""support"": 99.93, ""support_high"": 103.1145, ""support_low"": 96.7455, ""support_source"": ""突破平台""}}}",15.0,limit_pullback,10.0,80.0,盘中观察,,,,,37.5,,,58.7632,,76.19366347883408,26.22937156192699,50.0,100.0,50.0,87.51693002257336,100.0,56.0441,34.1102,70.597,48.4712,72.34846383478649,78.26322440873804,91.17647058823529,2.4042,0.9653502348071521,0.9474043795364037,0.9255269755780481,10.0,0.24042,62.021,94.61996750315942,0.0,50.0,50.0,70.5206,75.0,77.7195,74.9197,0.0,0.0,0.0,0.0,0.0,76.19366347883408,26.22937156192699,50.0,0.0,50.0,87.51693002257336,0.0,82.0413,100.0,64.06129383618519,94.61996750315942,,,,,,,,
生产决策池,603171,税友股份,买入,涨停回踩转强确认按分钟确认,0.0,0.0,0.0,light,开盘仅用于信号分层，按策略配置的截止时间逐分钟确认,板块转弱；跌破开盘低点或超过策略截止时间未确认,0.351,,True,False,"['人工智能', '信息技术(A股)', '中国AI 50']",35.1,21,"['人工智能', '信息技术(A股)', '中国AI 50']",,"{""stk_attention_consensus"": 50.0, ""stk_attention_crowding_risk"": 100.0, ""stk_behavior_acceleration"": 57.0858, ""stk_behavior_attention"": 54.613, ""stk_behavior_decay"": 51.1924, ""stk_behavior_divergence"": 33.7505, ""stk_behavior_repair"": 45.2465, ""stk_block_trade_risk"": 100.0, ""stk_capital_flow_consensus"": 47.44959893930212, ""stk_capital_flow_persistence"": 54.659109851641944, ""stk_kpl_leader_quality"": 50.0, ""stk_liquidity_percentile"": 79.27423722693628, ""stk_margin_acceleration"": 7.742663656884876, ""stk_pullback_contraction"": 88.2484314337027, ""stk_relative_strength_sector"": 36.03603603603604}","{""amount_ratio"": 0.8904204861922508, ""appearance_days_5d"": 0.0, ""attention_crowding_penalty"": 0.0, ""attention_score"": 50.0, ""behavior_data_completeness"": 100.0, ""board_height"": 0.0, ""board_score"": 50.0, ""capital_flow_consensus_score"": 47.44959893930212, ""capital_flow_persistence_score"": 54.659109851641944, ""crowding_penalty_score"": 0.0, ""event_risk_score"": 0.0, ""institution_net_buy_ratio"": 0.0, ""leader_quality_score"": 50.0, ""lhb_net_buy_ratio"": 0.0, ""lhb_present"": 0.0, ""limit_pct"": 10.0, ""limit_progress"": -0.028349999999999997, ""limit_progress_score"": 48.5825, ""liquidity_score"": 79.27423722693628, ""margin_score"": 7.742663656884876, ""mkt_emotion_score"": 91.17647058823529, ""mkt_market_score"": 72.34846383478649, ""mkt_width_score"": 78.26322440873804, ""new_high_ratio"": 0.8777351247600766, ""pct_chg"": -0.2835, ""seal_time_score"": 50.0, ""sector_flow_score"": 59.9376, ""sector_heat_score"": 60.6455, ""sector_mainline_score"": 63.9512, ""sector_persistence_score"": 83.3333, ""sector_resonance_score"": 67.9517, ""vol_ratio"": 0.9354425669528487}",基线,limit_pullback,生产决策池,0b34848eadae,"{""allowed_entry_modes"": [""limit_pullback""], ""candidate_max_age_days"": 1, ""confirmation_deadline"": ""14:30:00"", ""exit"": {""hard_stop_loss"": 0.05, ""time_stop_days"": 4, ""time_stop_profit_threshold"": 0.02, ""trailing_activation"": 0.05, ""trailing_early_stop"": 0.04, ""trailing_high_profit"": 0.2, ""trailing_mid_profit"": 0.1, ""trailing_mid_stop"": 0.06, ""trailing_stop"": 0.08}, ""mode_deadlines"": {""limit_pullback"": ""14:30:00""}, ""primary_strategy"": ""limit_pullback"", ""source_strategies"": [""limit_pullback""], ""structures"": {""limit_pullback"": {""as_of_date"": ""20260817"", ""atr"": 2.3292857142857133, ""event_date"": ""20260731"", ""protection"": 41.08596428571429, ""reference_close"": 45.73, ""resistance"": 52.1, ""support"": 42.6, ""support_high"": 43.41525, ""support_low"": 41.78475, ""support_source"": ""突破平台""}}}",15.0,limit_pullback,10.0,80.0,盘中观察,,,,,36.03603603603604,,,57.0858,,47.44959893930212,54.659109851641944,50.0,100.0,50.0,7.742663656884876,100.0,54.613,33.7505,45.2465,51.1924,72.34846383478649,78.26322440873804,91.17647058823529,-0.2835,0.9354425669528487,0.8904204861922508,0.8777351247600766,10.0,-0.028349999999999997,48.5825,79.27423722693628,0.0,50.0,50.0,60.6455,83.3333,63.9512,67.9517,0.0,0.0,0.0,0.0,0.0,47.44959893930212,54.659109851641944,50.0,0.0,50.0,7.742663656884876,0.0,59.9376,100.0,88.2484314337027,79.27423722693628,,,,,,,,
生产决策池,600721,百花医药,买入,涨停回踩转强确认按分钟确认,0.0,0.0,0.0,light,开盘仅用于信号分层，按策略配置的截止时间逐分钟确认,板块转弱；跌破开盘低点或超过策略截止时间未确认,0.3409,,True,False,"['国企改革', '股权转让(并购重组)', '医疗保健(A股)']",34.09,22,"['国企改革', '股权转让(并购重组)', '医疗保健(A股)']",,"{""stk_attention_consensus"": 68.94670050761421, ""stk_attention_crowding_risk"": 100.0, ""stk_behavior_acceleration"": 64.9051, ""stk_behavior_attention"": 70.1807, ""stk_behavior_decay"": 34.937, ""stk_behavior_divergence"": 36.7353, ""stk_behavior_repair"": 82.6617, ""stk_block_trade_risk"": 100.0, ""stk_capital_flow_consensus"": 47.53718635584645, ""stk_capital_flow_persistence"": 26.22937156192699, ""stk_kpl_leader_quality"": 50.0, ""stk_lhb_composite_score"": 48.40392508688921, ""stk_lhb_crowding_risk"": 26.166666666666664, ""stk_lhb_institution_consensus"": 50.0, ""stk_lhb_institution_score"": 50.0, ""stk_lhb_net_buy_score"": 39.347592696603684, ""stk_lhb_repeat_persistence"": 41.25, ""stk_lhb_sector_resonance"": 80.35817202024684, ""stk_liquidity_percentile"": 94.81855930673406, ""stk_margin_acceleration"": 50.0, ""stk_pullback_contraction"": 43.762009060171295, ""stk_relative_strength_sector"": 71.69811320754717}","{""amount_ratio"": 1.1574993191979581, ""appearance_days_5d"": 4.0, ""attention_crowding_penalty"": 0.0, ""attention_score"": 68.94670050761421, ""behavior_data_completeness"": 100.0, ""board_height"": 0.0, ""board_score"": 50.0, ""capital_flow_consensus_score"": 47.53718635584645, ""capital_flow_persistence_score"": 26.22937156192699, ""crowding_penalty_score"": 26.166666666666664, ""event_risk_score"": 0.0, ""institution_net_buy_ratio"": 0.0, ""leader_quality_score"": 50.0, ""lhb_net_buy_ratio"": -0.1304814606792629, ""lhb_present"": 1.0, ""limit_pct"": 10.0, ""limit_progress"": 0.15206, ""limit_progress_score"": 57.603, ""liquidity_score"": 94.81855930673406, ""margin_score"": 50.0, ""mkt_emotion_score"": 91.17647058823529, ""mkt_market_score"": 72.34846383478649, ""mkt_width_score"": 78.26322440873804, ""new_high_ratio"": 0.92909211398277, ""pct_chg"": 1.5206, ""seal_time_score"": 50.0, ""sector_flow_score"": 67.3557, ""sector_heat_score"": 54.1152, ""sector_mainline_score"": 61.3513, ""sector_persistence_score"": 58.3333, ""sector_resonance_score"": 58.1572, ""vol_ratio"": 1.1472779875723798}",基线,limit_pullback,生产决策池,0b34848eadae,"{""allowed_entry_modes"": [""limit_pullback""], ""candidate_max_age_days"": 1, ""confirmation_deadline"": ""14:30:00"", ""exit"": {""hard_stop_loss"": 0.05, ""time_stop_days"": 4, ""time_stop_profit_threshold"": 0.02, ""trailing_activation"": 0.05, ""trailing_early_stop"": 0.04, ""trailing_high_profit"": 0.2, ""trailing_mid_profit"": 0.1, ""trailing_mid_stop"": 0.06, ""trailing_stop"": 0.08}, ""mode_deadlines"": {""limit_pullback"": ""14:30:00""}, ""primary_strategy"": ""limit_pullback"", ""source_strategies"": [""limit_pullback""], ""structures"": {""limit_pullback"": {""as_of_date"": ""20260817"", ""atr"": 0.6757142857142856, ""event_date"": ""20260812"", ""protection"": 13.265785714285714, ""reference_close"": 14.02, ""resistance"": 15.09, ""support"": 13.705, ""support_high"": 13.9415, ""support_low"": 13.4685, ""support_source"": ""涨停阳线中部""}}}",15.0,limit_pullback,10.0,80.0,盘中观察,,,,,71.69811320754717,,,64.9051,,47.53718635584645,26.22937156192699,68.94670050761421,100.0,50.0,50.0,100.0,70.1807,36.7353,82.6617,34.937,72.34846383478649,78.26322440873804,91.17647058823529,1.5206,1.1472779875723798,1.1574993191979581,0.92909211398277,10.0,0.15206,57.603,94.81855930673406,0.0,50.0,50.0,54.1152,58.3333,61.3513,58.1572,1.0,-0.1304814606792629,0.0,4.0,26.166666666666664,47.53718635584645,26.22937156192699,68.94670050761421,0.0,50.0,50.0,0.0,67.3557,100.0,43.762009060171295,94.81855930673406,,39.347592696603684,50.0,50.0,41.25,80.35817202024684,48.40392508688921,26.166666666666664
生产决策池,300540,蜀道装备,买入,涨停回踩转强确认按分钟确认,0.0,0.0,0.0,light,开盘仅用于信号分层，按策略配置的截止时间逐分钟确认,板块转弱；跌破开盘低点或超过策略截止时间未确认,0.3293,,True,False,"['专精特新', '一带一路', '商业航天']",32.93,23,"['专精特新', '一带一路', '商业航天']",,"{""stk_attention_consensus"": 50.0, ""stk_attention_crowding_risk"": 100.0, ""stk_behavior_acceleration"": 64.265, ""stk_behavior_attention"": 61.8283, ""stk_behavior_decay"": 41.852, ""stk_behavior_divergence"": 35.2433, ""stk_behavior_repair"": 63.0987, ""stk_block_trade_risk"": 100.0, ""stk_capital_flow_consensus"": 98.36595402095216, ""stk_capital_flow_persistence"": 26.22937156192699, ""stk_kpl_leader_quality"": 50.0, ""stk_liquidity_percentile"": 84.43762411987723, ""stk_margin_acceleration"": 50.0, ""stk_pullback_contraction"": 59.222047205506954, ""stk_relative_strength_sector"": 70.08403361344537}","{""amount_ratio"": 0.91307557851481, ""appearance_days_5d"": 0.0, ""attention_crowding_penalty"": 0.0, ""attention_score"": 50.0, ""behavior_data_completeness"": 100.0, ""board_height"": 0.0, ""board_score"": 50.0, ""capital_flow_consensus_score"": 98.36595402095216, ""capital_flow_persistence_score"": 26.22937156192699, ""crowding_penalty_score"": 0.0, ""event_risk_score"": 0.0, ""institution_net_buy_ratio"": 0.0, ""leader_quality_score"": 50.0, ""lhb_net_buy_ratio"": 0.0, ""lhb_present"": 0.0, ""limit_pct"": 20.0, ""limit_progress"": 0.14959, ""limit_progress_score"": 57.479499999999994, ""liquidity_score"": 84.43762411987723, ""margin_score"": 50.0, ""mkt_emotion_score"": 91.17647058823529, ""mkt_market_score"": 72.34846383478649, ""mkt_width_score"": 78.26322440873804, ""new_high_ratio"": 0.9362637362637363, ""pct_chg"": 2.9918, ""seal_time_score"": 50.0, ""sector_flow_score"": 84.0332, ""sector_heat_score"": 60.5991, ""sector_mainline_score"": 68.936, ""sector_persistence_score"": 75.0, ""sector_resonance_score"": 67.4925, ""vol_ratio"": 0.9102178683963137}",基线,limit_pullback,生产决策池,0b34848eadae,"{""allowed_entry_modes"": [""limit_pullback""], ""candidate_max_age_days"": 1, ""confirmation_deadline"": ""14:30:00"", ""exit"": {""hard_stop_loss"": 0.05, ""time_stop_days"": 4, ""time_stop_profit_threshold"": 0.02, ""trailing_activation"": 0.05, ""trailing_early_stop"": 0.04, ""trailing_high_profit"": 0.2, ""trailing_mid_profit"": 0.1, ""trailing_mid_stop"": 0.06, ""trailing_stop"": 0.08}, ""mode_deadlines"": {""limit_pullback"": ""14:30:00""}, ""primary_strategy"": ""limit_pullback"", ""source_strategies"": [""limit_pullback""], ""structures"": {""limit_pullback"": {""as_of_date"": ""20260817"", ""atr"": 2.4449999999999994, ""event_date"": ""20260806"", ""protection"": 29.12575, ""reference_close"": 34.08, ""resistance"": 36.4, ""support"": 30.715, ""support_high"": 31.57075, ""support_low"": 29.85925, ""support_source"": ""涨停阳线中部""}}}",15.0,limit_pullback,10.0,80.0,盘中观察,,,,,70.08403361344537,,,64.265,,98.36595402095216,26.22937156192699,50.0,100.0,50.0,50.0,100.0,61.8283,35.2433,63.0987,41.852,72.34846383478649,78.26322440873804,91.17647058823529,2.9918,0.9102178683963137,0.91307557851481,0.9362637362637363,20.0,0.14959,57.479499999999994,84.43762411987723,0.0,50.0,50.0,60.5991,75.0,68.936,67.4925,0.0,0.0,0.0,0.0,0.0,98.36595402095216,26.22937156192699,50.0,0.0,50.0,50.0,0.0,84.0332,100.0,59.222047205506954,84.43762411987723,,,,,,,,
生产决策池,002842,翔鹭钨业,买入,涨停回踩转强确认按分钟确认,0.0,0.0,0.0,light,开盘仅用于信号分层，按策略配置的截止时间逐分钟确认,板块转弱；跌破开盘低点或超过策略截止时间未确认,0.2929,,True,False,"['原材料(A股)', '金属与采矿(A股)', '2026中报预增']",29.29,24,"['原材料(A股)', '金属与采矿(A股)', '2026中报预增']",,"{""stk_attention_consensus"": 50.0, ""stk_attention_crowding_risk"": 100.0, ""stk_behavior_acceleration"": 53.9705, ""stk_behavior_attention"": 49.2409, ""stk_behavior_decay"": 49.5924, ""stk_behavior_divergence"": 32.8049, ""stk_behavior_repair"": 50.4815, ""stk_block_trade_risk"": 100.0, ""stk_capital_flow_consensus"": 96.45099111166758, ""stk_capital_flow_persistence"": 26.22937156192699, ""stk_kpl_leader_quality"": 50.0, ""stk_liquidity_percentile"": 93.59090088463621, ""stk_margin_acceleration"": 90.74492099322799, ""stk_pullback_contraction"": 71.62599762292868, ""stk_relative_strength_sector"": 38.912133891213394}","{""amount_ratio"": 0.584983889683146, ""appearance_days_5d"": 0.0, ""attention_crowding_penalty"": 0.0, ""attention_score"": 50.0, ""behavior_data_completeness"": 100.0, ""board_height"": 0.0, ""board_score"": 50.0, ""capital_flow_consensus_score"": 96.45099111166758, ""capital_flow_persistence_score"": 26.22937156192699, ""crowding_penalty_score"": 0.0, ""event_risk_score"": 0.0, ""institution_net_buy_ratio"": 0.0, ""leader_quality_score"": 50.0, ""lhb_net_buy_ratio"": 0.0, ""lhb_present"": 0.0, ""limit_pct"": 10.0, ""limit_progress"": 0.17875000000000002, ""limit_progress_score"": 58.9375, ""liquidity_score"": 93.59090088463621, ""margin_score"": 90.74492099322799, ""mkt_emotion_score"": 91.17647058823529, ""mkt_market_score"": 72.34846383478649, ""mkt_width_score"": 78.26322440873804, ""new_high_ratio"": 0.9448469268520683, ""pct_chg"": 1.7875, ""seal_time_score"": 50.0, ""sector_flow_score"": 64.6748, ""sector_heat_score"": 60.7345, ""sector_mainline_score"": 68.9347, ""sector_persistence_score"": 75.0, ""sector_resonance_score"": 67.6177, ""vol_ratio"": 0.5911225222805525}",基线,limit_pullback,生产决策池,0b34848eadae,"{""allowed_entry_modes"": [""limit_pullback""], ""candidate_max_age_days"": 1, ""confirmation_deadline"": ""14:30:00"", ""exit"": {""hard_stop_loss"": 0.05, ""time_stop_days"": 4, ""time_stop_profit_threshold"": 0.02, ""trailing_activation"": 0.05, ""trailing_early_stop"": 0.04, ""trailing_high_profit"": 0.2, ""trailing_mid_profit"": 0.1, ""trailing_mid_stop"": 0.06, ""trailing_stop"": 0.08}, ""mode_deadlines"": {""limit_pullback"": ""14:30:00""}, ""primary_strategy"": ""limit_pullback"", ""source_strategies"": [""limit_pullback""], ""structures"": {""limit_pullback"": {""as_of_date"": ""20260817"", ""atr"": 2.432857142857143, ""event_date"": ""20260810"", ""protection"": 38.418642857142856, ""reference_close"": 40.43, ""resistance"": 42.79, ""support"": 40.0, ""support_high"": 40.8515, ""support_low"": 39.1485, ""support_source"": ""突破平台""}}}",15.0,limit_pullback,10.0,80.0,盘中观察,,,,,38.912133891213394,,,53.9705,,96.45099111166758,26.22937156192699,50.0,100.0,50.0,90.74492099322799,100.0,49.2409,32.8049,50.4815,49.5924,72.34846383478649,78.26322440873804,91.17647058823529,1.7875,0.5911225222805525,0.584983889683146,0.9448469268520683,10.0,0.17875000000000002,58.9375,93.59090088463621,0.0,50.0,50.0,60.7345,75.0,68.9347,67.6177,0.0,0.0,0.0,0.0,0.0,96.45099111166758,26.22937156192699,50.0,0.0,50.0,90.74492099322799,0.0,64.6748,100.0,71.62599762292868,93.59090088463621,,,,,,,,
生产决策池,301520,万邦医药,买入,涨停回踩转强确认按分钟确认,0.0,0.0,0.0,light,开盘仅用于信号分层，按策略配置的截止时间逐分钟确认,板块转弱；跌破开盘低点或超过策略截止时间未确认,0.2839,,True,False,"['医疗保健(A股)', '科学研究和技术服务业指数']",28.39,25,"['医疗保健(A股)', '科学研究和技术服务业指数']",,"{""stk_attention_consensus"": 50.0, ""stk_attention_crowding_risk"": 100.0, ""stk_behavior_acceleration"": 52.1289, ""stk_behavior_attention"": 60.5148, ""stk_behavior_decay"": 42.6374, ""stk_behavior_divergence"": 33.6686, ""stk_behavior_repair"": 54.4714, ""stk_block_trade_risk"": 100.0, ""stk_capital_flow_consensus"": 0.0, ""stk_capital_flow_persistence"": 26.22937156192699, ""stk_kpl_leader_quality"": 50.0, ""stk_lhb_composite_score"": 24.5604627225803, ""stk_lhb_crowding_risk"": 38.65833333333333, ""stk_lhb_institution_consensus"": 0.0, ""stk_lhb_institution_score"": 0.0, ""stk_lhb_net_buy_score"": 3.8142180592363317, ""stk_lhb_repeat_persistence"": 64.0, ""stk_lhb_sector_resonance"": 83.84868467756594, ""stk_liquidity_percentile"": 91.06336883914064, ""stk_margin_acceleration"": 90.13544018058691, ""stk_pullback_contraction"": 69.40418421746152, ""stk_relative_strength_sector"": 28.125}","{""amount_ratio"": 0.8192375337100418, ""appearance_days_5d"": 5.0, ""attention_crowding_penalty"": 0.0, ""attention_score"": 50.0, ""behavior_data_completeness"": 100.0, ""board_height"": 0.0, ""board_score"": 50.0, ""capital_flow_consensus_score"": 0.0, ""capital_flow_persistence_score"": 26.22937156192699, ""crowding_penalty_score"": 38.65833333333333, ""event_risk_score"": 0.0, ""institution_net_buy_ratio"": -6.777931400677523, ""leader_quality_score"": 50.0, ""lhb_net_buy_ratio"": -7.237156388152734, ""lhb_present"": 1.0, ""limit_pct"": 20.0, ""limit_progress"": -0.042545, ""limit_progress_score"": 47.872749999999996, ""liquidity_score"": 91.06336883914064, ""margin_score"": 90.13544018058691, ""mkt_emotion_score"": 91.17647058823529, ""mkt_market_score"": 72.34846383478649, ""mkt_width_score"": 78.26322440873804, ""new_high_ratio"": 0.9591790708164185, ""pct_chg"": -0.8509, ""seal_time_score"": 50.0, ""sector_flow_score"": 50.0, ""sector_heat_score"": 55.036, ""sector_mainline_score"": 58.179, ""sector_persistence_score"": 50.0, ""sector_resonance_score"": 55.0424, ""vol_ratio"": 0.7019769583807639}",基线,limit_pullback,生产决策池,0b34848eadae,"{""allowed_entry_modes"": [""limit_pullback""], ""candidate_max_age_days"": 1, ""confirmation_deadline"": ""14:30:00"", ""exit"": {""hard_stop_loss"": 0.05, ""time_stop_days"": 4, ""time_stop_profit_threshold"": 0.02, ""trailing_activation"": 0.05, ""trailing_early_stop"": 0.04, ""trailing_high_profit"": 0.2, ""trailing_mid_profit"": 0.1, ""trailing_mid_stop"": 0.06, ""trailing_stop"": 0.08}, ""mode_deadlines"": {""limit_pullback"": ""14:30:00""}, ""primary_strategy"": ""limit_pullback"", ""source_strategies"": [""limit_pullback""], ""structures"": {""limit_pullback"": {""as_of_date"": ""20260817"", ""atr"": 8.922142857142855, ""event_date"": ""20260813"", ""protection"": 74.19060714285713, ""reference_close"": 85.06, ""resistance"": 88.68, ""support"": 79.99, ""support_high"": 83.11274999999999, ""support_low"": 76.86725, ""support_source"": ""突破平台""}}}",15.0,limit_pullback,10.0,80.0,盘中观察,,,,,28.125,,,52.1289,,0.0,26.22937156192699,50.0,100.0,50.0,90.13544018058691,100.0,60.5148,33.6686,54.4714,42.6374,72.34846383478649,78.26322440873804,91.17647058823529,-0.8509,0.7019769583807639,0.8192375337100418,0.9591790708164185,20.0,-0.042545,47.872749999999996,91.06336883914064,0.0,50.0,50.0,55.036,50.0,58.179,55.0424,1.0,-7.237156388152734,-6.777931400677523,5.0,38.65833333333333,0.0,26.22937156192699,50.0,0.0,50.0,90.13544018058691,0.0,50.0,100.0,69.40418421746152,91.06336883914064,,3.8142180592363317,0.0,0.0,64.0,83.84868467756594,24.5604627225803,38.65833333333333
生产决策池,600693,东百集团,买入,涨停回踩转强确认按分钟确认,0.0,0.0,0.0,light,开盘仅用于信号分层，按策略配置的截止时间逐分钟确认,板块转弱；跌破开盘低点或超过策略截止时间未确认,0.2369,,True,False,"['批发和零售业指数', '海峡两岸']",23.69,26,"['批发和零售业指数', '海峡两岸']",,"{""stk_attention_consensus"": 50.0, ""stk_attention_crowding_risk"": 100.0, ""stk_behavior_acceleration"": 59.3766, ""stk_behavior_attention"": 55.0792, ""stk_behavior_decay"": 43.5641, ""stk_behavior_divergence"": 34.1944, ""stk_behavior_repair"": 39.8576, ""stk_block_trade_risk"": 100.0, ""stk_capital_flow_consensus"": 31.653236617472224, ""stk_capital_flow_persistence"": 89.29821636939491, ""stk_kpl_leader_quality"": 50.0, ""stk_liquidity_percentile"": 84.004332912078, ""stk_margin_acceleration"": 95.53047404063206, ""stk_pullback_contraction"": 66.05972178727244, ""stk_relative_strength_sector"": 68.42105263157895}","{""amount_ratio"": 0.5726545444796751, ""appearance_days_5d"": 0.0, ""attention_crowding_penalty"": 0.0, ""attention_score"": 50.0, ""behavior_data_completeness"": 100.0, ""board_height"": 0.0, ""board_score"": 50.0, ""capital_flow_consensus_score"": 31.653236617472224, ""capital_flow_persistence_score"": 89.29821636939491, ""crowding_penalty_score"": 0.0, ""event_risk_score"": 0.0, ""institution_net_buy_ratio"": 0.0, ""leader_quality_score"": 50.0, ""lhb_net_buy_ratio"": 0.0, ""lhb_present"": 0.0, ""limit_pct"": 10.0, ""limit_progress"": 0.16842, ""limit_progress_score"": 58.421, ""liquidity_score"": 84.004332912078, ""margin_score"": 95.53047404063206, ""mkt_emotion_score"": 91.17647058823529, ""mkt_market_score"": 72.34846383478649, ""mkt_width_score"": 78.26322440873804, ""new_high_ratio"": 0.8903225806451613, ""pct_chg"": 1.6842, ""seal_time_score"": 50.0, ""sector_flow_score"": 62.037, ""sector_heat_score"": 54.3883, ""sector_mainline_score"": 61.6003, ""sector_persistence_score"": 75.0, ""sector_resonance_score"": 62.7125, ""vol_ratio"": 0.6010531039144587}",基线,limit_pullback,生产决策池,0b34848eadae,"{""allowed_entry_modes"": [""limit_pullback""], ""candidate_max_age_days"": 1, ""confirmation_deadline"": ""14:30:00"", ""exit"": {""hard_stop_loss"": 0.05, ""time_stop_days"": 4, ""time_stop_profit_threshold"": 0.02, ""trailing_activation"": 0.05, ""trailing_early_stop"": 0.04, ""trailing_high_profit"": 0.2, ""trailing_mid_profit"": 0.1, ""trailing_mid_stop"": 0.06, ""trailing_stop"": 0.08}, ""mode_deadlines"": {""limit_pullback"": ""14:30:00""}, ""primary_strategy"": ""limit_pullback"", ""source_strategies"": [""limit_pullback""], ""structures"": {""limit_pullback"": {""as_of_date"": ""20260817"", ""atr"": 0.5792857142857141, ""event_date"": ""20260729"", ""protection"": 8.833464285714287, ""reference_close"": 9.66, ""resistance"": 10.85, ""support"": 9.21, ""support_high"": 9.41275, ""support_low"": 9.00725, ""support_source"": ""涨停阳线中部""}}}",15.0,limit_pullback,10.0,80.0,盘中观察,,,,,68.42105263157895,,,59.3766,,31.653236617472224,89.29821636939491,50.0,100.0,50.0,95.53047404063206,100.0,55.0792,34.1944,39.8576,43.5641,72.34846383478649,78.26322440873804,91.17647058823529,1.6842,0.6010531039144587,0.5726545444796751,0.8903225806451613,10.0,0.16842,58.421,84.004332912078,0.0,50.0,50.0,54.3883,75.0,61.6003,62.7125,0.0,0.0,0.0,0.0,0.0,31.653236617472224,89.29821636939491,50.0,0.0,50.0,95.53047404063206,0.0,62.037,100.0,66.05972178727244,84.004332912078,,,,,,,,
生产决策池,000720,新能泰山,买入,涨停回踩转强确认按分钟确认,0.0,0.0,0.0,light,开盘仅用于信号分层，按策略配置的截止时间逐分钟确认,板块转弱；跌破开盘低点或超过策略截止时间未确认,0.184,,True,False,"['光纤概念', '工业(A股)', '国企改革']",18.4,27,"['光纤概念', '工业(A股)', '国企改革']",,"{""stk_attention_consensus"": 50.0, ""stk_attention_crowding_risk"": 100.0, ""stk_behavior_acceleration"": 60.2521, ""stk_behavior_attention"": 62.6504, ""stk_behavior_decay"": 34.2592, ""stk_behavior_divergence"": 34.5353, ""stk_behavior_repair"": 48.0821, ""stk_block_trade_risk"": 100.0, ""stk_capital_flow_consensus"": 89.92965423819277, ""stk_capital_flow_persistence"": 26.22937156192699, ""stk_kpl_leader_quality"": 50.0, ""stk_liquidity_percentile"": 69.92236865860264, ""stk_margin_acceleration"": 50.0, ""stk_pullback_contraction"": 83.41803368470208, ""stk_relative_strength_sector"": 60.0}","{""amount_ratio"": 0.7192798533015102, ""appearance_days_5d"": 0.0, ""attention_crowding_penalty"": 0.0, ""attention_score"": 50.0, ""behavior_data_completeness"": 100.0, ""board_height"": 0.0, ""board_score"": 50.0, ""capital_flow_consensus_score"": 89.92965423819277, ""capital_flow_persistence_score"": 26.22937156192699, ""crowding_penalty_score"": 0.0, ""event_risk_score"": 0.0, ""institution_net_buy_ratio"": 0.0, ""leader_quality_score"": 50.0, ""lhb_net_buy_ratio"": 0.0, ""lhb_present"": 0.0, ""limit_pct"": 10.0, ""limit_progress"": 0.25973999999999997, ""limit_progress_score"": 62.986999999999995, ""liquidity_score"": 69.92236865860264, ""margin_score"": 50.0, ""mkt_emotion_score"": 91.17647058823529, ""mkt_market_score"": 72.34846383478649, ""mkt_width_score"": 78.26322440873804, ""new_high_ratio"": 0.9634146341463415, ""pct_chg"": 2.5974, ""seal_time_score"": 50.0, ""sector_flow_score"": 72.7498, ""sector_heat_score"": 60.603, ""sector_mainline_score"": 66.3592, ""sector_persistence_score"": 66.6667, ""sector_resonance_score"": 64.6411, ""vol_ratio"": 0.7099717594890429}",基线,limit_pullback,生产决策池,0b34848eadae,"{""allowed_entry_modes"": [""limit_pullback""], ""candidate_max_age_days"": 1, ""confirmation_deadline"": ""14:30:00"", ""exit"": {""hard_stop_loss"": 0.05, ""time_stop_days"": 4, ""time_stop_profit_threshold"": 0.02, ""trailing_activation"": 0.05, ""trailing_early_stop"": 0.04, ""trailing_high_profit"": 0.2, ""trailing_mid_profit"": 0.1, ""trailing_mid_stop"": 0.06, ""trailing_stop"": 0.08}, ""mode_deadlines"": {""limit_pullback"": ""14:30:00""}, ""primary_strategy"": ""limit_pullback"", ""source_strategies"": [""limit_pullback""], ""structures"": {""limit_pullback"": {""as_of_date"": ""20260817"", ""atr"": 0.20285714285714287, ""event_date"": ""20260812"", ""protection"": 3.7981428571428575, ""reference_close"": 3.95, ""resistance"": 4.1, ""support"": 3.93, ""support_high"": 4.001, ""support_low"": 3.859, ""support_source"": ""突破平台""}}}",15.0,limit_pullback,10.0,80.0,盘中观察,,,,,60.0,,,60.2521,,89.92965423819277,26.22937156192699,50.0,100.0,50.0,50.0,100.0,62.6504,34.5353,48.0821,34.2592,72.34846383478649,78.26322440873804,91.17647058823529,2.5974,0.7099717594890429,0.7192798533015102,0.9634146341463415,10.0,0.25973999999999997,62.986999999999995,69.92236865860264,0.0,50.0,50.0,60.603,66.6667,66.3592,64.6411,0.0,0.0,0.0,0.0,0.0,89.92965423819277,26.22937156192699,50.0,0.0,50.0,50.0,0.0,72.7498,100.0,83.41803368470208,69.92236865860264,,,,,,,,
生产决策池,600429,三元股份,买入,涨停回踩转强确认按分钟确认,0.0,0.0,0.0,light,开盘仅用于信号分层，按策略配置的截止时间逐分钟确认,板块转弱；跌破开盘低点或超过策略截止时间未确认,0.0933,,True,False,"['国企改革', '京津冀一体化', '乳业']",9.33,28,"['国企改革', '京津冀一体化', '乳业']",,"{""stk_attention_consensus"": 50.0, ""stk_attention_crowding_risk"": 100.0, ""stk_behavior_acceleration"": 63.396, ""stk_behavior_attention"": 67.8231, ""stk_behavior_decay"": 40.6342, ""stk_behavior_divergence"": 35.7096, ""stk_behavior_repair"": 82.9426, ""stk_block_trade_risk"": 100.0, ""stk_capital_flow_consensus"": 77.43296803868438, ""stk_capital_flow_persistence"": 68.37806301050176, ""stk_kpl_leader_quality"": 50.0, ""stk_liquidity_percentile"": 42.444484564000724, ""stk_margin_acceleration"": 50.0, ""stk_pullback_contraction"": 94.7184875668657, ""stk_relative_strength_sector"": 72.0125786163522}","{""amount_ratio"": 0.9322043884982016, ""appearance_days_5d"": 0.0, ""attention_crowding_penalty"": 0.0, ""attention_score"": 50.0, ""behavior_data_completeness"": 100.0, ""board_height"": 0.0, ""board_score"": 50.0, ""capital_flow_consensus_score"": 77.43296803868438, ""capital_flow_persistence_score"": 68.37806301050176, ""crowding_penalty_score"": 0.0, ""event_risk_score"": 0.0, ""institution_net_buy_ratio"": 0.0, ""leader_quality_score"": 50.0, ""lhb_net_buy_ratio"": 0.0, ""lhb_present"": 0.0, ""limit_pct"": 10.0, ""limit_progress"": 0.15317, ""limit_progress_score"": 57.658500000000004, ""liquidity_score"": 42.444484564000724, ""margin_score"": 50.0, ""mkt_emotion_score"": 91.17647058823529, ""mkt_market_score"": 72.34846383478649, ""mkt_width_score"": 78.26322440873804, ""new_high_ratio"": 0.9768421052631578, ""pct_chg"": 1.5317, ""seal_time_score"": 50.0, ""sector_flow_score"": 61.5956, ""sector_heat_score"": 53.6559, ""sector_mainline_score"": 58.6994, ""sector_persistence_score"": 58.3333, ""sector_resonance_score"": 56.637, ""vol_ratio"": 0.9257248764973554}",基线,limit_pullback,生产决策池,0b34848eadae,"{""allowed_entry_modes"": [""limit_pullback""], ""candidate_max_age_days"": 1, ""confirmation_deadline"": ""14:30:00"", ""exit"": {""hard_stop_loss"": 0.05, ""time_stop_days"": 4, ""time_stop_profit_threshold"": 0.02, ""trailing_activation"": 0.05, ""trailing_early_stop"": 0.04, ""trailing_high_profit"": 0.2, ""trailing_mid_profit"": 0.1, ""trailing_mid_stop"": 0.06, ""trailing_stop"": 0.08}, ""mode_deadlines"": {""limit_pullback"": ""14:30:00""}, ""primary_strategy"": ""limit_pullback"", ""source_strategies"": [""limit_pullback""], ""structures"": {""limit_pullback"": {""as_of_date"": ""20260817"", ""atr"": 0.17357142857142852, ""event_date"": ""20260729"", ""protection"": 4.347178571428572, ""reference_close"": 4.64, ""resistance"": 4.82, ""support"": 4.46, ""support_high"": 4.52075, ""support_low"": 4.39925, ""support_source"": ""突破平台""}}}",15.0,limit_pullback,10.0,80.0,盘中观察,,,,,72.0125786163522,,,63.396,,77.43296803868438,68.37806301050176,50.0,100.0,50.0,50.0,100.0,67.8231,35.7096,82.9426,40.6342,72.34846383478649,78.26322440873804,91.17647058823529,1.5317,0.9257248764973554,0.9322043884982016,0.9768421052631578,10.0,0.15317,57.658500000000004,42.444484564000724,0.0,50.0,50.0,53.6559,58.3333,58.6994,56.637,0.0,0.0,0.0,0.0,0.0,77.43296803868438,68.37806301050176,50.0,0.0,50.0,50.0,0.0,61.5956,100.0,94.7184875668657,42.444484564000724,,,,,,,,
