ts_code,trade_date,name,leading,leading_code,pct_change,leading_pct,total_mv,turnover_rate,up_num,down_num,idx_type,level,up_down_ratio,up_down_diff,leading_strength,activity_score,composite_strength
BK1627.DC,20260402,综合Ⅲ,漳州发展,000753.SZ,-0.56,3.54,20817091.6,2.27,4,13,行业板块,东财三级行业,0.23529411764705882,-9,0.8329411764705882,0.5341176470588235,7.164235294117646
BK1626.DC,20260402,稀土,北方稀土,600111.SH,-2.25,-1.86,28776846.4,1.67,0,4,行业板块,东财三级行业,0.0,-4,-0.0,0.0,-0.6749999999999999
BK1625.DC,20260402,钨,章源钨业,002378.SZ,-4.34,-3.43,23661007.6,3.84,0,4,行业板块,东财三级行业,0.0,-4,-0.0,0.0,-1.3019999999999998
BK1624.DC,20260402,其他小金属,中国铀业,001280.SZ,-2.87,-0.48,42489982.4,3.65,0,15,行业板块,东财三级行业,0.0,-15,-0.0,0.0,-0.861
BK1623.DC,20260402,钼,金钼股份,601958.SH,-2.35,-2.35,10576783.1,3.19,1,1,行业板块,东财三级行业,0.5,0,-1.175,1.595,14.379000000000001
BK1622.DC,20260402,镍,华友钴业,603799.SH,-2.19,-2.19,11186898.7,2.39,0,1,行业板块,东财三级行业,0.0,-1,-0.0,0.0,-0.6569999999999999
BK1621.DC,20260402,锂,西藏矿业,000762.SZ,2.42,9.99,43367600.0,6.49,7,1,行业板块,东财三级行业,0.875,6,8.74125,5.67875,29.86
BK1620.DC,20260402,钴,腾远钴业,301219.SZ,-1.75,-1.62,3076269.2,1.93,0,2,行业板块,东财三级行业,0.0,-2,-0.0,0.0,-0.525
BK1619.DC,20260402,其他金属新材料,博迁新材,605376.SH,-3.12,-0.76,20114162.9,1.81,0,20,行业板块,东财三级行业,0.0,-20,-0.0,0.0,-0.9359999999999999
BK1618.DC,20260402,磁性材料,大地熊,688077.SH,-2.27,-0.29,16922567.7,1.56,0,14,行业板块,东财三级行业,0.0,-14,-0.0,0.0,-0.6809999999999999
BK1617.DC,20260402,黄金,赤峰黄金,600988.SH,-3.76,-0.77,62668305.6,2.47,0,10,行业板块,东财三级行业,0.0,-10,-0.0,0.0,-1.128
BK1616.DC,20260402,白银,盛达资源,000603.SZ,-3.74,-3.25,13022839.3,4.94,0,3,行业板块,东财三级行业,0.0,-3,-0.0,0.0,-1.122
BK1615.DC,20260402,铜,海亮股份,002203.SZ,-2.21,1.17,185148670.4,1.67,1,15,行业板块,东财三级行业,0.0625,-14,0.073125,0.104375,1.2475000000000003
BK1614.DC,20260402,铅锌,国城矿业,000688.SZ,-1.56,1.64,22827490.6,2.01,2,10,行业板块,东财三级行业,0.16666666666666666,-8,0.2733333333333333,0.33499999999999996,4.653666666666667
BK1613.DC,20260402,铝,云铝股份,000807.SZ,-1.06,2.67,113662115.2,2.82,10,20,行业板块,东财三级行业,0.3333333333333333,-10,0.8899999999999999,0.94,10.048000000000002
BK1612.DC,20260402,农商行Ⅲ,渝农商行,601077.SH,0.1,1.56,27625820.8,0.7,3,5,行业板块,东财三级行业,0.375,-2,0.585,0.26249999999999996,11.449499999999999
BK1611.DC,20260402,国有大型银行Ⅲ,农业银行,601288.SH,1.53,3.44,1080992742.4,0.17,6,0,行业板块,东财三级行业,1.0,6,3.44,0.17,31.180999999999997
BK1610.DC,20260402,股份制银行Ⅲ,华夏银行,600015.SH,0.2,1.49,298243619.2,0.34,4,5,行业板块,东财三级行业,0.4444444444444444,-1,0.6622222222222222,0.1511111111111111,13.556000000000001
BK1609.DC,20260402,城商行Ⅲ,成都银行,601838.SH,0.21,1.05,126172288.0,0.47,11,6,行业板块,东财三级行业,0.6470588235294118,5,0.6794117647058824,0.30411764705882355,19.671470588235294
BK1608.DC,20260402,中药Ⅲ,益佰制药,600594.SH,0.56,10.09,85382259.2,2.62,42,25,行业板块,东财三级行业,0.6268656716417911,17,6.325074626865672,1.6423880597014926,20.56746268656716
BK1607.DC,20260402,医药流通,重药控股,000950.SZ,2.39,10.0,26479272.3,4.82,21,0,行业板块,东财三级行业,1.0,21,10.0,4.82,33.681
BK1606.DC,20260402,线下药店,华人健康,301408.SZ,1.7,8.04,8731130.4,2.62,4,4,行业板块,东财三级行业,0.5,0,4.02,1.31,16.576
BK1605.DC,20260402,医疗设备,健信超导,688805.SH,-0.77,9.03,61066664.0,1.81,9,33,行业板块,东财三级行业,0.21428571428571427,-24,1.9349999999999998,0.38785714285714284,6.6621428571428565
BK1604.DC,20260402,医疗耗材,济民健康,603222.SH,-0.28,9.97,47296140.8,2.82,19,35,行业板块,东财三级行业,0.35185185185185186,-16,3.507962962962963,0.9922222222222222,11.371592592592593
BK1603.DC,20260402,体外诊断,凯普生物,300639.SZ,-0.82,6.13,27781622.4,2.8,8,32,行业板块,东财三级行业,0.2,-24,1.226,0.5599999999999999,6.1112
BK1602.DC,20260402,诊断服务,贝瑞基因,000710.SZ,-0.73,0.84,4902037.0,2.86,1,4,行业板块,东财三级行业,0.2,-3,0.168,0.572,5.928999999999999
BK1601.DC,20260402,医院,三博脑科,301293.SZ,-1.31,1.42,22153613.6,1.97,2,13,行业板块,东财三级行业,0.13333333333333333,-11,0.18933333333333333,0.26266666666666666,3.6974
BK1600.DC,20260402,医疗研发外包,百奥赛图,688796.SH,-0.19,4.55,70238507.2,5.37,10,18,行业板块,东财三级行业,0.35714285714285715,-8,1.625,1.917857142857143,11.365857142857143
BK1599.DC,20260402,其他医疗服务,合富中国,603122.SH,1.66,10.01,2620494.6,4.98,3,2,行业板块,东财三级行业,0.6,1,6.005999999999999,2.988,20.2968
BK1598.DC,20260402,疫苗,康乐卫士,920575.BJ,-0.31,5.98,23991190.0,1.35,3,11,行业板块,东财三级行业,0.21428571428571427,-8,1.2814285714285714,0.2892857142857143,6.6497142857142855
BK1597.DC,20260402,血液制品,博晖创新,300318.SZ,-0.46,0.17,10250403.5,0.58,1,5,行业板块,东财三级行业,0.16666666666666666,-4,0.028333333333333335,0.09666666666666665,4.887
BK1596.DC,20260402,其他生物制品,三生国健,688336.SH,1.05,13.41,70640801.6,3.34,21,16,行业板块,东财三级行业,0.5675675675675675,5,7.611081081081081,1.8956756756756754,19.243378378378377
BK1595.DC,20260402,原料药,津药药业,600488.SH,0.74,10.07,36412459.2,3.89,17,29,行业板块,东财三级行业,0.3695652173913043,-12,3.7215217391304347,1.4376086956521739,12.340782608695651
BK1594.DC,20260402,化学制剂,北大医药,000788.SZ,1.17,10.06,223062625.6,4.52,58,53,行业板块,东财三级行业,0.5225225225225225,5,5.256576576576577,2.3618018018018017,17.550351351351352
BK1593.DC,20260402,通信终端及配件,ST路通,300555.SZ,-2.51,2.68,37781675.2,3.08,2,26,行业板块,东财三级行业,0.07142857142857142,-24,0.19142857142857142,0.22,1.4721428571428572
BK1592.DC,20260402,通信线缆及配套,汇源通信,000586.SZ,3.56,10.01,62684294.4,9.32,9,3,行业板块,东财三级行业,0.75,6,7.5075,6.99,26.4675
BK1591.DC,20260402,通信网络设备及器件,三旺通信,688618.SH,-1.18,13.13,216986606.4,3.72,7,29,行业板块,东财三级行业,0.19444444444444445,-22,2.553055555555556,0.7233333333333334,6.134611111111111
BK1590.DC,20260402,其他通信设备,长江通信,600345.SH,-1.89,0.73,9417471.6,1.81,2,12,行业板块,东财三级行业,0.14285714285714285,-10,0.10428571428571427,0.25857142857142856,3.791285714285714
BK1589.DC,20260402,通信应用增值服务,挖金客,301380.SZ,-4.36,0.42,28527899.2,5.39,1,16,行业板块,东财三级行业,0.058823529411764705,-15,0.024705882352941175,0.3170588235294117,0.5250588235294117
BK1588.DC,20260402,通信工程及服务,世纪鼎利,300050.SZ,-2.98,-0.74,10729865.2,3.44,0,20,行业板块,东财三级行业,0.0,-20,-0.0,0.0,-0.894
BK1587.DC,20260402,电信运营商,中国电信,601728.SH,-0.63,-0.18,267814017.6,0.2,0,3,行业板块,东财三级行业,0.0,-3,-0.0,0.0,-0.189
BK1586.DC,20260402,软饮料,承德露露,000848.SZ,-0.64,0.5,19246007.0,0.98,1,6,行业板块,东财三级行业,0.14285714285714285,-5,0.07142857142857142,0.13999999999999999,4.135999999999999
BK1585.DC,20260402,乳品,骑士乳业,920786.BJ,-1.23,0.5,25955779.1,1.17,2,17,行业板块,东财三级行业,0.10526315789473684,-15,0.05263157894736842,0.12315789473684209,2.824052631578948
BK1584.DC,20260402,熟食,紫燕食品,603057.SH,2.72,7.68,2471043.5,1.83,2,1,行业板块,东财三级行业,0.6666666666666666,1,5.119999999999999,1.22,22.084
BK1583.DC,20260402,零食,万辰集团,300972.SZ,-0.15,2.65,10408137.0,1.2,4,7,行业板块,东财三级行业,0.36363636363636365,-3,0.9636363636363636,0.43636363636363634,11.144090909090911
BK1582.DC,20260402,烘焙食品,西麦食品,002956.SZ,-0.78,4.13,4504779.7,1.11,2,7,行业板块,东财三级行业,0.2222222222222222,-5,0.9177777777777777,0.24666666666666667,6.665555555555555
BK1581.DC,20260402,预加工食品,安井食品,603345.SH,0.27,2.2,7251399.1,2.0,7,4,行业板块,东财三级行业,0.6363636363636364,3,1.4000000000000001,1.2727272727272727,19.706454545454545
BK1580.DC,20260402,肉制品,华统股份,002840.SZ,0.23,3.96,13061680.6,1.82,4,2,行业板块,东财三级行业,0.6666666666666666,2,2.6399999999999997,1.2133333333333334,20.839666666666666
BK1579.DC,20260402,保健品,百合股份,603102.SH,-0.48,0.86,5860492.0,2.96,2,7,行业板块,东财三级行业,0.2222222222222222,-5,0.1911111111111111,0.6577777777777777,6.692444444444444
BK1578.DC,20260402,其他酒类,张  裕Ａ,000869.SZ,-1.78,-0.56,6875314.2,1.15,0,10,行业板块,东财三级行业,0.0,-10,-0.0,0.0,-0.534
BK1577.DC,20260402,啤酒,重庆啤酒,600132.SH,-0.89,1.35,17989236.8,0.79,3,4,行业板块,东财三级行业,0.42857142857142855,-1,0.5785714285714286,0.3385714285714286,12.77357142857143
BK1576.DC,20260402,调味发酵品Ⅲ,天味食品,603317.SH,-0.28,2.3,38677768.0,1.97,6,9,行业板块,东财三级行业,0.4,-3,0.9199999999999999,0.788,12.2576
BK1575.DC,20260402,白酒Ⅲ,迎驾贡酒,603198.SH,0.21,6.69,290935684.8,0.81,10,11,行业板块,东财三级行业,0.47619047619047616,-1,3.185714285714286,0.38571428571428573,15.062999999999999
BK1574.DC,20260402,油气开采Ⅲ,蓝焰控股,000968.SZ,4.19,9.98,196347329.6,4.99,5,0,行业板块,东财三级行业,1.0,5,9.98,4.99,34.251
BK1573.DC,20260402,油田服务,贝肯能源,002828.SZ,6.05,9.97,20959832.9,2.16,8,0,行业板块,东财三级行业,1.0,8,9.97,2.16,34.24100000000001
BK1572.DC,20260402,油气及炼化工程,中油工程,600339.SH,4.7,10.12,8791459.0,5.27,6,0,行业板块,东财三级行业,1.0,6,10.12,5.27,34.488
BK1571.DC,20260402,油品石化贸易,和顺石油,603353.SH,2.63,10.01,7302319.1,3.46,5,2,行业板块,东财三级行业,0.7142857142857143,3,7.15,2.4714285714285715,24.141857142857145
BK1570.DC,20260402,其他石化,博汇股份,300839.SZ,2.04,19.99,12486067.4,2.96,7,6,行业板块,东财三级行业,0.5384615384615384,1,10.763846153846153,1.5938461538461537,19.237384615384613
BK1569.DC,20260402,炼油化工,中国石油,601857.SH,0.49,2.32,342684518.4,0.23,7,3,行业板块,东财三级行业,0.7,4,1.6239999999999999,0.161,21.503999999999998
BK1568.DC,20260402,人力资源服务,北京人力,600861.SH,-1.36,-0.74,2539626.4,0.56,0,3,行业板块,东财三级行业,0.0,-3,-0.0,0.0,-0.40800000000000003
BK1567.DC,20260402,其他专业服务,安邦护卫,603373.SH,-0.1,1.33,1414058.8,1.25,2,2,行业板块,东财三级行业,0.5,0,0.665,0.625,15.228000000000002
BK1566.DC,20260402,检测服务,中纺标,920122.BJ,-1.17,1.79,15124278.6,1.87,6,17,行业板块,东财三级行业,0.2608695652173913,-11,0.46695652173913044,0.48782608695652174,7.66604347826087
BK1565.DC,20260402,会展服务,米奥会展,300795.SZ,-1.71,-1.1,1515134.6,0.88,0,3,行业板块,东财三级行业,0.0,-3,-0.0,0.0,-0.513
BK1564.DC,20260402,体育Ⅲ,中体产业,600158.SH,-0.15,1.31,1352546.0,10.12,1,1,行业板块,东财三级行业,0.5,0,0.655,5.06,16.098
BK1563.DC,20260402,自然景区,三特索道,002159.SZ,-1.85,0.26,6975532.4,2.2,1,12,行业板块,东财三级行业,0.07692307692307693,-11,0.02,0.16923076923076924,1.7905384615384616
BK1562.DC,20260402,人工景区,中青旅,600138.SH,-2.37,-1.18,3932740.8,1.11,0,5,行业板块,东财三级行业,0.0,-5,-0.0,0.0,-0.711
BK1561.DC,20260402,旅游综合,三峡旅游,002627.SZ,-2.25,-0.12,4737075.3,2.2,0,8,行业板块,东财三级行业,0.0,-8,-0.0,0.0,-0.6749999999999999
BK1560.DC,20260402,酒店,锦江Ｂ股,900934.SH,-2.46,-0.46,7099622.3,2.26,0,6,行业板块,东财三级行业,0.0,-6,-0.0,0.0,-0.738
BK1559.DC,20260402,餐饮,*ST云网,002306.SZ,-0.93,2.1,1403598.6,2.77,1,3,行业板块,东财三级行业,0.25,-2,0.525,0.6925,7.4645
BK1558.DC,20260402,学历教育,国脉科技,002093.SZ,-2.88,-2.5,1245151.5,1.38,0,2,行业板块,东财三级行业,0.0,-2,-0.0,0.0,-0.864
BK1557.DC,20260402,培训教育,行动教育,605098.SH,-2.2,0.96,5397025.9,1.57,1,10,行业板块,东财三级行业,0.09090909090909091,-9,0.08727272727272727,0.14272727272727273,2.113272727272727
BK1556.DC,20260402,教育运营及其他,*ST国化,600636.SH,-1.64,0.65,2101183.9,1.37,1,2,行业板块,东财三级行业,0.3333333333333333,-1,0.21666666666666667,0.45666666666666667,9.642666666666667
BK1555.DC,20260402,专业连锁Ⅲ,吉峰科技,300022.SZ,-0.2,6.81,5452820.9,2.03,1,6,行业板块,东财三级行业,0.14285714285714285,-5,0.9728571428571428,0.29,4.478285714285715
BK1554.DC,20260402,商业物业经营,农 产 品,000061.SZ,-1.87,-0.27,20032868.2,0.62,0,16,行业板块,东财三级行业,0.0,-16,-0.0,0.0,-0.561
BK1553.DC,20260402,多业态零售,大商股份,600694.SH,-1.38,0.06,8019040.0,1.23,1,14,行业板块,东财三级行业,0.06666666666666667,-13,0.004,0.082,1.6032
BK1552.DC,20260402,超市,家家悦,603708.SH,-1.29,1.22,7994993.8,1.05,2,5,行业板块,东财三级行业,0.2857142857142857,-3,0.34857142857142853,0.3,8.314142857142857
BK1551.DC,20260402,百货,东百集团,600693.SH,-1.19,0.27,14188405.4,1.25,1,19,行业板块,东财三级行业,0.05,-18,0.013500000000000002,0.0625,1.1582
BK1550.DC,20260402,贸易Ⅲ,凯瑞德,002072.SZ,-0.97,2.13,16119896.5,2.14,4,12,行业板块,东财三级行业,0.25,-8,0.5325,0.535,7.422499999999999
BK1549.DC,20260402,旅游零售Ⅲ,珠免集团,600185.SH,-1.85,-1.74,15609604.7,0.91,0,2,行业板块,东财三级行业,0.0,-2,-0.0,0.0,-0.555
BK1548.DC,20260402,综合电商,ST易购,002024.SZ,-2.44,-2.16,3189557.0,0.45,0,3,行业板块,东财三级行业,0.0,-3,-0.0,0.0,-0.732
BK1547.DC,20260402,跨境电商,华凯易佰,300592.SZ,-1.46,1.94,4796661.7,3.28,1,6,行业板块,东财三级行业,0.14285714285714285,-5,0.27714285714285714,0.4685714285714285,3.996857142857143
BK1546.DC,20260402,电商服务,若羽臣,003010.SZ,-2.44,-1.14,4334581.8,2.39,0,8,行业板块,东财三级行业,0.0,-8,-0.0,0.0,-0.732
BK1545.DC,20260402,特种纸,华旺科技,605377.SH,-1.35,1.81,7269275.6,1.88,1,11,行业板块,东财三级行业,0.08333333333333333,-10,0.15083333333333332,0.15666666666666665,2.1565
BK1544.DC,20260402,大宗用纸,松炀资源,603863.SH,0.24,10.01,10783285.3,1.21,4,8,行业板块,东财三级行业,0.3333333333333333,-4,3.3366666666666664,0.4033333333333333,10.82
BK1543.DC,20260402,娱乐用品,舒华体育,605299.SH,-0.81,6.2,8544039.2,4.5,5,13,行业板块,东财三级行业,0.2777777777777778,-8,1.7222222222222223,1.25,8.684777777777779
BK1542.DC,20260402,文化用品,晨光股份,603899.SH,-0.82,1.8,4365972.9,0.99,1,4,行业板块,东财三级行业,0.2,-3,0.36000000000000004,0.198,5.865600000000001
BK1541.DC,20260402,卫浴制品,松霖科技,603992.SH,-0.39,4.84,4009424.1,1.41,2,5,行业板块,东财三级行业,0.2857142857142857,-3,1.3828571428571428,0.4028571428571428,8.811571428571428
BK1540.DC,20260402,其他家居用品,华瓷股份,001216.SZ,-1.5,6.35,20032372.2,1.86,3,21,行业板块,东财三级行业,0.125,-18,0.79375,0.2325,3.5052499999999998
BK1539.DC,20260402,定制家居,欧派家居,603833.SH,-1.26,2.65,9922167.8,1.41,3,13,行业板块,东财三级行业,0.1875,-10,0.49687499999999996,0.26437499999999997,5.39925
BK1538.DC,20260402,瓷砖地板,菲林格尔,603226.SH,-1.82,1.2,7504031.5,1.25,1,11,行业板块,东财三级行业,0.08333333333333333,-10,0.09999999999999999,0.10416666666666666,1.9948333333333332
BK1537.DC,20260402,成品家居,顾家家居,603816.SH,-2.27,0.74,11964584.8,1.16,1,16,行业板块,东财三级行业,0.058823529411764705,-15,0.04352941176470588,0.06823529411764705,1.1060588235294115
BK1536.DC,20260402,综合包装,方大新材,920163.BJ,-1.49,0.4,1783006.8,1.73,1,5,行业板块,东财三级行业,0.16666666666666666,-4,0.06666666666666667,0.28833333333333333,4.6240000000000006
BK1535.DC,20260402,纸包装,衢州东峰,601515.SH,-1.05,4.62,13171175.8,5.02,2,19,行业板块,东财三级行业,0.09523809523809523,-17,0.44,0.478095238095238,2.7257619047619044
BK1534.DC,20260402,印刷,江天科技,920121.BJ,-2.47,0.03,2482216.4,4.53,1,4,行业板块,东财三级行业,0.2,-3,0.006,0.9060000000000001,5.4414
BK1533.DC,20260402,塑料包装,沪江材料,920204.BJ,-0.47,2.82,4242620.3,0.96,2,5,行业板块,东财三级行业,0.2857142857142857,-3,0.8057142857142856,0.27428571428571424,8.646428571428572
BK1532.DC,20260402,金属包装,宝钢包装,601968.SH,-2.37,-0.95,6287465.6,1.63,0,7,行业板块,东财三级行业,0.0,-7,-0.0,0.0,-0.711
BK1531.DC,20260402,商用载客车,宇通客车,600066.SH,-0.51,2.71,11070777.2,2.66,1,4,行业板块,东财三级行业,0.2,-3,0.542,0.532,6.0618
BK1530.DC,20260402,商用载货车,中集车辆,301039.SZ,-0.63,2.69,24807260.0,1.0,3,5,行业板块,东财三级行业,0.375,-2,1.00875,0.375,11.33775
BK1529.DC,20260402,汽车电子电气系统,菱电电控,688667.SH,-1.73,4.18,47884601.6,2.51,4,36,行业板块,东财三级行业,0.1,-32,0.418,0.251,2.6148
BK1528.DC,20260402,其他汽车零部件,长华集团,605018.SH,-1.91,2.81,35832697.6,1.82,5,51,行业板块,东财三级行业,0.08928571428571429,-46,0.25089285714285714,0.1625,2.1882500000000005
BK1527.DC,20260402,轮胎轮毂,风神股份,600469.SH,-1.79,0.59,26213075.9,1.45,2,19,行业板块,东财三级行业,0.09523809523809523,-17,0.056190476190476187,0.13809523809523808,2.3589999999999995
BK1526.DC,20260402,底盘与发动机系统,川环科技,300547.SZ,-1.24,10.91,119199190.4,2.34,20,89,行业板块,东财三级行业,0.1834862385321101,-69,2.001834862385321,0.42935779816513764,5.618825688073396
BK1525.DC,20260402,车身附件及饰件,继峰股份,603997.SH,-1.38,2.16,53390243.2,1.23,10,32,行业板块,东财三级行业,0.23809523809523808,-22,0.5142857142857143,0.2928571428571428,6.890285714285715
BK1524.DC,20260402,汽车综合服务,交运股份,600676.SH,-1.73,-1.18,4004169.7,1.17,0,5,行业板块,东财三级行业,0.0,-5,-0.0,0.0,-0.519
BK1523.DC,20260402,汽车经销商,德众汽车,920030.BJ,-1.07,0.18,2274975.7,0.9,1,5,行业板块,东财三级行业,0.16666666666666666,-4,0.03,0.15,4.715000000000001
BK1522.DC,20260402,其他运输设备,凤凰B股,900916.SH,-1.83,-0.26,8230912.2,1.88,0,10,行业板块,东财三级行业,0.0,-10,-0.0,0.0,-0.549
BK1521.DC,20260402,摩托车,征和工业,003033.SZ,-0.37,2.55,15903313.8,1.49,6,3,行业板块,东财三级行业,0.6666666666666666,3,1.6999999999999997,0.9933333333333333,20.427666666666667
BK1520.DC,20260402,综合乘用车,长城汽车,601633.SH,-1.63,1.11,55895344.0,0.78,1,5,行业板块,东财三级行业,0.16666666666666666,-4,0.185,0.13,4.574
BK1519.DC,20260402,电动乘用车,比亚迪,002594.SZ,-2.07,-0.97,112733697.6,1.34,0,3,行业板块,东财三级行业,0.0,-3,-0.0,0.0,-0.6209999999999999
BK1518.DC,20260402,种子,敦煌种业,600354.SH,-0.93,0.31,6289629.2,3.92,2,8,行业板块,东财三级行业,0.2,-6,0.062,0.784,5.8902
BK1517.DC,20260402,食用菌,华绿生物,300970.SZ,1.19,4.24,1617393.2,3.92,2,2,行业板块,东财三级行业,0.5,0,2.12,1.96,16.173
BK1516.DC,20260402,其他种植业,海南橡胶,601118.SH,-0.49,0.92,4785545.0,2.01,2,3,行业板块,东财三级行业,0.4,-1,0.36800000000000005,0.8039999999999999,12.0874
BK1515.DC,20260402,粮食种植,苏垦农发,601952.SH,2.05,2.2,4367353.6,2.39,2,0,行业板块,东财三级行业,1.0,2,2.2,2.39,31.533
BK1514.DC,20260402,水产养殖,大湖股份,600257.SH,-0.8,0.0,1315797.3,2.25,0,3,行业板块,东财三级行业,0.0,-3,0.0,0.0,-0.24
BK1513.DC,20260402,海洋捕捞,中水渔业,000798.SZ,-0.39,0.39,690565.9,1.68,1,1,行业板块,东财三级行业,0.5,0,0.195,0.84,15.089999999999998
BK1512.DC,20260402,生猪养殖,巨星农牧,603477.SH,1.42,10.01,48698692.8,1.69,9,2,行业板块,东财三级行业,0.8181818181818182,7,8.19,1.3827272727272728,26.886000000000003
BK1511.DC,20260402,肉鸡养殖,晓鸣股份,300967.SZ,1.9,4.56,6921694.1,1.87,8,0,行业板块,东财三级行业,1.0,8,4.56,1.87,31.855999999999998
BK1510.DC,20260402,其他养殖,华英农业,002321.SZ,-0.67,0.0,1109802.4,1.42,0,1,行业板块,东财三级行业,0.0,-1,0.0,0.0,-0.201
BK1509.DC,20260402,水产饲料,海大集团,002311.SZ,1.82,4.39,10300713.9,1.67,3,1,行业板块,东财三级行业,0.75,2,3.2924999999999995,1.2525,23.955
BK1508.DC,20260402,畜禽饲料,天康生物,002100.SZ,0.2,4.09,6187469.8,2.44,4,4,行业板块,东财三级行业,0.5,0,2.045,1.22,15.713000000000001
BK1507.DC,20260402,宠物食品,佩蒂股份,300673.SZ,-0.08,0.94,3827394.3,2.63,3,1,行业板块,东财三级行业,0.75,2,0.705,1.9725,23.011499999999998
BK1506.DC,20260402,农业综合Ⅲ,润农节水,920964.BJ,-0.7,-0.17,1175502.3,1.2,0,3,行业板块,东财三级行业,0.0,-3,-0.0,0.0,-0.21
BK1505.DC,20260402,其他农产品加工,一致魔芋,920273.BJ,-0.28,2.44,8209558.1,1.3,5,7,行业板块,东财三级行业,0.4166666666666667,-2,1.0166666666666666,0.5416666666666667,12.727666666666666
BK1504.DC,20260402,粮油加工,金健米业,600127.SH,-0.59,1.36,18793854.7,3.22,3,6,行业板块,东财三级行业,0.3333333333333333,-3,0.45333333333333337,1.0733333333333333,10.128333333333334
BK1503.DC,20260402,果蔬加工,田野股份,920023.BJ,-1.07,-0.54,3341197.4,1.31,0,6,行业板块,东财三级行业,0.0,-6,-0.0,0.0,-0.321
BK1502.DC,20260402,林业Ⅲ,平潭发展,000592.SZ,0.54,4.58,3184165.2,19.74,2,2,行业板块,东财三级行业,0.5,0,2.29,9.87,17.594
BK1501.DC,20260402,动物保健Ⅲ,大禹生物,920970.BJ,3.17,7.4,7238382.2,3.3,12,1,行业板块,东财三级行业,0.9230769230769231,11,6.830769230769231,3.046153846153846,30.61869230769231
BK1500.DC,20260402,医美耗材,锦波生物,920982.BJ,0.18,5.76,7558014.5,1.15,1,2,行业板块,东财三级行业,0.3333333333333333,-1,1.92,0.3833333333333333,10.514666666666667
BK1499.DC,20260402,医美服务,*ST美谷,000615.SZ,-1.17,-1.17,605960.0,1.22,0,1,行业板块,东财三级行业,0.0,-1,-0.0,0.0,-0.351
BK1498.DC,20260402,品牌化妆品,敷尔佳,301371.SZ,-1.48,-0.83,9581427.3,0.92,0,8,行业板块,东财三级行业,0.0,-8,-0.0,0.0,-0.444
BK1497.DC,20260402,化妆品制造及其他,芭薇股份,920123.BJ,-0.93,2.82,3099627.6,1.5,2,5,行业板块,东财三级行业,0.2857142857142857,-3,0.8057142857142856,0.42857142857142855,8.539285714285715
BK1496.DC,20260402,洗护用品,两面针,600249.SH,-1.68,1.85,2223703.1,17.6,1,3,行业板块,东财三级行业,0.25,-2,0.4625,4.4,7.968500000000001
BK1495.DC,20260402,生活用纸,延江股份,300658.SZ,-0.58,6.92,6552930.1,2.08,2,7,行业板块,东财三级行业,0.2222222222222222,-5,1.5377777777777777,0.4622222222222222,6.892666666666665
BK1494.DC,20260402,焦煤,潞安环能,601699.SH,0.01,2.01,20233583.9,1.75,5,5,行业板块,东财三级行业,0.5,0,1.005,0.875,15.379000000000001
BK1493.DC,20260402,动力煤,中煤能源,601898.SH,0.89,3.77,199313721.6,0.65,11,3,行业板块,东财三级行业,0.7857142857142857,8,2.962142857142857,0.5107142857142857,24.532999999999998
BK1492.DC,20260402,焦炭Ⅲ,云煤能源,600792.SH,0.46,3.75,6539538.4,2.7,4,1,行业板块,东财三级行业,0.8,3,3.0,2.16,25.17
BK1491.DC,20260402,端到端供应链服务,畅联股份,603648.SH,-1.9,-0.3,2490482.0,2.14,0,7,行业板块,东财三级行业,0.0,-7,-0.0,0.0,-0.57
BK1490.DC,20260402,原材料供应链服务,*ST海钦,600753.SH,-0.76,0.82,12451056.4,0.86,4,8,行业板块,东财三级行业,0.3333333333333333,-4,0.2733333333333333,0.2866666666666666,9.884
BK1489.DC,20260402,快递,圆通速递,600233.SH,0.21,1.38,30538915.2,0.61,2,2,行业板块,东财三级行业,0.5,0,0.69,0.305,15.262
BK1488.DC,20260402,跨境物流,中国外运,601598.SH,-1.04,1.45,18757497.9,0.9,3,10,行业板块,东财三级行业,0.23076923076923078,-7,0.33461538461538465,0.2076923076923077,6.719538461538462
BK1487.DC,20260402,公路货运,龙洲股份,002682.SZ,-2.98,-2.0,2885492.4,1.38,0,5,行业板块,东财三级行业,0.0,-5,-0.0,0.0,-0.894
BK1486.DC,20260402,仓储物流,恒基达鑫,002492.SZ,-1.26,0.4,3775296.4,1.13,1,5,行业板块,东财三级行业,0.16666666666666666,-4,0.06666666666666667,0.1883333333333333,4.673
BK1485.DC,20260402,铁路运输,广深铁路,601333.SH,-0.17,0.64,41785084.8,0.38,3,3,行业板块,东财三级行业,0.5,0,0.32,0.19,15.051
BK1484.DC,20260402,公交,锦在线B,900914.SH,-2.62,-0.21,3867006.4,1.42,0,8,行业板块,东财三级行业,0.0,-8,-0.0,0.0,-0.786
BK1483.DC,20260402,高速公路,四川成渝,601107.SH,-0.2,3.17,38339212.8,0.57,7,14,行业板块,东财三级行业,0.3333333333333333,-7,1.0566666666666666,0.18999999999999997,10.189333333333334
BK1482.DC,20260402,航运,招商轮船,601872.SH,1.64,8.17,75519988.8,2.93,14,3,行业板块,东财三级行业,0.8235294117647058,11,6.728235294117646,2.4129411764705884,27.026117647058822
BK1481.DC,20260402,港口,秦港股份,601326.SH,0.46,3.86,56606809.6,0.61,8,7,行业板块,东财三级行业,0.5333333333333333,1,2.0586666666666664,0.3253333333333333,16.614800000000002
BK1480.DC,20260402,机场,厦门空港,600897.SH,-0.5,0.68,15499786.2,0.57,1,4,行业板块,东财三级行业,0.2,-3,0.136,0.11399999999999999,5.8999999999999995
BK1479.DC,20260402,航空运输,海控B股,900945.SH,-2.05,0.0,55404417.6,0.85,0,8,行业板块,东财三级行业,0.0,-8,0.0,0.0,-0.6149999999999999
BK1478.DC,20260402,装修装饰Ⅲ,*ST东易,002713.SZ,-1.72,2.17,11693099.6,1.59,4,19,行业板块,东财三级行业,0.17391304347826086,-15,0.3773913043478261,0.27652173913043476,4.832173913043478
BK1477.DC,20260402,其他专业工程,罗曼股份,605289.SH,-2.44,2.65,25671035.4,3.16,5,15,行业板块,东财三级行业,0.25,-10,0.6625,0.79,7.0585
BK1476.DC,20260402,化学工程,利柏特,605167.SH,-1.0,1.49,8139249.7,1.34,1,5,行业板块,东财三级行业,0.16666666666666666,-4,0.24833333333333332,0.22333333333333333,4.794333333333334
BK1475.DC,20260402,国际工程,中工国际,002051.SZ,4.49,9.99,6741977.5,4.59,4,0,行业板块,东财三级行业,1.0,4,9.99,4.59,34.263
BK1474.DC,20260402,钢结构,百甲科技,920057.BJ,-3.24,-0.33,6983162.2,2.09,0,10,行业板块,东财三级行业,0.0,-10,-0.0,0.0,-0.972
BK1473.DC,20260402,园林工程,美丽生态,000010.SZ,-2.28,1.84,8923638.5,3.41,2,17,行业板块,东财三级行业,0.10526315789473684,-15,0.1936842105263158,0.3589473684210526,2.5844210526315785
BK1472.DC,20260402,基建市政工程,安徽建工,600502.SH,-1.38,1.62,88742822.4,1.49,4,24,行业板块,东财三级行业,0.14285714285714285,-20,0.23142857142857143,0.21285714285714286,3.9605714285714284
BK1471.DC,20260402,工程咨询服务Ⅲ,杰恩设计,300668.SZ,-1.58,7.04,22145716.9,2.51,9,37,行业板块,东财三级行业,0.1956521739130435,-28,1.377391304347826,0.4910869565217391,5.769260869565218
BK1470.DC,20260402,房屋建设Ⅲ,中国建筑,601668.SH,-1.85,0.2,29208638.4,0.9,1,7,行业板块,东财三级行业,0.125,-6,0.025,0.1125,3.2224999999999997
BK1469.DC,20260402,涂料,三棵树,603737.SH,-2.09,-0.95,4002307.9,0.82,0,2,行业板块,东财三级行业,0.0,-2,-0.0,0.0,-0.6269999999999999
BK1468.DC,20260402,其他建材Ⅲ,北新建材,000786.SZ,-1.75,0.5,12778710.7,1.66,3,13,行业板块,东财三级行业,0.1875,-10,0.09375,0.31124999999999997,5.180999999999999
BK1467.DC,20260402,耐火材料,濮耐股份,002225.SZ,-0.6,1.88,3476193.9,1.5,2,6,行业板块,东财三级行业,0.25,-4,0.47,0.375,7.489000000000001
BK1466.DC,20260402,管材,伟星新材,002372.SZ,-1.01,0.98,3861394.1,1.05,2,5,行业板块,东财三级行业,0.2857142857142857,-3,0.27999999999999997,0.3,8.38442857142857
BK1465.DC,20260402,防水材料,东方雨虹,002271.SZ,-1.74,-0.26,4912252.9,1.5,0,3,行业板块,东财三级行业,0.0,-3,-0.0,0.0,-0.522
BK1464.DC,20260402,水泥制造,华新建材,600801.SH,-1.05,0.62,30130585.6,0.72,1,13,行业板块,东财三级行业,0.07142857142857142,-12,0.04428571428571428,0.05142857142857142,1.847
BK1463.DC,20260402,水泥制品,西部建设,002302.SZ,-2.66,-0.5,3408063.2,2.07,0,9,行业板块,东财三级行业,0.0,-9,-0.0,0.0,-0.798
BK1462.DC,20260402,玻纤制造,中国巨石,600176.SH,-3.29,-0.31,32736801.6,3.61,0,8,行业板块,东财三级行业,0.0,-8,-0.0,0.0,-0.987
BK1461.DC,20260402,玻璃制造,南  玻Ｂ,200012.SZ,-2.7,-0.61,6611081.9,1.58,0,9,行业板块,东财三级行业,0.0,-9,-0.0,0.0,-0.81
BK1460.DC,20260402,照明设备Ⅲ,立达信,605365.SH,-0.86,6.61,8507339.3,1.61,2,12,行业板块,东财三级行业,0.14285714285714285,-10,0.9442857142857143,0.23,4.2625714285714285
BK1459.DC,20260402,清洁小家电,莱克电气,603355.SH,-2.74,-0.84,11267185.7,1.93,0,8,行业板块,东财三级行业,0.0,-8,-0.0,0.0,-0.8220000000000001
BK1458.DC,20260402,个护小家电,彩虹集团,003023.SZ,-1.53,0.08,2124306.6,1.73,1,3,行业板块,东财三级行业,0.25,-2,0.02,0.4325,7.1315
BK1457.DC,20260402,厨房小家电,鸿智科技,920926.BJ,-0.84,4.27,8200836.1,0.83,3,8,行业板块,东财三级行业,0.2727272727272727,-5,1.1645454545454543,0.22636363636363632,8.208
BK1456.DC,20260402,其他家电Ⅲ,融捷健康,300247.SZ,-1.41,-0.85,1165800.0,1.38,0,3,行业板块,东财三级行业,0.0,-3,-0.0,0.0,-0.423
BK1455.DC,20260402,家电零部件Ⅲ,天银机电,300342.SZ,-1.29,5.28,40733760.0,2.69,8,28,行业板块,东财三级行业,0.2222222222222222,-20,1.1733333333333333,0.5977777777777777,6.633888888888888
BK1454.DC,20260402,其他黑色家电,极米科技,688696.SH,-2.86,-1.81,4672377.2,1.39,0,6,行业板块,东财三级行业,0.0,-6,-0.0,0.0,-0.858
BK1453.DC,20260402,彩电,海信视像,600060.SH,-1.59,-0.91,11488404.3,1.43,0,4,行业板块,东财三级行业,0.0,-4,-0.0,0.0,-0.477
BK1452.DC,20260402,卫浴电器,奥普科技,603551.SH,-2.44,-1.88,1869339.8,2.58,0,3,行业板块,东财三级行业,0.0,-3,-0.0,0.0,-0.732
BK1451.DC,20260402,厨房电器,华帝股份,002035.SZ,-1.51,2.56,4267127.3,3.35,1,5,行业板块,东财三级行业,0.16666666666666666,-4,0.42666666666666664,0.5583333333333333,4.744
BK1450.DC,20260402,空调,美的集团,000333.SZ,-0.71,0.69,83051843.2,0.48,1,2,行业板块,东财三级行业,0.3333333333333333,-1,0.22999999999999998,0.15999999999999998,9.865
BK1449.DC,20260402,冰洗,长虹美菱,000521.SZ,-1.83,-0.16,24588198.1,1.42,0,9,行业板块,东财三级行业,0.0,-9,-0.0,0.0,-0.549
BK1448.DC,20260402,横向通用软件,鼎捷数智,300378.SZ,-3.17,-0.34,57541352.0,1.69,0,35,行业板块,东财三级行业,0.0,-35,-0.0,0.0,-0.951
BK1447.DC,20260402,垂直应用软件,友车科技,688479.SH,-2.71,7.99,111071201.6,2.8,9,91,行业板块,东财三级行业,0.09,-82,0.7191,0.252,2.08122
BK1446.DC,20260402,其他计算机设备,盛视科技,002990.SZ,-2.86,1.57,76545894.4,2.29,3,60,行业板块,东财三级行业,0.047619047619047616,-57,0.07476190476190477,0.10904761904761905,0.6073333333333332
BK1445.DC,20260402,安防设备,ST英飞拓,002528.SZ,-1.62,4.27,47281566.4,1.19,4,23,行业板块,东财三级行业,0.14814814814814814,-19,0.6325925925925925,0.17629629629629628,4.120222222222223
BK1444.DC,20260402,IT服务Ⅲ,海峡创新,300300.SZ,-3.08,3.04,151035467.2,3.17,5,127,行业板块,东财三级行业,0.03787878787878788,-122,0.11515151515151516,0.12007575757575757,0.2594090909090911
BK1443.DC,20260402,橡胶助剂,彤程新材,603650.SH,-2.97,-2.85,3524634.5,1.19,0,2,行业板块,东财三级行业,0.0,-2,-0.0,0.0,-0.891
BK1442.DC,20260402,炭黑,黑猫股份,002068.SZ,-1.8,-0.12,2944119.0,1.83,0,6,行业板块,东财三级行业,0.0,-6,-0.0,0.0,-0.54
BK1441.DC,20260402,其他橡胶制品,中裕科技,920694.BJ,-0.9,4.01,6315273.2,2.89,6,8,行业板块,东财三级行业,0.42857142857142855,-2,1.7185714285714284,1.2385714285714287,13.178571428571429
BK1440.DC,20260402,其他塑料制品,万朗磁塑,603150.SH,-1.92,0.66,14143319.4,2.25,2,21,行业板块,东财三级行业,0.08695652173913043,-19,0.05739130434782609,0.19565217391304346,2.083304347826087
BK1439.DC,20260402,膜材料,大东南,002263.SZ,-1.52,10.0,20510629.8,8.52,4,16,行业板块,东财三级行业,0.2,-12,2.0,1.704,6.284800000000001
BK1438.DC,20260402,合成树脂,神剑股份,002361.SZ,-2.05,1.71,15484748.8,10.65,1,12,行业板块,东财三级行业,0.07692307692307693,-11,0.13153846153846155,0.8192307692307693,1.8828461538461543
BK1437.DC,20260402,改性塑料,星辉环材,300834.SZ,-1.0,20.01,15323975.0,2.02,4,18,行业板块,东财三级行业,0.18181818181818182,-14,3.6381818181818186,0.3672727272727273,5.955636363636365
BK1436.DC,20260402,农药,广康生化,300804.SZ,-1.29,1.83,26572264.9,1.43,7,27,行业板块,东财三级行业,0.20588235294117646,-20,0.37676470588235295,0.2944117647058823,5.92370588235294
BK1435.DC,20260402,磷肥及磷化工,川恒股份,002895.SZ,-1.93,0.13,22544374.1,2.21,1,8,行业板块,东财三级行业,0.1111111111111111,-7,0.014444444444444444,0.24555555555555553,2.806333333333333
BK1434.DC,20260402,钾肥,盐湖股份,000792.SZ,-0.01,1.24,40761755.2,1.34,2,2,行业板块,东财三级行业,0.5,0,0.62,0.67,15.255
BK1433.DC,20260402,复合肥,金正大,002470.SZ,-1.87,0.33,9174930.4,5.5,1,9,行业板块,东财三级行业,0.1,-8,0.033,0.55,2.5556
BK1432.DC,20260402,氮肥,泸天化,000912.SZ,-1.28,0.78,11905084.7,4.66,1,5,行业板块,东财三级行业,0.16666666666666666,-4,0.13,0.7766666666666666,4.797333333333333
BK1431.DC,20260402,有机硅,回天新材,300041.SZ,-2.26,-1.4,10438499.5,1.26,0,10,行业板块,东财三级行业,0.0,-10,-0.0,0.0,-0.6779999999999999
BK1430.DC,20260402,涂料油墨,杭华股份,688571.SH,-1.81,0.9,7105526.8,1.96,1,15,行业板块,东财三级行业,0.0625,-14,0.05625,0.1225,1.3677499999999998
BK1429.DC,20260402,食品及饲料添加剂,金禾实业,002597.SZ,-0.24,5.9,30408587.2,1.64,12,12,行业板块,东财三级行业,0.5,0,2.95,0.82,15.682
BK1428.DC,20260402,其他化学制品,瑞华技术,920099.BJ,-1.57,2.79,48032968.0,2.34,14,65,行业板块,东财三级行业,0.17721518987341772,-51,0.49443037974683546,0.41468354430379745,5.027278481012658
BK1427.DC,20260402,民爆制品,高争民爆,002827.SZ,-1.57,-0.12,13428857.1,2.1,0,12,行业板块,东财三级行业,0.0,-12,-0.0,0.0,-0.471
BK1426.DC,20260402,聚氨酯,沧州大化,600230.SH,-1.61,-0.11,29737632.0,1.95,0,9,行业板块,东财三级行业,0.0,-9,-0.0,0.0,-0.483
BK1425.DC,20260402,胶黏剂及胶带,晶华新材,603683.SH,-2.24,-0.93,2211740.9,2.87,0,5,行业板块,东财三级行业,0.0,-5,-0.0,0.0,-0.672
BK1424.DC,20260402,氟化工,巍华新材,603310.SH,-1.88,-0.55,26830947.4,1.52,0,10,行业板块,东财三级行业,0.0,-10,-0.0,0.0,-0.564
BK1423.DC,20260402,纺织化学制品,福莱蒽特,605566.SH,-2.19,0.66,9791399.4,2.04,1,12,行业板块,东财三级行业,0.07692307692307693,-11,0.050769230769230775,0.15692307692307694,1.6922307692307694
BK1422.DC,20260402,无机盐,红星发展,600367.SH,-1.57,0.05,9851610.9,1.66,1,9,行业板块,东财三级行业,0.1,-8,0.005000000000000001,0.166,2.5631999999999997
BK1421.DC,20260402,钛白粉,鲁北化工,600727.SH,-3.06,-0.4,7081730.0,2.31,0,6,行业板块,东财三级行业,0.0,-6,-0.0,0.0,-0.9179999999999999
BK1420.DC,20260402,其他化学原料,三孚股份,603938.SH,-0.64,4.53,18197955.7,2.52,7,11,行业板块,东财三级行业,0.3888888888888889,-4,1.7616666666666667,0.98,12.023
BK1419.DC,20260402,煤化工,金煤B股,900921.SH,0.62,3.17,31862678.4,3.45,5,4,行业板块,东财三级行业,0.5555555555555556,1,1.761111111111111,1.9166666666666667,17.58822222222222
BK1418.DC,20260402,氯碱,天原股份,002386.SZ,-2.42,2.89,17490092.3,2.02,2,13,行业板块,东财三级行业,0.13333333333333333,-11,0.38533333333333336,0.2693333333333333,3.404933333333333
BK1417.DC,20260402,纯碱,山东海化,000822.SZ,-0.35,4.94,5998181.3,1.98,1,4,行业板块,东财三级行业,0.2,-3,0.9880000000000001,0.396,6.1718
BK1416.DC,20260402,粘胶,吉林化纤,000420.SZ,-3.49,-2.5,2632065.7,4.73,0,3,行业板块,东财三级行业,0.0,-3,-0.0,0.0,-1.047
BK1415.DC,20260402,其他化学纤维,吉林碳谷,920077.BJ,-2.41,-0.53,10868680.8,2.01,0,8,行业板块,东财三级行业,0.0,-8,-0.0,0.0,-0.723
BK1414.DC,20260402,锦纶,神马股份,600810.SH,-0.96,2.24,2560040.9,1.7,1,4,行业板块,东财三级行业,0.2,-3,0.44800000000000006,0.34,5.869599999999999
BK1413.DC,20260402,涤纶,天富龙,603406.SH,-2.36,-0.84,8341232.9,1.91,0,10,行业板块,东财三级行业,0.0,-10,-0.0,0.0,-0.708
BK1412.DC,20260402,氨纶,华峰化学,002064.SZ,-1.33,-1.33,5170970.7,0.48,0,1,行业板块,东财三级行业,0.0,-1,-0.0,0.0,-0.399
BK1411.DC,20260402,非金属材料Ⅲ,秉扬科技,920675.BJ,-1.46,2.42,10070427.2,2.71,5,7,行业板块,东财三级行业,0.4166666666666667,-2,1.0083333333333333,1.1291666666666667,12.4895
BK1410.DC,20260402,其他自动化设备,欧克科技,001223.SZ,-0.76,5.61,25948698.1,2.65,9,18,行业板块,东财三级行业,0.3333333333333333,-9,1.87,0.8833333333333333,10.322666666666667
BK1409.DC,20260402,激光设备,光韵达,300227.SZ,-1.98,0.54,24569207.9,3.48,1,9,行业板块,东财三级行业,0.1,-8,0.054000000000000006,0.34800000000000003,2.4864
BK1408.DC,20260402,机器人,瑞松科技,688090.SH,-1.31,9.06,18277375.6,1.15,2,18,行业板块,东财三级行业,0.1,-16,0.9060000000000001,0.11499999999999999,2.8112000000000004
BK1407.DC,20260402,工控设备,科瑞技术,002957.SZ,-2.12,4.25,43723446.4,1.63,2,29,行业板块,东财三级行业,0.06451612903225806,-27,0.27419354838709675,0.10516129032258063,1.3753548387096775
BK1406.DC,20260402,印刷包装机械,凯腾精工,920553.BJ,-1.66,1.15,5730273.6,2.46,2,10,行业板块,东财三级行业,0.16666666666666666,-8,0.19166666666666665,0.41,4.622333333333333
BK1405.DC,20260402,其他专用设备,深科达,688328.SH,-1.97,6.1,75705017.6,2.43,13,78,行业板块,东财三级行业,0.14285714285714285,-65,0.8714285714285713,0.34714285714285714,3.938428571428571
BK1404.DC,20260402,农用机械,弘宇股份,002890.SZ,-0.33,4.24,4832344.9,1.25,3,7,行业板块,东财三级行业,0.3,-4,1.272,0.375,9.2304
BK1403.DC,20260402,能源及重型设备,杰瑞股份,002353.SZ,-1.24,7.56,59635956.8,1.63,9,51,行业板块,东财三级行业,0.15,-42,1.134,0.24449999999999997,4.4037
BK1402.DC,20260402,楼宇设备,森赫股份,301056.SZ,-1.65,1.15,10103990.2,1.69,2,14,行业板块,东财三级行业,0.125,-12,0.14375,0.21125,3.326
BK1401.DC,20260402,纺织服装设备,宏华数科,688789.SH,-0.71,8.46,7887434.2,3.83,4,9,行业板块,东财三级行业,0.3076923076923077,-5,2.6030769230769235,1.1784615384615384,9.774076923076924
BK1400.DC,20260402,制冷空调设备,雪人集团,002639.SZ,-2.59,2.23,14165469.7,4.84,3,15,行业板块,东财三级行业,0.16666666666666666,-12,0.37166666666666665,0.8066666666666666,4.458666666666667
BK1398.DC,20260402,其他通用设备,新锦动力,300157.SZ,-2.3,0.92,40512929.6,2.59,4,49,行业板块,东财三级行业,0.07547169811320754,-45,0.06943396226415094,0.19547169811320753,1.627132075471698
BK1397.DC,20260402,磨具磨料,四方达,300179.SZ,-1.42,1.8,11231020.6,4.4,2,12,行业板块,东财三级行业,0.14285714285714285,-10,0.2571428571428571,0.6285714285714286,4.0368571428571425
BK1396.DC,20260402,金属制品,纽威股份,603699.SH,-2.0,4.17,75208766.4,4.5,13,66,行业板块,东财三级行业,0.16455696202531644,-53,0.6862025316455695,0.740506329113924,4.622050632911392
BK1395.DC,20260402,机床工具,恒进感应,920870.BJ,-2.17,0.85,12926793.5,1.65,2,17,行业板块,东财三级行业,0.10526315789473684,-15,0.0894736842105263,0.17368421052631577,2.5595263157894736
BK1394.DC,20260402,轨交设备Ⅲ,九州一轨,688485.SH,-1.9,5.08,45534536.0,2.35,3,28,行业板块,东财三级行业,0.0967741935483871,-25,0.4916129032258064,0.22741935483870968,2.4770322580645163
BK1393.DC,20260402,工程机械整机,铁拓机械,920706.BJ,-1.91,0.32,57607292.8,1.53,4,17,行业板块,东财三级行业,0.19047619047619047,-13,0.06095238095238095,0.2914285714285714,5.211761904761904
BK1392.DC,20260402,工程机械器件,拓山重工,001226.SZ,-0.65,4.97,19648890.7,1.88,4,9,行业板块,东财三级行业,0.3076923076923077,-5,1.5292307692307692,0.5784615384615385,9.457307692307694
BK1391.DC,20260402,综合环境治理,南大环境,300864.SZ,-1.61,-0.54,6804091.7,2.99,1,14,行业板块,东财三级行业,0.06666666666666667,-13,-0.036000000000000004,0.19933333333333333,1.5496666666666665
BK1390.DC,20260402,水务及水治理,中赋科技,300692.SZ,-1.88,2.25,30242024.0,1.3,2,49,行业板块,东财三级行业,0.0392156862745098,-47,0.08823529411764705,0.050980392156862744,0.6403137254901963
BK1389.DC,20260402,固废治理,万德斯,688178.SH,-1.6,4.0,34709676.8,2.22,8,26,行业板块,东财三级行业,0.23529411764705882,-18,0.9411764705882353,0.5223529411764706,6.871529411764706
BK1388.DC,20260402,大气治理,中航泰达,920263.BJ,-1.12,1.95,8398162.4,4.9,3,5,行业板块,东财三级行业,0.375,-2,0.73125,1.8375000000000001,11.42775
BK1387.DC,20260402,环保设备Ⅲ,法尔胜,000890.SZ,-1.52,3.92,15633640.6,3.74,8,19,行业板块,东财三级行业,0.2962962962962963,-11,1.1614814814814813,1.108148148148148,8.886814814814816
BK1386.DC,20260402,军工电子Ⅲ,雷科防务,002413.SZ,-2.19,3.74,111344553.6,3.01,6,57,行业板块,东财三级行业,0.09523809523809523,-51,0.35619047619047617,0.2866666666666666,2.3287142857142853
BK1385.DC,20260402,航天装备Ⅲ,新余国科,300722.SZ,-2.65,-0.89,44893972.8,1.94,0,9,行业板块,东财三级行业,0.0,-9,-0.0,0.0,-0.7949999999999999
BK1384.DC,20260402,航空装备Ⅲ,航发动力,600893.SH,-1.86,1.55,110373539.2,1.32,4,44,行业板块,东财三级行业,0.08333333333333333,-40,0.12916666666666665,0.11,1.9898333333333333
BK1383.DC,20260402,航海装备Ⅲ,*ST松发,603268.SH,-1.4,-0.2,45488507.2,1.55,0,10,行业板块,东财三级行业,0.0,-10,-0.0,0.0,-0.42
BK1382.DC,20260402,地面兵装Ⅲ,北方长龙,301357.SZ,-0.46,2.68,16440806.8,3.17,4,8,行业板块,东财三级行业,0.3333333333333333,-4,0.8933333333333333,1.0566666666666666,10.252
BK1381.DC,20260402,燃气Ⅲ,德龙汇能,000593.SZ,0.9,8.15,31379920.0,2.38,16,14,行业板块,东财三级行业,0.5333333333333333,2,4.346666666666667,1.2693333333333332,17.3932
BK1380.DC,20260402,水力发电,川投能源,600674.SH,-0.86,2.98,114245646.4,0.75,5,5,行业板块,东财三级行业,0.5,0,1.49,0.375,15.115
BK1379.DC,20260402,热力服务,新中港,605162.SH,-0.43,10.02,13558182.8,5.34,8,10,行业板块,东财三级行业,0.4444444444444444,-2,4.453333333333333,2.373333333333333,14.569666666666665
BK1378.DC,20260402,其他能源发电,长青集团,002616.SZ,-7.68,-5.48,1322300.8,5.72,0,2,行业板块,东财三级行业,0.0,-2,-0.0,0.0,-2.304
BK1377.DC,20260402,火力发电,陕西能源,001286.SZ,-2.23,1.1,103627264.0,2.31,5,26,行业板块,东财三级行业,0.16129032258064516,-21,0.1774193548387097,0.3725806451612903,4.279709677419355
BK1376.DC,20260402,核力发电,中国核电,601985.SH,0.13,0.67,52297409.6,0.57,2,1,行业板块,东财三级行业,0.6666666666666666,1,0.44666666666666666,0.37999999999999995,20.204333333333334
BK1375.DC,20260402,光伏发电,京运通,601908.SH,-3.57,1.45,15699975.2,8.01,2,11,行业板块,东财三级行业,0.15384615384615385,-9,0.2230769230769231,1.2323076923076923,3.8354615384615394
BK1374.DC,20260402,风力发电,川能动力,000155.SZ,-1.7,9.98,70381025.6,2.57,2,12,行业板块,东财三级行业,0.14285714285714285,-10,1.4257142857142857,0.3671428571428571,4.134285714285715
BK1373.DC,20260402,电能综合服务,乐山电力,600644.SH,-0.55,10.01,24488076.1,3.39,5,9,行业板块,东财三级行业,0.35714285714285715,-4,3.575,1.2107142857142859,11.506428571428573
BK1372.DC,20260402,冶钢辅料,鄂尔多斯,600295.SH,-1.94,-0.47,11716482.0,0.98,0,4,行业板块,东财三级行业,0.0,-4,-0.0,0.0,-0.582
BK1371.DC,20260402,铁矿石,大中矿业,001203.SZ,-0.43,2.85,9260280.5,1.65,2,3,行业板块,东财三级行业,0.4,-1,1.1400000000000001,0.66,12.231
BK1370.DC,20260402,特钢Ⅲ,久立特材,002318.SZ,-1.76,0.39,21844764.3,0.91,1,12,行业板块,东财三级行业,0.07692307692307693,-11,0.030000000000000002,0.07,1.799692307692308
BK1369.DC,20260402,长材,三钢闽光,002110.SZ,-2.12,-1.54,2099025.8,0.76,0,3,行业板块,东财三级行业,0.0,-3,-0.0,0.0,-0.636
BK1368.DC,20260402,钢铁管材,新兴铸管,000778.SZ,-1.59,-0.86,3104493.6,1.03,0,3,行业板块,东财三级行业,0.0,-3,-0.0,0.0,-0.477
BK1367.DC,20260402,板材,本钢板Ｂ,200761.SZ,-1.85,0.0,55933115.2,1.47,0,16,行业板块,东财三级行业,0.0,-16,0.0,0.0,-0.555
BK1366.DC,20260402,证券Ⅲ,华林证券,002945.SZ,-1.56,0.57,337365344.0,0.67,1,47,行业板块,东财三级行业,0.020833333333333332,-46,0.011874999999999998,0.013958333333333333,0.16216666666666668
BK1365.DC,20260402,租赁,江苏金租,600901.SH,-1.2,1.21,7903155.8,1.02,1,2,行业板块,东财三级行业,0.3333333333333333,-1,0.4033333333333333,0.33999999999999997,9.788666666666666
BK1364.DC,20260402,资产管理,四川双马,000935.SZ,-0.9,1.65,4080202.9,0.63,1,3,行业板块,东财三级行业,0.25,-2,0.4125,0.1575,7.344
BK1363.DC,20260402,信托,陕国投Ａ,000563.SZ,-2.18,-1.75,7829697.2,0.58,0,3,行业板块,东财三级行业,0.0,-3,-0.0,0.0,-0.654
BK1361.DC,20260402,期货,永安期货,600927.SH,-3.84,-2.67,5265924.7,1.23,0,4,行业板块,东财三级行业,0.0,-4,-0.0,0.0,-1.152
BK1360.DC,20260402,金融信息服务,*ST仁东,002647.SZ,-2.38,-1.28,3580000.4,1.99,0,3,行业板块,东财三级行业,0.0,-3,-0.0,0.0,-0.714
BK1359.DC,20260402,金融控股,中油资本,000617.SZ,-2.27,0.3,29358388.8,1.46,2,8,行业板块,东财三级行业,0.2,-6,0.06,0.292,5.389399999999999
BK1358.DC,20260402,保险Ⅲ,中国太保,601601.SH,-1.35,0.21,295165792.0,0.21,1,4,行业板块,东财三级行业,0.2,-3,0.042,0.042,5.6118
BK1357.DC,20260402,钟表珠宝,飞亚达,000026.SZ,-1.23,2.42,13314527.2,1.25,4,12,行业板块,东财三级行业,0.25,-8,0.605,0.3125,7.314500000000001
BK1356.DC,20260402,其他饰品,瑞贝卡,600439.SH,-1.93,-1.93,576092.0,0.68,0,1,行业板块,东财三级行业,0.0,-1,-0.0,0.0,-0.579
BK1355.DC,20260402,运动服装,三夫户外,002780.SZ,-2.62,-1.12,2021083.6,3.39,0,4,行业板块,东财三级行业,0.0,-4,-0.0,0.0,-0.786
BK1354.DC,20260402,鞋帽及其他,ST起步,603557.SH,-2.05,-0.52,4063867.7,1.58,0,11,行业板块,东财三级行业,0.0,-11,-0.0,0.0,-0.6149999999999999
BK1353.DC,20260402,家纺,太湖雪,920262.BJ,-0.38,1.94,3477011.6,1.45,2,5,行业板块,东财三级行业,0.2857142857142857,-3,0.5542857142857143,0.41428571428571426,8.651142857142856
BK1352.DC,20260402,非运动服装,中胤时尚,300901.SZ,-1.51,3.28,24251909.2,1.7,6,32,行业板块,东财三级行业,0.15789473684210525,-26,0.5178947368421052,0.26842105263157895,4.441105263157894
BK1351.DC,20260402,印染,迎丰股份,605055.SH,0.59,5.76,1727899.6,2.16,2,2,行业板块,东财三级行业,0.5,0,2.88,1.08,15.969
BK1350.DC,20260402,其他纺织,古麒绒材,001390.SZ,-2.01,1.04,6199059.7,2.37,1,13,行业板块,东财三级行业,0.07142857142857142,-12,0.07428571428571429,0.1692857142857143,1.5885714285714287
BK1349.DC,20260402,棉纺,百隆东方,601339.SH,-2.14,0.28,5496685.7,2.37,1,8,行业板块,东财三级行业,0.1111111111111111,-7,0.031111111111111114,0.2633333333333333,2.750222222222222
BK1348.DC,20260402,辅料,夜光明,920527.BJ,-0.2,2.4,1964229.6,0.56,2,2,行业板块,东财三级行业,0.5,0,1.2,0.28,15.235999999999999
BK1347.DC,20260402,纺织鞋类制造,华利集团,300979.SZ,-0.07,-0.07,5179146.0,0.1,0,1,行业板块,东财三级行业,0.0,-1,-0.0,0.0,-0.021
BK1346.DC,20260402,住宅开发,京能置业,600791.SH,-1.89,6.79,60439768.0,1.34,6,56,行业板块,东财三级行业,0.0967741935483871,-50,0.6570967741935484,0.1296774193548387,2.4935806451612903
BK1345.DC,20260402,商业地产,中国国贸,600007.SH,-1.79,0.66,22772673.8,0.65,2,10,行业板块,东财三级行业,0.16666666666666666,-8,0.11,0.10833333333333334,4.506666666666667
BK1344.DC,20260402,产业地产,空港股份,600463.SH,-1.66,1.42,16859842.0,1.46,1,12,行业板块,东财三级行业,0.07692307692307693,-11,0.10923076923076923,0.11230769230769232,1.8540000000000003
BK1343.DC,20260402,物业管理,皇庭B,200056.SZ,-2.95,-1.32,2926160.7,2.8,0,8,行业板块,东财三级行业,0.0,-8,-0.0,0.0,-0.885
BK1342.DC,20260402,房地产综合服务,珠江股份,600684.SH,-7.57,-7.57,526491.3,6.23,0,1,行业板块,东财三级行业,0.0,-1,-0.0,0.0,-2.271
BK1341.DC,20260402,房产租赁经纪,宁波富达,600724.SH,-2.09,-1.2,2206910.6,3.22,0,3,行业板块,东财三级行业,0.0,-3,-0.0,0.0,-0.6269999999999999
BK1340.DC,20260402,印制电路板,则成电子,920821.BJ,-3.55,0.96,155793260.8,2.99,2,42,行业板块,东财三级行业,0.045454545454545456,-40,0.04363636363636363,0.13590909090909092,0.33454545454545476
BK1339.DC,20260402,被动元件,奥迪威,920491.BJ,-2.99,0.43,29079635.2,3.06,1,18,行业板块,东财三级行业,0.05263157894736842,-17,0.02263157894736842,0.16105263157894736,0.7186842105263158
BK1338.DC,20260402,消费电子零部件及组装,泓禧科技,920857.BJ,-2.35,1.62,267318435.2,1.79,9,78,行业板块,东财三级行业,0.10344827586206896,-69,0.16758620689655174,0.18517241379310345,2.4690000000000003
BK1337.DC,20260402,品牌消费电子,海菲曼,920183.BJ,-2.74,-1.18,27422496.0,1.11,0,11,行业板块,东财三级行业,0.0,-11,-0.0,0.0,-0.8220000000000001
BK1336.DC,20260402,其他电子Ⅲ,百邦科技,300736.SZ,-2.79,6.13,37274907.2,4.15,2,30,行业板块,东财三级行业,0.0625,-28,0.383125,0.259375,1.1665
BK1335.DC,20260402,面板,京东方Ｂ,200725.SZ,-2.48,1.76,69065499.2,2.24,3,39,行业板块,东财三级行业,0.07142857142857142,-36,0.1257142857142857,0.16,1.456
BK1334.DC,20260402,光学元件,水晶光电,002273.SZ,-1.47,6.98,32412504.0,3.72,5,21,行业板块,东财三级行业,0.19230769230769232,-16,1.3423076923076924,0.7153846153846155,5.739769230769231
BK1333.DC,20260402,LED,光莆股份,300632.SZ,-2.34,10.67,27041131.2,4.13,3,27,行业板块,东财三级行业,0.1,-24,1.067,0.41300000000000003,2.5940000000000003
BK1332.DC,20260402,电子化学品Ⅲ,华特气体,688268.SH,-2.29,7.3,47735633.6,3.45,4,30,行业板块,东财三级行业,0.11764705882352941,-26,0.8588235294117647,0.40588235294117647,3.0953529411764706
BK1331.DC,20260402,数字芯片设计,大为股份,002213.SZ,-3.41,0.17,319713883.2,2.24,1,50,行业板块,东财三级行业,0.0196078431372549,-49,0.0033333333333333335,0.04392156862745098,-0.42531372549019597
BK1330.DC,20260402,模拟芯片设计,卓胜微,300782.SZ,-2.72,4.3,48337185.6,1.86,2,33,行业板块,东财三级行业,0.05714285714285714,-31,0.2457142857142857,0.10628571428571429,0.9686857142857142
BK1329.DC,20260402,集成电路制造,赛微电子,300456.SZ,-1.73,3.24,115108454.4,2.16,2,5,行业板块,东财三级行业,0.2857142857142857,-3,0.9257142857142857,0.6171428571428571,8.360999999999999
BK1328.DC,20260402,集成电路封测,华岭股份,920139.BJ,-3.49,-1.42,27810097.6,2.66,0,13,行业板块,东财三级行业,0.0,-13,-0.0,0.0,-1.047
BK1327.DC,20260402,分立器件,锴威特,688693.SH,-1.43,7.56,44431088.0,2.05,5,13,行业板块,东财三级行业,0.2777777777777778,-8,2.1,0.5694444444444444,8.438222222222223
BK1326.DC,20260402,半导体设备,华亚智能,003043.SZ,-3.53,0.84,116260155.2,1.7,1,21,行业板块,东财三级行业,0.045454545454545456,-20,0.038181818181818185,0.07727272727272727,0.3277272727272729
BK1325.DC,20260402,半导体材料,中船特气,688146.SH,-3.23,-0.63,56401305.6,1.88,0,27,行业板块,东财三级行业,0.0,-27,-0.0,0.0,-0.969
BK1323.DC,20260402,综合电力设备商,上海电气,601727.SH,-2.38,-2.22,25226458.8,1.24,0,2,行业板块,东财三级行业,0.0,-2,-0.0,0.0,-0.714
BK1322.DC,20260402,其他电源设备Ⅲ,欧陆通,300870.SZ,-2.39,3.49,40892232.0,2.59,3,23,行业板块,东财三级行业,0.11538461538461539,-20,0.40269230769230774,0.2988461538461539,2.8848461538461536
BK1321.DC,20260402,火电设备,龙源技术,300105.SZ,-3.19,-1.75,2804842.1,2.76,0,4,行业板块,东财三级行业,0.0,-4,-0.0,0.0,-0.957
BK1320.DC,20260402,逆变器,德业股份,605117.SH,-5.83,-3.18,51260297.6,6.43,0,9,行业板块,东财三级行业,0.0,-9,-0.0,0.0,-1.7489999999999999
BK1319.DC,20260402,硅料硅片,大全能源,688303.SH,-3.63,-1.81,10120852.1,2.55,0,5,行业板块,东财三级行业,0.0,-5,-0.0,0.0,-1.089
BK1318.DC,20260402,光伏主材,通威股份,600438.SH,-3.33,-2.88,21986756.0,1.58,0,3,行业板块,东财三级行业,0.0,-3,-0.0,0.0,-0.999
BK1317.DC,20260402,光伏加工设备,拉普拉斯,688726.SH,-1.41,5.82,25952448.9,3.93,2,9,行业板块,东财三级行业,0.18181818181818182,-7,1.0581818181818183,0.7145454545454546,5.38609090909091
BK1316.DC,20260402,光伏辅材,酉立智能,920007.BJ,-2.69,0.16,19610006.9,2.8,1,17,行业板块,东财三级行业,0.05555555555555555,-16,0.008888888888888889,0.15555555555555553,0.8925555555555554
BK1315.DC,20260402,光伏电池组件,中利集团,002309.SZ,-1.23,9.93,43052780.8,6.25,5,18,行业板块,东财三级行业,0.21739130434782608,-13,2.158695652173913,1.358695652173913,6.856217391304347
BK1314.DC,20260402,风电整机,运达股份,300772.SZ,-2.78,0.42,19812700.0,3.88,1,4,行业板块,东财三级行业,0.2,-3,0.084,0.776,5.338
BK1313.DC,20260402,风电零部件,大金重工,002487.SZ,-2.27,2.64,30064022.4,5.33,3,22,行业板块,东财三级行业,0.12,-19,0.3168,0.6396,3.1102799999999995
BK1312.DC,20260402,线缆部件及其他,新能泰山,000720.SZ,0.11,9.98,40161504.0,7.03,14,25,行业板块,东财三级行业,0.358974358974359,-11,3.5825641025641026,2.523589743589744,12.023461538461538
BK1311.DC,20260402,输变电设备,扬电科技,301012.SZ,-2.51,0.88,64191716.8,3.33,2,28,行业板块,东财三级行业,0.06666666666666667,-26,0.058666666666666666,0.222,1.3031333333333335
BK1310.DC,20260402,配电设备,新宏泰,603016.SH,-2.14,7.53,24476730.8,2.75,2,25,行业板块,东财三级行业,0.07407407407407407,-23,0.5577777777777778,0.2037037037037037,1.7325185185185188
BK1309.DC,20260402,电网自动化设备,泽宇智能,301179.SZ,-2.36,3.52,50346046.4,2.37,3,26,行业板块,东财三级行业,0.10344827586206896,-23,0.3641379310344828,0.24517241379310345,2.5173103448275866
BK1308.DC,20260402,电工仪器仪表,雅达股份,920556.BJ,-2.73,-0.42,9349541.7,2.12,0,14,行业板块,东财三级行业,0.0,-14,-0.0,0.0,-0.819
BK1307.DC,20260402,电机Ⅲ,江特电机,002176.SZ,-2.04,3.05,27824344.0,3.23,3,23,行业板块,东财三级行业,0.11538461538461539,-20,0.35192307692307695,0.3726923076923077,2.9944615384615387
BK1306.DC,20260402,蓄电池及其他电池,安孚科技,603031.SH,-2.75,1.98,9485190.2,5.42,1,9,行业板块,东财三级行业,0.1,-8,0.198,0.542,2.323
BK1305.DC,20260402,燃料电池,亿华通-U,688339.SH,-7.13,-7.13,591949.4,3.95,0,1,行业板块,东财三级行业,0.0,-1,-0.0,0.0,-2.139
BK1304.DC,20260402,锂电专用设备,赢合科技,300457.SZ,-2.78,0.04,19853802.7,1.84,1,17,行业板块,东财三级行业,0.05555555555555555,-16,0.0022222222222222222,0.10222222222222221,0.8535555555555555
BK1303.DC,20260402,锂电池,科达利,002850.SZ,-1.99,2.99,243766884.8,3.95,6,26,行业板块,东财三级行业,0.1875,-20,0.560625,0.7406250000000001,5.288250000000001
BK1302.DC,20260402,电池化学品,信德新材,301349.SZ,-1.76,3.06,95267966.4,3.2,6,36,行业板块,东财三级行业,0.14285714285714285,-30,0.4371428571428571,0.45714285714285713,3.936571428571429
BK1301.DC,20260402,游戏Ⅲ,完美世界,002624.SZ,-2.29,1.35,50346934.4,2.12,2,23,行业板块,东财三级行业,0.08,-21,0.10800000000000001,0.1696,1.76852
BK1300.DC,20260402,院线,万达电影,002739.SZ,-4.31,-1.82,4454479.7,1.59,0,4,行业板块,东财三级行业,0.0,-4,-0.0,0.0,-1.293
BK1299.DC,20260402,影视动漫制作,欢瑞世纪,000892.SZ,-2.47,-0.33,15151344.2,2.3,0,14,行业板块,东财三级行业,0.0,-14,-0.0,0.0,-0.741
BK1298.DC,20260402,文字媒体,掌阅科技,603533.SH,-2.44,-1.35,3000487.3,5.47,0,2,行业板块,东财三级行业,0.0,-2,-0.0,0.0,-0.732
BK1297.DC,20260402,图片媒体,视觉中国,000681.SZ,-3.21,-3.21,1392047.3,3.01,0,1,行业板块,东财三级行业,0.0,-1,-0.0,0.0,-0.963
BK1296.DC,20260402,视频媒体,芒果超媒,300413.SZ,-1.05,-1.05,3885487.1,0.96,0,1,行业板块,东财三级行业,0.0,-1,-0.0,0.0,-0.315
BK1295.DC,20260402,其他数字媒体,风语筑,603466.SH,-2.03,-2.03,841065.8,1.95,0,2,行业板块,东财三级行业,0.0,-2,-0.0,0.0,-0.6089999999999999
BK1294.DC,20260402,门户网站,生 意 宝,002095.SZ,-3.32,-1.92,11889820.6,2.7,0,9,行业板块,东财三级行业,0.0,-9,-0.0,0.0,-0.9959999999999999
BK1293.DC,20260402,营销代理,三人行,605168.SH,-3.08,-0.22,22577125.8,4.42,0,27,行业板块,东财三级行业,0.0,-27,-0.0,0.0,-0.9239999999999999
BK1292.DC,20260402,广告媒体,分众传媒,002027.SZ,-1.88,-1.52,10242570.6,0.53,0,3,行业板块,东财三级行业,0.0,-3,-0.0,0.0,-0.564
BK1291.DC,20260402,电视广播Ⅲ,新媒股份,300770.SZ,-3.4,-1.14,15326606.5,1.85,0,14,行业板块,东财三级行业,0.0,-14,-0.0,0.0,-1.02
BK1290.DC,20260402,教育出版,新华文轩,601811.SH,-0.97,-0.15,13350752.7,0.63,0,10,行业板块,东财三级行业,0.0,-10,-0.0,0.0,-0.291
BK1289.DC,20260402,大众出版,内蒙新华,603230.SH,-1.76,1.6,13139922.8,1.16,1,17,行业板块,东财三级行业,0.05555555555555555,-16,0.08888888888888889,0.06444444444444444,1.1693333333333331
BK1288.DC,20260402,金属新材料,大地熊,688077.SH,-2.77,-0.29,37036731.2,1.69,0,34,行业板块,东财二级行业,0.0,-34,-0.0,0.0,-0.831
BK1287.DC,20260402,工业金属,云铝股份,000807.SZ,-1.5,2.67,321638275.2,2.16,13,45,行业板块,东财二级行业,0.22413793103448276,-32,0.598448275862069,0.48413793103448277,6.490655172413793
BK1283.DC,20260402,银行,农业银行,601288.SH,0.37,3.44,1533034470.4,0.25,24,16,行业板块,东财一级行业,0.6,8,2.064,0.15,18.553800000000003
BK1282.DC,20260402,饮料乳品,承德露露,000848.SZ,-1.05,0.5,45201785.6,1.11,3,23,行业板块,东财二级行业,0.11538461538461539,-20,0.057692307692307696,0.1280769230769231,3.183692307692308
BK1281.DC,20260402,休闲食品,紫燕食品,603057.SH,-0.02,7.68,17383960.3,1.27,8,15,行业板块,东财二级行业,0.34782608695652173,-7,2.6713043478260867,0.4417391304347826,11.051391304347826
BK1280.DC,20260402,食品加工,华统股份,002840.SZ,0.01,3.96,26173571.7,2.18,13,13,行业板块,东财二级行业,0.5,0,1.98,1.09,15.617
BK1279.DC,20260402,非白酒,重庆啤酒,600132.SH,-1.41,1.35,24864551.0,0.96,3,14,行业板块,东财二级行业,0.17647058823529413,-11,0.2382352941176471,0.16941176470588235,4.95264705882353
BK1278.DC,20260402,调味发酵品Ⅱ,天味食品,603317.SH,-0.28,2.3,38677768.0,1.97,6,9,行业板块,东财二级行业,0.4,-3,0.9199999999999999,0.788,12.2576
BK1277.DC,20260402,白酒Ⅱ,迎驾贡酒,603198.SH,0.21,6.69,290935684.8,0.81,10,11,行业板块,东财二级行业,0.47619047619047616,-1,3.185714285714286,0.38571428571428573,15.062999999999999
BK1276.DC,20260402,油气开采Ⅱ,蓝焰控股,000968.SZ,4.19,9.98,196347329.6,4.99,5,0,行业板块,东财二级行业,1.0,5,9.98,4.99,34.251
BK1275.DC,20260402,油服工程,贝肯能源,002828.SZ,5.47,9.97,29751292.8,3.12,14,0,行业板块,东财二级行业,1.0,14,9.97,3.12,34.259
BK1274.DC,20260402,炼化及贸易,博汇股份,300839.SZ,1.67,19.99,362472904.0,0.43,19,11,行业板块,东财二级行业,0.6333333333333333,8,12.660333333333332,0.2723333333333333,22.087533333333333
BK1273.DC,20260402,体育Ⅱ,中体产业,600158.SH,-0.15,1.31,1352546.0,10.12,1,1,行业板块,东财二级行业,0.5,0,0.655,5.06,16.098
BK1272.DC,20260402,旅游及景区,三特索道,002159.SZ,-2.08,0.26,15645348.6,1.86,1,25,行业板块,东财二级行业,0.038461538461538464,-24,0.01,0.07153846153846155,0.5461538461538463
BK1271.DC,20260402,酒店餐饮,*ST云网,002306.SZ,-1.85,2.1,8503221.0,2.43,1,9,行业板块,东财二级行业,0.1,-8,0.21000000000000002,0.24300000000000002,2.5355999999999996
BK1270.DC,20260402,专业连锁Ⅱ,吉峰科技,300022.SZ,-0.2,6.81,5452820.9,2.03,1,6,行业板块,东财二级行业,0.14285714285714285,-5,0.9728571428571428,0.29,4.478285714285715
BK1269.DC,20260402,旅游零售Ⅱ,珠免集团,600185.SH,-1.85,-1.74,15609604.7,0.91,0,2,行业板块,东财二级行业,0.0,-2,-0.0,0.0,-0.555
BK1268.DC,20260402,互联网电商,华凯易佰,300592.SZ,-2.06,1.94,12320800.6,1.37,1,17,行业板块,东财二级行业,0.05555555555555555,-16,0.10777777777777776,0.07611111111111112,1.0854444444444444
BK1267.DC,20260402,造纸,松炀资源,603863.SH,-0.59,10.01,18052561.0,1.42,5,19,行业板块,东财二级行业,0.20833333333333334,-14,2.0854166666666667,0.29583333333333334,6.549250000000001
BK1266.DC,20260402,文娱用品,舒华体育,605299.SH,-0.81,6.2,12910012.1,3.49,6,17,行业板块,东财二级行业,0.2608695652173913,-11,1.617391304347826,0.9104347826086957,8.088652173913044
BK1265.DC,20260402,包装印刷,衢州东峰,601515.SH,-1.38,4.62,27966484.8,3.17,6,40,行业板块,东财二级行业,0.13043478260869565,-34,0.6026086956521739,0.4134782608695652,3.702260869565217
BK1264.DC,20260402,商用车,宇通客车,600066.SH,-0.59,2.71,35878036.8,1.3,4,9,行业板块,东财二级行业,0.3076923076923077,-5,0.8338461538461539,0.4,9.300538461538464
BK1263.DC,20260402,摩托车及其他,征和工业,003033.SZ,-1.14,2.55,24134226.0,1.6,6,13,行业板块,东财二级行业,0.3157894736842105,-7,0.8052631578947368,0.5052631578947369,9.393789473684208
BK1262.DC,20260402,乘用车,长城汽车,601633.SH,-1.78,1.11,168629041.6,0.9,1,8,行业板块,东财二级行业,0.1111111111111111,-7,0.12333333333333334,0.09999999999999999,2.844
BK1261.DC,20260402,种植业,华绿生物,300970.SZ,-0.14,4.24,17059921.2,2.88,8,13,行业板块,东财二级行业,0.38095238095238093,-5,1.6152380952380951,1.097142857142857,11.929047619047617
BK1260.DC,20260402,渔业,中水渔业,000798.SZ,-0.62,0.39,2006363.2,2.16,1,4,行业板块,东财二级行业,0.2,-3,0.07800000000000001,0.43200000000000005,5.916
BK1259.DC,20260402,养殖业,巨星农牧,603477.SH,1.31,10.01,56730190.4,1.69,17,3,行业板块,东财二级行业,0.85,14,8.5085,1.4364999999999999,27.881999999999998
BK1258.DC,20260402,饲料,海大集团,002311.SZ,0.52,4.39,20315578.2,2.28,10,6,行业板块,东财二级行业,0.625,4,2.74375,1.4249999999999998,19.739749999999997
BK1257.DC,20260402,农业综合Ⅱ,润农节水,920964.BJ,-0.7,-0.17,1175502.3,1.2,0,3,行业板块,东财二级行业,0.0,-3,-0.0,0.0,-0.21
BK1256.DC,20260402,农产品加工,一致魔芋,920273.BJ,-0.56,2.44,30344609.6,1.75,8,19,行业板块,东财二级行业,0.2962962962962963,-11,0.7229629629629629,0.5185185185185185,8.969185185185188
BK1255.DC,20260402,林业Ⅱ,平潭发展,000592.SZ,0.54,4.58,3184165.2,19.74,2,2,行业板块,东财二级行业,0.5,0,2.29,9.87,17.594
BK1254.DC,20260402,动物保健Ⅱ,大禹生物,920970.BJ,3.17,7.4,7238382.2,3.3,12,1,行业板块,东财二级行业,0.9230769230769231,11,6.830769230769231,3.046153846153846,30.61869230769231
BK1253.DC,20260402,医疗美容,锦波生物,920982.BJ,-0.16,5.76,8163974.5,1.19,1,3,行业板块,东财二级行业,0.25,-2,1.44,0.2975,7.7995
BK1252.DC,20260402,化妆品,芭薇股份,920123.BJ,-1.22,2.82,12681054.9,1.16,2,13,行业板块,东财二级行业,0.13333333333333333,-11,0.376,0.15466666666666665,3.7401333333333335
BK1251.DC,20260402,个护用品,延江股份,300658.SZ,-0.92,6.92,8776633.2,5.18,3,10,行业板块,东财二级行业,0.23076923076923078,-7,1.596923076923077,1.1953846153846155,7.205538461538462
BK1250.DC,20260402,煤炭开采,中煤能源,601898.SH,0.54,3.77,219547305.6,0.94,16,8,行业板块,东财二级行业,0.6666666666666666,8,2.513333333333333,0.6266666666666666,20.79
BK1249.DC,20260402,焦炭Ⅱ,云煤能源,600792.SH,0.46,3.75,6539538.4,2.7,4,1,行业板块,东财二级行业,0.8,3,3.0,2.16,25.17
BK1248.DC,20260402,专业工程,中工国际,002051.SZ,-1.73,9.99,47535425.6,2.87,10,30,行业板块,东财二级行业,0.25,-20,2.4975,0.7175,7.6240000000000006
BK1247.DC,20260402,基础建设,美丽生态,000010.SZ,-1.74,1.84,97666460.8,1.67,6,41,行业板块,东财二级行业,0.1276595744680851,-35,0.2348936170212766,0.2131914893617021,3.3974042553191484
BK1246.DC,20260402,房屋建设Ⅱ,中国建筑,601668.SH,-1.85,0.2,29208638.4,0.9,1,7,行业板块,东财二级行业,0.125,-6,0.025,0.1125,3.2224999999999997
BK1245.DC,20260402,照明设备Ⅱ,立达信,605365.SH,-0.86,6.61,8507339.3,1.61,2,12,行业板块,东财二级行业,0.14285714285714285,-10,0.9442857142857143,0.23,4.2625714285714285
BK1244.DC,20260402,小家电,鸿智科技,920926.BJ,-1.62,4.27,21592328.5,1.29,4,19,行业板块,东财二级行业,0.17391304347826086,-15,0.7426086956521738,0.22434782608695653,4.9247826086956525
BK1243.DC,20260402,其他家电Ⅱ,融捷健康,300247.SZ,-1.41,-0.85,1165800.0,1.38,0,3,行业板块,东财二级行业,0.0,-3,-0.0,0.0,-0.423
BK1242.DC,20260402,家电零部件Ⅱ,天银机电,300342.SZ,-1.29,5.28,40733760.0,2.69,8,28,行业板块,东财二级行业,0.2222222222222222,-20,1.1733333333333333,0.5977777777777777,6.633888888888888
BK1241.DC,20260402,黑色家电,海信视像,600060.SH,-2.35,-0.91,16160781.6,1.42,0,10,行业板块,东财二级行业,0.0,-10,-0.0,0.0,-0.705
BK1240.DC,20260402,厨卫电器,华帝股份,002035.SZ,-1.82,2.56,6136467.1,3.05,1,8,行业板块,东财二级行业,0.1111111111111111,-7,0.28444444444444444,0.33888888888888885,2.9119999999999995
BK1239.DC,20260402,白色家电,美的集团,000333.SZ,-1.55,0.69,107640041.6,0.94,1,11,行业板块,东财二级行业,0.08333333333333333,-10,0.057499999999999996,0.07833333333333332,2.0621666666666667
BK1238.DC,20260402,IT服务Ⅱ,海峡创新,300300.SZ,-3.08,3.04,151035467.2,3.17,5,127,行业板块,东财二级行业,0.03787878787878788,-122,0.11515151515151516,0.12007575757575757,0.2594090909090911
BK1237.DC,20260402,自动化设备,瑞松科技,688090.SH,-1.5,9.06,112518728.0,1.98,14,74,行业板块,东财二级行业,0.1590909090909091,-60,1.4413636363636364,0.315,4.6739999999999995
BK1236.DC,20260402,轨交设备Ⅱ,九州一轨,688485.SH,-1.9,5.08,45534536.0,2.35,3,28,行业板块,东财二级行业,0.0967741935483871,-25,0.4916129032258064,0.22741935483870968,2.4770322580645163
BK1235.DC,20260402,环境治理,万德斯,688178.SH,-1.7,4.0,80153955.2,1.9,14,94,行业板块,东财二级行业,0.12962962962962962,-80,0.5185185185185185,0.24629629629629626,3.5318518518518514
BK1234.DC,20260402,环保设备Ⅱ,法尔胜,000890.SZ,-1.52,3.92,15633640.6,3.74,8,19,行业板块,东财二级行业,0.2962962962962963,-11,1.1614814814814813,1.108148148148148,8.886814814814816
BK1233.DC,20260402,军工电子Ⅱ,雷科防务,002413.SZ,-2.19,3.74,111344553.6,3.01,6,57,行业板块,东财二级行业,0.09523809523809523,-51,0.35619047619047617,0.2866666666666666,2.3287142857142853
BK1232.DC,20260402,航天装备Ⅱ,新余国科,300722.SZ,-2.65,-0.89,44893972.8,1.94,0,9,行业板块,东财二级行业,0.0,-9,-0.0,0.0,-0.7949999999999999
BK1231.DC,20260402,航空装备Ⅱ,航发动力,600893.SH,-1.86,1.55,110373539.2,1.32,4,44,行业板块,东财二级行业,0.08333333333333333,-40,0.12916666666666665,0.11,1.9898333333333333
BK1230.DC,20260402,航海装备Ⅱ,*ST松发,603268.SH,-1.4,-0.2,45488507.2,1.55,0,10,行业板块,东财二级行业,0.0,-10,-0.0,0.0,-0.42
BK1229.DC,20260402,地面兵装Ⅱ,北方长龙,301357.SZ,-0.46,2.68,16440806.8,3.17,4,8,行业板块,东财二级行业,0.3333333333333333,-4,0.8933333333333333,1.0566666666666666,10.252
BK1228.DC,20260402,冶钢原料,大中矿业,001203.SZ,-1.1,2.85,20976762.5,1.12,2,7,行业板块,东财二级行业,0.2222222222222222,-5,0.6333333333333333,0.2488888888888889,6.513111111111111
BK1227.DC,20260402,特钢Ⅱ,久立特材,002318.SZ,-1.76,0.39,21844764.3,0.91,1,12,行业板块,东财二级行业,0.07692307692307693,-11,0.030000000000000002,0.07,1.799692307692308
BK1226.DC,20260402,普钢,本钢板Ｂ,200761.SZ,-1.85,0.0,61136635.2,1.42,0,22,行业板块,东财二级行业,0.0,-22,0.0,0.0,-0.555
BK1225.DC,20260402,服装家纺,中胤时尚,300901.SZ,-1.55,3.28,33813872.0,1.75,8,52,行业板块,东财二级行业,0.13333333333333333,-44,0.4373333333333333,0.23333333333333334,3.669133333333334
BK1224.DC,20260402,纺织制造,迎丰股份,605055.SH,-1.44,5.76,20567020.7,2.04,6,26,行业板块,东财二级行业,0.1875,-20,1.08,0.3825,5.4855
BK1223.DC,20260402,其他电子Ⅱ,百邦科技,300736.SZ,-2.79,6.13,37274907.2,4.15,2,30,行业板块,东财二级行业,0.0625,-28,0.383125,0.259375,1.1665
BK1222.DC,20260402,影视院线,欢瑞世纪,000892.SZ,-2.88,-0.33,19605824.0,2.18,0,18,行业板块,东财二级行业,0.0,-18,-0.0,0.0,-0.864
BK1221.DC,20260402,数字媒体,芒果超媒,300413.SZ,-2.87,-1.05,21008908.4,2.82,0,15,行业板块,东财二级行业,0.0,-15,-0.0,0.0,-0.861
BK1220.DC,20260402,广告营销,三人行,605168.SH,-2.96,-0.22,32819696.0,2.71,0,30,行业板块,东财二级行业,0.0,-30,-0.0,0.0,-0.888
BK1219.DC,20260402,电视广播Ⅱ,新媒股份,300770.SZ,-3.4,-1.14,15326606.5,1.85,0,14,行业板块,东财二级行业,0.0,-14,-0.0,0.0,-1.02
BK1218.DC,20260402,出版,内蒙新华,603230.SH,-1.48,1.6,26490675.5,0.91,1,27,行业板块,东财二级行业,0.03571428571428571,-26,0.05714285714285714,0.0325,0.6453571428571429
BK1217.DC,20260402,综合,漳州发展,000753.SZ,-0.56,3.54,20817091.6,2.27,4,13,行业板块,东财一级行业,0.23529411764705882,-9,0.8329411764705882,0.5341176470588235,7.164235294117646
BK1216.DC,20260402,医药生物,重药控股,000950.SZ,0.41,10.0,721009228.8,3.33,219,280,行业板块,东财一级行业,0.43887775551102204,-61,4.38877755511022,1.4614629258517033,14.459380761523045
BK1215.DC,20260402,通信,汇源通信,000586.SZ,-1.79,10.01,633941836.8,1.94,21,109,行业板块,东财一级行业,0.16153846153846155,-88,1.617,0.3133846153846154,4.69523076923077
BK1214.DC,20260402,社会服务,*ST云网,002306.SZ,-1.66,2.1,54837576.0,1.91,13,74,行业板块,东财一级行业,0.14942528735632185,-61,0.3137931034482759,0.2854022988505747,4.104597701149427
BK1213.DC,20260402,商贸零售,吉峰科技,300022.SZ,-1.39,6.81,99738430.4,1.22,10,91,行业板块,东财一级行业,0.09900990099009901,-81,0.6742574257425743,0.12079207920792079,2.7123069306930696
BK1212.DC,20260402,轻工制造,松炀资源,603863.SH,-1.27,10.01,112361638.4,2.14,27,142,行业板块,东财一级行业,0.15976331360946747,-115,1.5992307692307692,0.3418934911242604,4.800124260355029
BK1211.DC,20260402,汽车,川环科技,300547.SZ,-1.46,10.91,517440256.0,1.65,53,267,行业板块,东财一级行业,0.165625,-214,1.80696875,0.27328125,4.9468000000000005
BK1210.DC,20260402,交通运输,招商轮船,601872.SH,-0.48,8.17,357921046.4,0.95,43,84,行业板块,东财一级行业,0.33858267716535434,-41,2.7662204724409447,0.3216535433070866,10.631055118110236
BK1209.DC,20260402,建筑装饰,中工国际,002051.SZ,-1.7,9.99,208249340.8,1.77,30,134,行业板块,东财一级行业,0.18292682926829268,-104,1.8274390243902439,0.32378048780487806,5.408048780487804
BK1208.DC,20260402,建筑材料,濮耐股份,002225.SZ,-1.82,1.88,101917392.0,1.48,8,68,行业板块,东财一级行业,0.10526315789473684,-60,0.19789473684210523,0.1557894736842105,2.6826315789473685
BK1207.DC,20260402,计算机,友车科技,688479.SH,-2.84,7.99,443475481.6,2.6,21,336,行业板块,东财一级行业,0.058823529411764705,-315,0.47000000000000003,0.15294117647058825,1.0372941176470587
BK1206.DC,20260402,基础化工,星辉环材,300834.SZ,-1.5,20.01,497316940.8,2.61,79,364,行业板块,东财一级行业,0.17832957110609482,-285,3.5683747178329575,0.46544018058690745,5.706650112866818
BK1205.DC,20260402,机械设备,必创科技,300667.SZ,-1.68,12.11,589427763.2,2.39,98,503,行业板块,东财一级行业,0.16306156405990016,-405,1.9746755407653909,0.3897171381031614,4.860725457570715
BK1204.DC,20260402,国防军工,雷科防务,002413.SZ,-1.91,3.74,328541380.8,2.1,14,128,行业板块,东财一级行业,0.09859154929577464,-114,0.3687323943661972,0.20704225352112676,2.499901408450704
BK1203.DC,20260402,非银金融,四川双马,000935.SZ,-1.75,1.65,690548505.6,0.67,6,74,行业板块,东财一级行业,0.075,-68,0.12374999999999999,0.05025,1.7598
BK1202.DC,20260402,房地产,京能置业,600791.SH,-1.99,6.79,105731846.4,1.34,9,90,行业板块,东财一级行业,0.09090909090909091,-81,0.6172727272727273,0.12181818181818183,2.278090909090909
BK1201.DC,20260402,电子,光莆股份,300632.SZ,-2.7,10.67,1421205683.2,2.46,40,458,行业板块,东财一级行业,0.08032128514056225,-418,0.8570281124497992,0.19759036144578312,1.8105622489959836
BK1200.DC,20260402,电力设备,新能泰山,000720.SZ,-2.09,9.98,876099072.0,3.83,53,346,行业板块,东财一级行业,0.13283208020050125,-293,1.3256641604010024,0.5087468671679198,3.7248446115288223
BK1046.DC,20260402,游戏Ⅱ,完美世界,002624.SZ,-2.29,1.35,50346934.4,2.12,2,23,行业板块,东财二级行业,0.08,-21,0.10800000000000001,0.1696,1.76852
BK1045.DC,20260402,房地产服务,宁波富达,600724.SH,-3.12,-1.2,5659562.6,3.26,0,12,行业板块,东财二级行业,0.0,-12,-0.0,0.0,-0.9359999999999999
BK1044.DC,20260402,生物制品,三生国健,688336.SH,0.56,13.41,104882395.2,1.92,25,32,行业板块,东财二级行业,0.43859649122807015,-7,5.88157894736842,0.8421052631578947,14.670631578947367
BK1043.DC,20260402,专业服务,中纺标,920122.BJ,-1.1,1.79,20593098.6,1.43,8,25,行业板块,东财二级行业,0.24242424242424243,-17,0.43393939393939396,0.3466666666666667,7.098848484848486
BK1042.DC,20260402,医药商业,重药控股,000950.SZ,2.22,10.0,35210403.2,4.47,25,4,行业板块,东财二级行业,0.8620689655172413,21,8.620689655172413,3.8534482758620685,29.022896551724138
BK1041.DC,20260402,医疗器械,济民健康,603222.SH,-0.59,9.97,136144428.8,2.52,36,100,行业板块,东财二级行业,0.2647058823529412,-64,2.6391176470588236,0.6670588235294118,8.425411764705883
BK1040.DC,20260402,中药Ⅱ,益佰制药,600594.SH,0.56,10.09,85382259.2,2.62,42,25,行业板块,东财二级行业,0.6268656716417911,17,6.325074626865672,1.6423880597014926,20.56746268656716
BK1039.DC,20260402,电子化学品Ⅱ,华特气体,688268.SH,-2.29,7.3,47735633.6,3.45,4,30,行业板块,东财二级行业,0.11764705882352941,-26,0.8588235294117647,0.40588235294117647,3.0953529411764706
BK1038.DC,20260402,光学光电子,光莆股份,300632.SZ,-2.17,10.67,128519134.4,2.66,11,87,行业板块,东财二级行业,0.11224489795918367,-76,1.1976530612244898,0.2985714285714286,3.015591836734694
BK1037.DC,20260402,消费电子,泓禧科技,920857.BJ,-2.39,1.62,294740931.2,1.75,9,89,行业板块,东财二级行业,0.09183673469387756,-80,0.14877551020408164,0.16071428571428573,2.1
BK1036.DC,20260402,半导体,锴威特,688693.SH,-2.99,7.56,728062182.4,2.13,11,162,行业板块,东财二级行业,0.06358381502890173,-151,0.48069364161849704,0.13543352601156067,1.1337398843930633
BK1035.DC,20260402,美容护理,延江股份,300658.SZ,-0.97,6.92,29621662.4,2.53,6,26,行业板块,东财一级行业,0.1875,-20,1.2974999999999999,0.474375,5.688375
BK1034.DC,20260402,其他电源设备Ⅱ,欧陆通,300870.SZ,-2.49,3.49,68923534.4,1.94,3,29,行业板块,东财二级行业,0.09375,-26,0.3271875,0.181875,2.1673125
BK1033.DC,20260402,电池,信德新材,301349.SZ,-2.15,3.06,368965793.6,3.47,14,89,行业板块,东财二级行业,0.13592233009708737,-75,0.41592233009708734,0.4716504854368932,3.6101844660194176
BK1032.DC,20260402,风电设备,大金重工,002487.SZ,-2.36,2.64,49876721.6,4.78,4,26,行业板块,东财二级行业,0.13333333333333333,-22,0.35200000000000004,0.6373333333333333,3.4898666666666665
BK1031.DC,20260402,光伏设备,中利集团,002309.SZ,-2.5,9.93,171983140.8,4.5,8,61,行业板块,东财二级行业,0.11594202898550725,-53,1.151304347826087,0.5217391304347826,3.062869565217391
BK1030.DC,20260402,电机Ⅱ,江特电机,002176.SZ,-2.04,3.05,27824344.0,3.23,3,23,行业板块,东财二级行业,0.11538461538461539,-20,0.35192307692307695,0.3726923076923077,2.9944615384615387
BK1028.DC,20260402,燃气Ⅱ,德龙汇能,000593.SZ,0.9,8.15,31379920.0,2.38,16,14,行业板块,东财二级行业,0.5333333333333333,2,4.346666666666667,1.2693333333333332,17.3932
BK1027.DC,20260402,小金属,中国铀业,001280.SZ,-2.99,-0.48,105504619.2,3.02,1,24,行业板块,东财二级行业,0.04,-23,-0.0192,0.1208,0.32331999999999994
BK1020.DC,20260402,非金属材料Ⅱ,秉扬科技,920675.BJ,-1.46,2.42,10070427.2,2.71,5,7,行业板块,东财二级行业,0.4166666666666667,-2,1.0083333333333333,1.1291666666666667,12.4895
BK1019.DC,20260402,化学原料,山东海化,000822.SZ,-1.21,4.94,90482249.6,2.39,16,47,行业板块,东财二级行业,0.25396825396825395,-31,1.2546031746031747,0.606984126984127,7.6283650793650795
BK1018.DC,20260402,橡胶,中裕科技,920694.BJ,-1.31,4.01,12784026.9,2.36,6,16,行业板块,东财二级行业,0.2727272727272727,-10,1.0936363636363635,0.6436363636363636,8.136272727272727
BK1016.DC,20260402,汽车服务,德众汽车,920030.BJ,-1.37,0.18,6279145.5,1.03,1,10,行业板块,东财二级行业,0.09090909090909091,-9,0.016363636363636365,0.09363636363636364,2.3382727272727277
BK1015.DC,20260402,能源金属,西藏矿业,000762.SZ,1.24,9.99,57630768.0,5.27,7,4,行业板块,东财二级行业,0.6363636363636364,3,6.357272727272727,3.3536363636363635,21.40509090909091
BK0910.DC,20260402,专用设备,宏华数科,688789.SH,-1.54,8.46,163895017.6,1.99,33,169,行业板块,东财二级行业,0.16336633663366337,-136,1.3820792079207922,0.3250990099009901,4.780425742574258
BK0740.DC,20260402,教育,行动教育,605098.SH,-2.18,0.96,8743361.4,1.5,2,14,行业板块,东财二级行业,0.125,-12,0.12,0.1875,3.1575
BK0739.DC,20260402,工程机械,拓山重工,001226.SZ,-1.43,4.97,77256184.0,1.56,8,26,行业板块,东财二级行业,0.23529411764705882,-18,1.1694117647058824,0.36705882352941177,6.937117647058823
BK0738.DC,20260402,多元金融,四川双马,000935.SZ,-2.18,1.65,58017371.2,1.16,4,23,行业板块,东财二级行业,0.14814814814814814,-19,0.2444444444444444,0.17185185185185184,3.873703703703704
BK0737.DC,20260402,软件开发,友车科技,688479.SH,-2.83,7.99,168612553.6,2.45,9,126,行业板块,东财二级行业,0.06666666666666667,-117,0.5326666666666666,0.16333333333333333,1.2902
BK0736.DC,20260402,通信服务,挖金客,301380.SZ,-3.39,0.42,307071782.4,0.95,1,39,行业板块,东财二级行业,0.025,-38,0.0105,0.02375,-0.26014999999999994
BK0735.DC,20260402,计算机设备,ST英飞拓,002528.SZ,-2.49,4.27,123827460.8,1.9,7,83,行业板块,东财二级行业,0.07777777777777778,-76,0.3321111111111111,0.14777777777777779,1.6823111111111113
BK0734.DC,20260402,饰品,飞亚达,000026.SZ,-1.27,2.42,13890619.2,1.17,4,13,行业板块,东财二级行业,0.23529411764705882,-9,0.5694117647058823,0.2752941176470588,6.846764705882352
BK0732.DC,20260402,贵金属,赤峰黄金,600988.SH,-3.76,-0.77,75691145.6,2.99,0,13,行业板块,东财二级行业,0.0,-13,-0.0,0.0,-1.128
BK0731.DC,20260402,农化制品,广康生化,300804.SZ,-1.39,1.83,110958409.6,2.66,12,51,行业板块,东财二级行业,0.19047619047619047,-39,0.3485714285714286,0.5066666666666667,5.468333333333333
BK0728.DC,20260402,环保,万德斯,688178.SH,-1.67,4.0,95787596.8,2.13,22,113,行业板块,东财一级行业,0.16296296296296298,-91,0.6518518518518519,0.34711111111111115,4.587681481481481
BK0727.DC,20260402,医疗服务,合富中国,603122.SH,-0.38,10.01,99914652.8,3.13,16,37,行业板块,东财二级行业,0.3018867924528302,-21,3.02188679245283,0.9449056603773585,9.735962264150944
BK0726.DC,20260402,工程咨询服务Ⅱ,杰恩设计,300668.SZ,-1.58,7.04,22145716.9,2.51,9,37,行业板块,东财二级行业,0.1956521739130435,-28,1.377391304347826,0.4910869565217391,5.769260869565218
BK0725.DC,20260402,装修装饰Ⅱ,*ST东易,002713.SZ,-1.72,2.17,11693099.6,1.59,4,19,行业板块,东财二级行业,0.17391304347826086,-15,0.3773913043478261,0.27652173913043476,4.832173913043478
BK0546.DC,20260402,玻璃玻纤,中国巨石,600176.SH,-2.97,-0.31,39347883.2,2.54,0,17,行业板块,东财二级行业,0.0,-17,-0.0,0.0,-0.891
BK0545.DC,20260402,通用设备,必创科技,300667.SZ,-1.85,12.11,190223299.2,3.41,40,206,行业板块,东财二级行业,0.16260162601626016,-166,1.9691056910569105,0.5544715447154471,4.827764227642277
BK0539.DC,20260402,综合Ⅱ,漳州发展,000753.SZ,-0.56,3.54,20817091.6,2.27,4,13,行业板块,东财二级行业,0.23529411764705882,-9,0.8329411764705882,0.5341176470588235,7.164235294117646
BK0538.DC,20260402,化学制品,金禾实业,002597.SZ,-1.54,5.9,177986158.4,1.96,28,150,行业板块,东财二级行业,0.15730337078651685,-122,0.9280898876404494,0.308314606741573,4.50438202247191
BK0486.DC,20260402,传媒,内蒙新华,603230.SH,-2.54,1.6,165598644.8,2.04,3,127,行业板块,东财一级行业,0.023076923076923078,-124,0.036923076923076927,0.04707692307692308,-0.05289230769230772
BK0484.DC,20260402,贸易Ⅱ,凯瑞德,002072.SZ,-0.97,2.13,16119896.5,2.14,4,12,行业板块,东财二级行业,0.25,-8,0.5325,0.535,7.422499999999999
BK0482.DC,20260402,一般零售,家家悦,603708.SH,-1.43,1.22,50235307.2,1.01,4,54,行业板块,东财二级行业,0.06896551724137931,-50,0.08413793103448275,0.0696551724137931,1.6707241379310345
BK0481.DC,20260402,汽车零部件,川环科技,300547.SZ,-1.52,10.91,282519808.0,2.01,41,227,行业板块,东财二级行业,0.15298507462686567,-186,1.6690671641791044,0.30749999999999994,4.528865671641791
BK0479.DC,20260402,钢铁,大中矿业,001203.SZ,-1.68,2.85,103958161.6,1.33,3,41,行业板块,东财一级行业,0.06818181818181818,-38,0.1943181818181818,0.09068181818181818,1.5984545454545454
BK0478.DC,20260402,有色金属,西藏矿业,000762.SZ,-2.05,9.99,597501542.4,2.42,21,120,行业板块,东财一级行业,0.14893617021276595,-99,1.4878723404255318,0.36042553191489357,4.222744680851063
BK0476.DC,20260402,装修建材,濮耐股份,002225.SZ,-1.37,1.88,29030859.2,1.41,7,29,行业板块,东财二级行业,0.19444444444444445,-22,0.3655555555555555,0.27416666666666667,5.550277777777778
BK0475.DC,20260402,银行Ⅱ,农业银行,601288.SH,0.37,3.44,1533034470.4,0.25,24,16,行业板块,东财二级行业,0.6,8,2.064,0.15,18.553800000000003
BK0474.DC,20260402,保险Ⅱ,中国太保,601601.SH,-1.35,0.21,295165792.0,0.21,1,4,行业板块,东财二级行业,0.2,-3,0.042,0.042,5.6118
BK0473.DC,20260402,证券Ⅱ,华林证券,002945.SZ,-1.56,0.57,337365344.0,0.67,1,47,行业板块,东财二级行业,0.020833333333333332,-46,0.011874999999999998,0.013958333333333333,0.16216666666666668
BK0471.DC,20260402,化学纤维,神马股份,600810.SH,-2.2,2.24,29572990.4,2.16,1,26,行业板块,东财二级行业,0.037037037037037035,-25,0.08296296296296296,0.08,0.48370370370370375
BK0465.DC,20260402,化学制药,津药药业,600488.SH,1.04,10.07,259475086.4,4.38,75,82,行业板块,东财二级行业,0.47770700636942676,-7,4.810509554140127,2.0923566878980893,16.023783439490444
BK0464.DC,20260402,石油石化,博汇股份,300839.SZ,2.99,19.99,588571520.0,0.92,38,11,行业板块,东财一级行业,0.7755102040816326,27,15.502448979591835,0.713469387755102,27.405489795918367
BK0459.DC,20260402,元件,则成电子,920821.BJ,-3.38,0.96,184872896.0,3.0,3,60,行业板块,东财二级行业,0.047619047619047616,-57,0.04571428571428571,0.14285714285714285,0.45228571428571407
BK0458.DC,20260402,仪器仪表,必创科技,300667.SZ,-1.06,12.11,36178320.0,2.24,16,47,行业板块,东财三级行业,0.25396825396825395,-31,3.0755555555555554,0.5688888888888889,8.029936507936508
BK0457.DC,20260402,电网设备,新能泰山,000720.SZ,-1.69,9.98,188525540.8,3.98,21,118,行业板块,东财二级行业,0.1510791366906475,-97,1.507769784172662,0.601294964028777,4.447187050359713
BK0456.DC,20260402,家用电器,立达信,605365.SH,-1.48,6.61,201936518.4,1.63,16,91,行业板块,东财一级行业,0.14953271028037382,-75,0.988411214953271,0.2437383177570093,4.288411214953271
BK0454.DC,20260402,塑料,星辉环材,300834.SZ,-1.58,20.01,65462673.6,5.31,11,67,行业板块,东财二级行业,0.14102564102564102,-56,2.821923076923077,0.7488461538461538,4.470923076923077
BK0451.DC,20260402,房地产开发,京能置业,600791.SH,-1.84,6.79,100072283.2,1.23,9,78,行业板块,东财二级行业,0.10344827586206896,-69,0.7024137931034483,0.12724137931034482,2.717379310344828
BK0450.DC,20260402,航运港口,招商轮船,601872.SH,1.1,8.17,132126798.4,1.44,22,10,行业板块,东财二级行业,0.6875,12,5.616875,0.99,22.276374999999998
BK0448.DC,20260402,通信设备,汇源通信,000586.SZ,-1.07,10.01,326870048.0,4.7,20,70,行业板块,东财二级行业,0.2222222222222222,-50,2.2244444444444444,1.0444444444444445,6.9994444444444435
BK0440.DC,20260402,家居用品,华瓷股份,001216.SZ,-1.57,6.35,53432580.8,1.44,10,66,行业板块,东财二级行业,0.13157894736842105,-56,0.8355263157894736,0.1894736842105263,3.6813684210526314
BK0438.DC,20260402,食品饮料,紫燕食品,603057.SH,-0.4,7.68,443237324.8,1.38,43,85,行业板块,东财一级行业,0.3359375,-42,2.58,0.46359374999999997,10.56684375
BK0437.DC,20260402,煤炭,中煤能源,601898.SH,0.52,3.77,226086843.2,1.19,20,9,行业板块,东财一级行业,0.6896551724137931,11,2.6,0.8206896551724138,21.529793103448274
BK0436.DC,20260402,纺织服饰,迎丰股份,605055.SH,-1.47,5.76,68271512.0,1.73,18,91,行业板块,东财一级行业,0.1651376146788991,-73,0.9511926605504587,0.2856880733944954,4.760504587155964
BK0433.DC,20260402,农林牧渔,巨星农牧,603477.SH,0.5,10.01,138054712.0,2.61,58,51,行业板块,东财一级行业,0.5321100917431193,7,5.326422018348624,1.3888073394495413,17.456348623853213
BK0428.DC,20260402,电力,川能动力,000155.SZ,-1.69,9.98,395619880.0,2.39,29,76,行业板块,东财二级行业,0.2761904761904762,-47,2.756380952380953,0.6600952380952382,8.462009523809526
BK0427.DC,20260402,公用事业,川能动力,000155.SZ,-1.11,9.98,426999800.0,2.39,45,90,行业板块,东财一级行业,0.3333333333333333,-45,3.3266666666666667,0.7966666666666666,10.491666666666665
BK0424.DC,20260402,水泥,华新建材,600801.SH,-1.68,0.62,33538648.0,0.92,1,22,行业板块,东财二级行业,0.043478260869565216,-21,0.026956521739130435,0.04,0.8137391304347826
BK0422.DC,20260402,物流,中国外运,601598.SH,-1.23,1.45,70898739.2,0.94,10,37,行业板块,东财二级行业,0.2127659574468085,-27,0.30851063829787234,0.19999999999999998,6.11568085106383
BK0421.DC,20260402,铁路公路,四川成渝,601107.SH,-0.73,3.17,83991304.0,0.48,10,25,行业板块,东财二级行业,0.2857142857142857,-15,0.9057142857142857,0.13714285714285712,8.561
BK0420.DC,20260402,航空机场,厦门空港,600897.SH,-1.49,0.68,70904204.8,0.81,1,12,行业板块,东财二级行业,0.07692307692307693,-11,0.05230769230769231,0.062307692307692314,1.883615384615385
