trade_date,index_code,index_name,open,high,low,close,pre_close,pct_chg,vol_hand,amount_yuan,source,as_of_date,ingested_at
20251216,000001.SH,,3861.5145,3862.4271,3815.8444,3824.8119,3867.9209,-1.1145,512494827.0,733294004000.0,index_daily,20260618,2026-06-18T17:50:41
20251217,000001.SH,,3822.5086,3881.7519,3817.9955,3870.2775,3824.8119,1.1887,512313692.0,766820526300.0,index_daily,20260618,2026-06-18T17:50:41
20251218,000001.SH,,3857.2568,3888.2853,3856.4229,3876.3705,3870.2775,0.1574,461172625.0,704895595200.0,index_daily,20260618,2026-06-18T17:50:41
20251219,000001.SH,,3878.227,3902.6708,3871.7767,3890.4475,3876.3705,0.3631,513511893.0,738066004800.0,index_daily,20260618,2026-06-18T17:50:41
20251222,000001.SH,,3900.535,3920.0121,3900.5152,3917.3638,3890.4475,0.6919,522938992.0,789756386800.0,index_daily,20260618,2026-06-18T17:50:41
20251223,000001.SH,,3919.1063,3937.127,3910.7449,3919.9786,3917.3638,0.0667,521156952.0,806853443000.0,index_daily,20260618,2026-06-18T17:50:41
20251224,000001.SH,,3920.3466,3947.0408,3912.3107,3940.947,3919.9786,0.5349,474896447.0,773928624500.0,index_daily,20260618,2026-06-18T17:50:41
20251225,000001.SH,,3937.7196,3964.0733,3936.0782,3959.6211,3940.947,0.4738,469313093.0,785018650100.0,index_daily,20260618,2026-06-18T17:50:41
20251226,000001.SH,,3957.8326,3977.7062,3945.5238,3963.6789,3959.6211,0.1025,555489592.0,893644363900.0,index_daily,20260618,2026-06-18T17:50:41
20251229,000001.SH,,3964.6513,3983.9787,3956.9455,3965.2796,3963.6789,0.0404,563687197.0,903819726800.0,index_daily,20260618,2026-06-18T17:50:41
20251230,000001.SH,,3947.8707,3979.9901,3947.4187,3965.1159,3965.2796,-0.0041,525932588.0,887533318600.0,index_daily,20260618,2026-06-18T17:50:41
20251231,000001.SH,,3968.7256,3977.5358,3955.4871,3968.8401,3965.1159,0.0939,490751490.0,829511897500.0,index_daily,20260618,2026-06-18T17:50:41
20260105,000001.SH,,3986.9721,4025.2632,3983.5759,4023.4167,3968.8401,1.3751,596950455.0,1067334169200.0,index_daily,20260618,2026-06-18T17:50:41
20260106,000001.SH,,4026.0158,4083.6672,4025.088,4083.6672,4023.4167,1.4975,702472270.0,1175768705000.0,index_daily,20260618,2026-06-18T17:50:41
20260107,000001.SH,,4083.843,4098.7771,4069.4358,4085.7723,4083.6672,0.0515,683384352.0,1197422798300.0,index_daily,20260618,2026-06-18T17:50:41
20260108,000001.SH,,4077.715,4093.8718,4067.1216,4082.9788,4085.7723,-0.0684,666131337.0,1183188756000.0,index_daily,20260618,2026-06-18T17:50:41
20260109,000001.SH,,4086.7624,4121.7226,4083.6155,4120.426,4082.9788,0.9172,729837985.0,1289205972300.0,index_daily,20260618,2026-06-18T17:50:41
20260112,000001.SH,,4134.893,4168.3569,4119.8793,4165.287,4120.426,1.0887,839456089.0,1446230122000.0,index_daily,20260618,2026-06-18T17:50:41
20260113,000001.SH,,4169.7041,4179.702,4126.2343,4138.7585,4165.287,-0.6369,868382717.0,1481574218600.0,index_daily,20260618,2026-06-18T17:50:41
20260114,000001.SH,,4138.6454,4190.8663,4103.6205,4126.0932,4138.7585,-0.306,952551289.0,1607041237800.0,index_daily,20260618,2026-06-18T17:50:41
20260115,000001.SH,,4106.2241,4133.0726,4096.8496,4112.6012,4126.0932,-0.327,680250791.0,1175915097400.0,index_daily,20260618,2026-06-18T17:50:41
20260116,000001.SH,,4127.0632,4140.2251,4091.8106,4101.9127,4112.6012,-0.2599,763588465.0,1338017280000.0,index_daily,20260618,2026-06-18T17:50:41
20260119,000001.SH,,4090.7185,4126.5175,4090.0567,4114.0001,4101.9127,0.2947,688905870.0,1190137813600.0,index_daily,20260618,2026-06-18T17:50:41
20260120,000001.SH,,4116.3659,4128.9304,4080.2938,4113.649,4114.0001,-0.0085,734362496.0,1221485626200.0,index_daily,20260618,2026-06-18T17:50:41
20260121,000001.SH,,4103.5291,4135.9585,4103.5291,4116.94,4113.649,0.08,666989507.0,1180184557000.0,index_daily,20260618,2026-06-18T17:50:41
20260122,000001.SH,,4126.0717,4140.8378,4109.9232,4122.576,4116.94,0.1369,709695409.0,1201764210200.0,index_daily,20260618,2026-06-18T17:50:41
20260123,000001.SH,,4130.1076,4143.7498,4120.204,4136.1642,4122.576,0.3296,782115454.0,1336857054800.0,index_daily,20260618,2026-06-18T17:50:41
20260126,000001.SH,,4144.7782,4160.9852,4124.7004,4132.6052,4136.1642,-0.086,887439731.0,1451859840000.0,index_daily,20260618,2026-06-18T17:50:41
20260127,000001.SH,,4125.2155,4158.8019,4101.8299,4139.9041,4132.6052,0.1766,754990869.0,1289432378900.0,index_daily,20260618,2026-06-18T17:50:41
20260128,000001.SH,,4150.2152,4170.1468,4138.0188,4151.2378,4139.9041,0.2738,823026748.0,1365526057100.0,index_daily,20260618,2026-06-18T17:50:41
20260129,000001.SH,,4155.9185,4170.2138,4138.2992,4157.9845,4151.2378,0.1625,905908371.0,1485795395400.0,index_daily,20260618,2026-06-18T17:50:41
20260130,000001.SH,,4131.9929,4152.8501,4064.7769,4117.9476,4157.9845,-0.9629,804342746.0,1269855689000.0,index_daily,20260618,2026-06-18T17:50:41
20260202,000001.SH,,4079.7075,4103.4073,4013.6557,4015.7464,4117.9476,-2.4818,732953698.0,1163532654200.0,index_daily,20260618,2026-06-18T17:50:41
20260203,000001.SH,,4043.9061,4069.4179,4002.782,4067.7379,4015.7464,1.2947,637684249.0,1110720213000.0,index_daily,20260618,2026-06-18T17:50:41
20260204,000001.SH,,4064.6772,4104.6207,4062.6825,4102.202,4067.7379,0.8473,674254244.0,1063544769900.0,index_daily,20260618,2026-06-18T17:50:41
20260205,000001.SH,,4075.0254,4088.9041,4048.939,4075.9167,4102.202,-0.6408,596722236.0,946988891300.0,index_daily,20260618,2026-06-18T17:50:41
20260206,000001.SH,,4040.2992,4095.0303,4029.9731,4065.5834,4075.9167,-0.2535,556709801.0,898655033000.0,index_daily,20260618,2026-06-18T17:50:41
20260209,000001.SH,,4103.5396,4123.1587,4093.0561,4123.0897,4065.5834,1.4145,572632582.0,949726336000.0,index_daily,20260618,2026-06-18T17:50:41
20260210,000001.SH,,4127.7658,4134.3382,4117.5635,4128.3731,4123.0897,0.1281,524620969.0,882201747000.0,index_daily,20260618,2026-06-18T17:50:41
20260211,000001.SH,,4124.4277,4142.5612,4122.4283,4131.985,4128.3731,0.0875,500685278.0,822607547300.0,index_daily,20260618,2026-06-18T17:50:41
20260212,000001.SH,,4136.99,4140.5931,4124.1308,4134.0178,4131.985,0.0492,529370116.0,897955034800.0,index_daily,20260618,2026-06-18T17:50:41
20260213,000001.SH,,4115.9243,4123.8443,4079.7702,4082.0726,4134.0178,-1.2565,500799472.0,846808337500.0,index_daily,20260618,2026-06-18T17:50:41
20260224,000001.SH,,4129.1338,4131.5499,4105.9369,4117.4089,4082.0726,0.8656,566322249.0,938611376000.0,index_daily,20260618,2026-06-18T17:50:41
20260225,000001.SH,,4123.7808,4167.8438,4122.6987,4147.2305,4117.4089,0.7243,724787214.0,1085969561200.0,index_daily,20260618,2026-06-18T17:50:41
20260226,000001.SH,,4151.068,4152.1926,4127.1531,4146.6311,4147.2305,-0.0145,651702826.0,1067198717400.0,index_daily,20260618,2026-06-18T17:50:41
20260227,000001.SH,,4128.8974,4166.2344,4128.36,4162.8815,4146.6311,0.3919,682047646.0,1072367831600.0,index_daily,20260618,2026-06-18T17:50:41
20260302,000001.SH,,4151.8011,4188.7702,4131.3676,4182.5909,4162.8815,0.4735,861579218.0,1345892469400.0,index_daily,20260618,2026-06-18T17:50:41
20260303,000001.SH,,4189.4079,4197.228,4116.011,4122.676,4182.5909,-1.4325,921139170.0,1425790202300.0,index_daily,20260618,2026-06-18T17:50:41
20260304,000001.SH,,4087.632,4106.0397,4055.4125,4082.474,4122.676,-0.9751,765169531.0,1113081986100.0,index_daily,20260618,2026-06-18T17:50:41
20260305,000001.SH,,4109.777,4125.6166,4090.6213,4108.567,4082.474,0.6391,689746535.0,1068043734800.0,index_daily,20260618,2026-06-18T17:50:41
20260306,000001.SH,,4085.8954,4129.4647,4085.8954,4124.194,4108.567,0.3804,646765760.0,978805927100.0,index_daily,20260618,2026-06-18T17:50:41
20260309,000001.SH,,4098.6987,4106.5336,4052.5454,4096.6023,4124.194,-0.669,797803556.0,1194106193200.0,index_daily,20260618,2026-06-18T17:50:41
20260310,000001.SH,,4098.5869,4123.9578,4098.5869,4123.138,4096.6023,0.6477,674922194.0,1036427205300.0,index_daily,20260618,2026-06-18T17:50:41
20260311,000001.SH,,4123.6663,4135.8392,4112.7998,4133.4331,4123.138,0.2497,707727169.0,1063600874400.0,index_daily,20260618,2026-06-18T17:50:41
20260312,000001.SH,,4133.1996,4141.6488,4103.1636,4129.1026,4133.4331,-0.1048,786151182.0,1078215329800.0,index_daily,20260618,2026-06-18T17:50:41
20260313,000001.SH,,4117.5738,4134.0794,4086.8469,4095.4485,4129.1026,-0.815,792054764.0,1063918169400.0,index_daily,20260618,2026-06-18T17:50:41
20260316,000001.SH,,4092.2491,4096.1333,4048.0866,4084.7858,4095.4485,-0.2604,732227098.0,1037223834000.0,index_daily,20260618,2026-06-18T17:50:41
20260317,000001.SH,,4086.2953,4108.4,4049.5801,4049.9073,4084.7858,-0.8539,678771224.0,951228129300.0,index_daily,20260618,2026-06-18T17:50:41
20260318,000001.SH,,4053.3052,4065.3734,4023.0295,4062.9844,4049.9073,0.3229,623873102.0,876327491400.0,index_daily,20260618,2026-06-18T17:50:41
20260319,000001.SH,,4028.542,4042.0221,3994.1651,4006.5523,4062.9844,-1.3889,667255422.0,935264956100.0,index_daily,20260618,2026-06-18T17:50:41
20260320,000001.SH,,4004.5732,4022.7033,3955.7113,3957.0527,4006.5523,-1.2355,666798387.0,964863108600.0,index_daily,20260618,2026-06-18T17:50:41
20260323,000001.SH,,3904.9513,3906.622,3794.6844,3813.2829,3957.0527,-3.6333,804738850.0,1086248286000.0,index_daily,20260618,2026-06-18T17:50:41
20260324,000001.SH,,3849.6312,3881.4236,3807.9937,3881.2797,3813.2829,1.7832,680622039.0,931418842700.0,index_daily,20260618,2026-06-18T17:50:41
20260325,000001.SH,,3892.269,3933.0613,3891.8159,3931.8375,3881.2797,1.3026,688343626.0,967854261200.0,index_daily,20260618,2026-06-18T17:50:41
20260326,000001.SH,,3924.9621,3937.1041,3880.5729,3889.0835,3931.8375,-1.0874,615973981.0,848361335100.0,index_daily,20260618,2026-06-18T17:50:41
20260327,000001.SH,,3852.0936,3924.1075,3852.0936,3913.7238,3889.0835,0.6336,561342963.0,799696430900.0,index_daily,20260618,2026-06-18T17:50:41
20260330,000001.SH,,3884.2769,3924.2893,3872.7756,3923.2869,3913.7238,0.2443,595589479.0,839822434700.0,index_daily,20260618,2026-06-18T17:50:41
20260331,000001.SH,,3924.067,3948.8107,3891.8605,3891.8605,3923.2869,-0.801,606704983.0,891945339600.0,index_daily,20260618,2026-06-18T17:50:41
20260401,000001.SH,,3939.5658,3955.943,3929.9213,3948.5521,3891.8605,1.4567,564611598.0,897278213900.0,index_daily,20260618,2026-06-18T17:50:41
20260402,000001.SH,,3940.7989,3952.5761,3900.1164,3919.2852,3948.5521,-0.7412,544212835.0,811896567000.0,index_daily,20260618,2026-06-18T17:50:41
20260403,000001.SH,,3927.5923,3929.5285,3871.3004,3880.0967,3919.2852,-0.9999,492699082.0,713830332100.0,index_daily,20260618,2026-06-18T17:50:41
20260407,000001.SH,,3884.1505,3902.6065,3875.6843,3890.1645,3880.0967,0.2595,473615076.0,723905837300.0,index_daily,20260618,2026-06-18T17:50:41
20260408,000001.SH,,3930.2507,3994.9975,3926.2489,3994.9975,3890.1645,2.6948,644135352.0,1074211701300.0,index_daily,20260618,2026-06-18T17:50:41
20260409,000001.SH,,3967.6296,3979.1271,3955.2458,3966.1712,3994.9975,-0.7216,541569801.0,902481840100.0,index_daily,20260618,2026-06-18T17:50:41
20260410,000001.SH,,3985.464,4011.0243,3979.814,3986.2247,3966.1712,0.5056,546415541.0,955664107200.0,index_daily,20260618,2026-06-18T17:50:41
20260413,000001.SH,,3971.1985,3991.2622,3966.1981,3988.558,3986.2247,0.0585,545781768.0,919436481800.0,index_daily,20260618,2026-06-18T17:50:41
20260414,000001.SH,,4006.7267,4026.6256,3992.4071,4026.6256,3988.558,0.9544,570259003.0,998435132000.0,index_daily,20260618,2026-06-18T17:50:41
20260415,000001.SH,,4039.4711,4050.6208,4020.9039,4027.2095,4026.6256,0.0145,569458589.0,1028851871500.0,index_daily,20260618,2026-06-18T17:50:41
20260416,000001.SH,,4030.1378,4057.8314,4028.9086,4055.5468,4027.2095,0.7036,545876967.0,976565489700.0,index_daily,20260618,2026-06-18T17:50:41
20260417,000001.SH,,4043.3813,4058.6041,4038.4287,4051.4254,4055.5468,-0.1016,548791406.0,1013520660200.0,index_daily,20260618,2026-06-18T17:50:41
20260420,000001.SH,,4053.3745,4083.1902,4051.685,4082.1271,4051.4254,0.7578,589841379.0,1084578006400.0001,index_daily,20260618,2026-06-18T17:50:41
20260421,000001.SH,,4075.8454,4086.6369,4062.1326,4085.0766,4082.1271,0.0723,576689450.0,1033349016200.0,index_daily,20260618,2026-06-18T17:50:41
20260422,000001.SH,,4074.8131,4106.8441,4074.6796,4106.2581,4085.0766,0.5185,582466346.0,1093625892400.0001,index_daily,20260618,2026-06-18T17:50:41
20260423,000001.SH,,4110.7883,4114.8443,4070.4598,4093.2501,4106.2581,-0.3168,671166092.0,1234396207600.0,index_daily,20260618,2026-06-18T17:50:41
20260424,000001.SH,,4081.0326,4092.6131,4061.1453,4079.9004,4093.2501,-0.3261,605031798.0,1143000195100.0,index_daily,20260618,2026-06-18T17:50:41
20260427,000001.SH,,4074.8109,4092.8305,4071.0803,4086.3442,4079.9004,0.1579,589950867.0,1136051921700.0,index_daily,20260618,2026-06-18T17:50:41
20260428,000001.SH,,4076.1431,4090.2014,4062.872,4078.6374,4086.3442,-0.1886,600507498.0,1113955561900.0,index_daily,20260618,2026-06-18T17:50:41
20260429,000001.SH,,4061.8221,4112.1518,4061.8221,4107.5144,4078.6374,0.708,614221451.0,1126615371100.0,index_daily,20260618,2026-06-18T17:50:41
20260430,000001.SH,,4107.2974,4118.7552,4100.9656,4112.1593,4107.5144,0.1131,656912728.0,1276194739100.0,index_daily,20260618,2026-06-18T17:50:41
20260506,000001.SH,,4135.4505,4166.1469,4129.9108,4160.1737,4112.1593,1.1676,701177480.0,1465903193400.0,index_daily,20260618,2026-06-18T17:50:41
20260507,000001.SH,,4168.4467,4180.2099,4163.1365,4180.0922,4160.1737,0.4788,685574249.0,1359099510000.0,index_daily,20260618,2026-06-18T17:50:41
20260508,000001.SH,,4163.8537,4183.0631,4154.2456,4179.9524,4180.0922,-0.0033,697019094.0,1331673066100.0,index_daily,20260618,2026-06-18T17:50:41
20260511,000001.SH,,4201.3465,4229.5795,4186.0819,4225.0207,4179.9524,1.0782,762736287.0,1584366746200.0,index_daily,20260618,2026-06-18T17:50:41
20260512,000001.SH,,4229.2833,4230.1839,4199.344,4214.4891,4225.0207,-0.2493,718984002.0,1465272590600.0,index_daily,20260618,2026-06-18T17:50:41
20260513,000001.SH,,4192.3145,4245.0684,4192.3145,4242.572,4214.4891,0.6663,705018739.0,1447463947700.0,index_daily,20260618,2026-06-18T17:50:41
20260514,000001.SH,,4256.1569,4258.8631,4177.9175,4177.9175,4242.572,-1.5239,764235004.0,1498116800600.0,index_daily,20260618,2026-06-18T17:50:41
20260515,000001.SH,,4174.175,4191.8068,4114.0856,4135.3894,4177.9175,-1.0179,733162357.0,1519240026500.0,index_daily,20260618,2026-06-18T17:50:41
20260518,000001.SH,,4120.1401,4145.6612,4108.6044,4131.5276,4135.3894,-0.0934,627233137.0,1315084195400.0,index_daily,20260618,2026-06-18T17:50:41
20260519,000001.SH,,4122.9608,4170.2887,4107.9944,4169.5378,4131.5276,0.92,617611067.0,1306522478000.0,index_daily,20260618,2026-06-18T17:50:41
20260520,000001.SH,,4152.6984,4169.8468,4139.9744,4162.1845,4169.5378,-0.1764,624152035.0,1358926939200.0,index_daily,20260618,2026-06-18T17:50:41
20260521,000001.SH,,4174.3772,4199.5269,4074.2167,4077.2765,4162.1845,-2.04,727218701.0,1595726694700.0,index_daily,20260618,2026-06-18T17:50:41
20260522,000001.SH,,4096.1723,4120.0875,4067.7471,4112.8996,4077.2765,0.8737,589459644.0,1285847521700.0,index_daily,20260618,2026-06-18T17:50:41
20260525,000001.SH,,4126.3376,4153.8788,4119.7996,4152.5686,4112.8996,0.9645,615930861.0,1445655378400.0,index_daily,20260618,2026-06-18T17:50:41
20260526,000001.SH,,4137.3196,4150.2888,4104.4593,4145.373,4152.5686,-0.1733,654777756.0,1461685377700.0,index_daily,20260618,2026-06-18T17:50:41
20260527,000001.SH,,4138.8053,4153.5614,4077.616,4093.7266,4145.373,-1.2459,660467399.0,1473449051000.0,index_daily,20260618,2026-06-18T17:50:41
20260528,000001.SH,,4080.3044,4110.7821,4055.8275,4098.6358,4093.7266,0.1199,621179950.0,1361325732900.0,index_daily,20260618,2026-06-18T17:50:41
20260529,000001.SH,,4110.5212,4112.9553,4055.8861,4068.5691,4098.6358,-0.7336,731597710.0,1532067353000.0,index_daily,20260618,2026-06-18T17:50:41
20260601,000001.SH,,4067.1578,4093.0405,4045.6898,4057.74,4068.5691,-0.2662,676025806.0,1319801914000.0,index_daily,20260618,2026-06-18T17:50:41
20260602,000001.SH,,4061.4629,4089.5747,4032.5826,4075.1016,4057.74,0.4279,642244656.0,1280966176200.0,index_daily,20260618,2026-06-18T17:50:41
20260603,000001.SH,,4068.3408,4107.0458,4059.9067,4083.974,4075.1016,0.2177,668452583.0,1429755844600.0,index_daily,20260618,2026-06-18T17:50:41
20260604,000001.SH,,4053.6702,4080.7178,4043.4331,4057.7811,4083.974,-0.6414,621194774.0,1274652182400.0,index_daily,20260618,2026-06-18T17:50:41
20260605,000001.SH,,4044.8292,4078.9317,4015.0629,4027.7362,4057.7811,-0.7404,662918577.0,1363887868500.0,index_daily,20260618,2026-06-18T17:50:41
20260608,000001.SH,,3938.7093,4007.493,3927.8527,3959.3378,4027.7362,-1.6982,659293555.0,1267277235700.0,index_daily,20260618,2026-06-18T17:50:41
20260609,000001.SH,,3977.5394,4010.8715,3955.908,4010.0307,3959.3378,1.2803,576570090.0,1173088930400.0,index_daily,20260618,2026-06-18T17:50:41
20260610,000001.SH,,3985.1244,4006.3127,3963.4417,3993.2258,4010.0307,-0.4191,598694739.0,1227070067100.0,index_daily,20260618,2026-06-18T17:50:41
20260611,000001.SH,,3979.7057,3997.4777,3958.4371,3987.0147,3993.2258,-0.1555,568545244.0,1185554610700.0,index_daily,20260618,2026-06-18T17:50:41
20260612,000001.SH,,4017.8648,4060.271,4008.1769,4031.5129,3987.0147,1.1161,743131092.0,1537401519400.0,index_daily,20260618,2026-06-18T17:50:41
20260615,000001.SH,,4053.5822,4097.1657,4051.0651,4096.4717,4031.5129,1.6113,678907811.0,1403586231200.0,index_daily,20260618,2026-06-18T17:50:41
20260616,000001.SH,,4094.2124,4103.9259,4077.8702,4091.8917,4096.4717,-0.1118,615668296.0,1369612989700.0,index_daily,20260618,2026-06-18T17:50:41
20260617,000001.SH,,4074.2913,4109.9579,4073.7319,4108.0762,4091.8917,0.3955,608077413.0,1403145909900.0,index_daily,20260618,2026-06-18T17:50:41
20260618,000001.SH,,4094.2301,4117.451,4080.2938,4090.4813,4108.0762,-0.4283,658116068.0,1560473972700.0,index_daily,20260618,2026-06-18T17:50:41
20251216,399001.SZ,,13084.8765,13113.9872,12851.2217,12914.6679,13112.0887,-1.5056,664521844.0,990879111800.0,index_daily,20260618,2026-06-18T17:50:41
20251217,399001.SZ,,12927.3938,13254.8091,12927.3938,13224.5136,12914.6679,2.3992,653501696.0,1044325059300.0,index_daily,20260618,2026-06-18T17:50:41
20251218,399001.SZ,,13112.6116,13205.2226,13053.9744,13053.9744,13224.5136,-1.2896,590116206.0,950587343400.0,index_daily,20260618,2026-06-18T17:50:41
20251219,399001.SZ,,13116.1869,13217.4356,13070.7252,13140.2144,13053.9744,0.6606,657127412.0,987848687100.0,index_daily,20260618,2026-06-18T17:50:41
20251222,399001.SZ,,13225.4013,13349.0815,13225.4013,13332.7313,13140.2144,1.4651,653549135.0,1072183327500.0,index_daily,20260618,2026-06-18T17:50:41
20251223,399001.SZ,,13338.9345,13447.2869,13305.7649,13368.9896,13332.7313,0.2719,674894657.0,1092987268500.0,index_daily,20260618,2026-06-18T17:50:41
20251224,399001.SZ,,13378.4827,13497.0983,13347.763,13486.4194,13368.9896,0.8784,640440440.0,1106339627500.0,index_daily,20260618,2026-06-18T17:50:41
20251225,399001.SZ,,13472.7044,13563.0565,13407.373,13531.4107,13486.4194,0.3336,660794062.0,1139504120000.0,index_daily,20260618,2026-06-18T17:50:41
20251226,399001.SZ,,13539.049,13674.8733,13517.8044,13603.8939,13531.4107,0.5357,741292909.0,1266547060100.0,index_daily,20260618,2026-06-18T17:50:41
20251229,399001.SZ,,13604.295,13650.701,13494.9567,13537.0962,13603.8939,-0.491,713871413.0,1235517815500.0,index_daily,20260618,2026-06-18T17:50:41
20251230,399001.SZ,,13466.3044,13645.556,13465.6741,13604.0673,13537.0962,0.4947,716223366.0,1254792193400.0,index_daily,20260618,2026-06-18T17:50:41
20251231,399001.SZ,,13627.264,13642.5272,13491.675,13525.0228,13604.0673,-0.581,713396441.0,1215630485900.0,index_daily,20260618,2026-06-18T17:50:41
20260105,399001.SZ,,13633.634,13828.9672,13633.634,13828.6296,13525.0228,2.2448,830357123.0,1478937004700.0,index_daily,20260618,2026-06-18T17:50:41
20260106,399001.SZ,,13830.3028,14024.1192,13827.7928,14022.552,13828.6296,1.4023,931832647.0,1630738606200.0,index_daily,20260618,2026-06-18T17:50:41
20260107,399001.SZ,,14062.0201,14111.1751,13935.5281,14030.5582,14022.552,0.0571,913575189.0,1656718096800.0,index_daily,20260618,2026-06-18T17:50:41
20260108,399001.SZ,,13971.892,14033.5937,13883.8078,13959.4825,14030.5582,-0.5066,920288377.0,1617076629200.0,index_daily,20260618,2026-06-18T17:50:41
20260109,399001.SZ,,13917.7821,14139.5363,13917.7821,14120.1512,13959.4825,1.151,1013527535.0,1833489098500.0,index_daily,20260618,2026-06-18T17:50:41
20260112,399001.SZ,,14186.8635,14391.2804,14089.5929,14366.9078,14120.1512,1.7475,1152643528.0,2155145897400.0,index_daily,20260618,2026-06-18T17:50:41
20260113,399001.SZ,,14397.6849,14458.8846,14113.1735,14169.3975,14366.9078,-1.3748,1195102023.0,2169410678500.0,index_daily,20260618,2026-06-18T17:50:41
20260114,399001.SZ,,14194.1123,14459.214,14099.9819,14248.5982,14169.3975,0.559,1312118729.0,2334347799400.0,index_daily,20260618,2026-06-18T17:50:41
20260115,399001.SZ,,14158.6624,14328.5958,14155.4978,14306.7251,14248.5982,0.4079,971527611.0,1729581264300.0,index_daily,20260618,2026-06-18T17:50:41
20260116,399001.SZ,,14374.5351,14424.3506,14257.5895,14281.0801,14306.7251,-0.1793,906894525.0,1688214998300.0,index_daily,20260618,2026-06-18T17:50:41
20260119,399001.SZ,,14221.9257,14392.8752,14221.9257,14294.0526,14281.0801,0.0908,832205018.0,1518210790600.0,index_daily,20260618,2026-06-18T17:50:41
20260120,399001.SZ,,14307.5519,14337.1246,14033.2235,14155.6283,14294.0526,-0.9684,881921908.0,1556171772100.0,index_daily,20260618,2026-06-18T17:50:41
20260121,399001.SZ,,14102.2116,14320.9354,14102.2116,14255.125,14155.6283,0.7029,793387852.0,1420414190400.0,index_daily,20260618,2026-06-18T17:50:41
20260122,399001.SZ,,14313.6345,14374.5106,14223.344,14327.0451,14255.125,0.5045,822514300.0,1489968420100.0,index_daily,20260618,2026-06-18T17:50:41
20260123,399001.SZ,,14349.0114,14449.8402,14320.5143,14439.6584,14327.0451,0.786,982699101.0,1748367006000.0,index_daily,20260618,2026-06-18T17:50:41
20260126,399001.SZ,,14492.4249,14532.8964,14277.6704,14316.6368,14439.6584,-0.852,1023228090.0,1796342758800.0,index_daily,20260618,2026-06-18T17:50:41
20260127,399001.SZ,,14283.7775,14403.5954,14105.1256,14329.906,14316.6368,0.0927,909686276.0,1605549118500.0,index_daily,20260618,2026-06-18T17:50:41
20260128,399001.SZ,,14371.9551,14411.6511,14234.8859,14342.8941,14329.906,0.0906,883025459.0,1599884232500.0,index_daily,20260618,2026-06-18T17:50:41
20260129,399001.SZ,,14332.7027,14418.0886,14252.1971,14300.076,14342.8941,-0.2985,993915563.0,1744212991700.0,index_daily,20260618,2026-06-18T17:50:41
20260130,399001.SZ,,14214.1408,14291.574,13923.9548,14205.8925,14300.076,-0.6586,902322925.0,1565681993100.0,index_daily,20260618,2026-06-18T17:50:41
20260202,399001.SZ,,14128.8678,14213.6125,13815.2819,13824.3512,14205.8925,-2.6858,811142363.0,1421232461600.0,index_daily,20260618,2026-06-18T17:50:41
20260203,399001.SZ,,13986.8946,14129.5971,13815.2286,14127.1059,13824.3512,2.19,782910934.0,1433511297100.0,index_daily,20260618,2026-06-18T17:50:41
20260204,399001.SZ,,14072.41,14173.7652,13958.0801,14156.2738,14127.1059,0.2065,815238780.0,1417426397900.0,index_daily,20260618,2026-06-18T17:50:41
20260205,399001.SZ,,14020.8394,14074.3569,13874.0175,13952.7119,14156.2738,-1.438,726225380.0,1229230628000.0,index_daily,20260618,2026-06-18T17:50:41
20260206,399001.SZ,,13801.0314,14065.7768,13726.8594,13906.7345,13952.7119,-0.3295,730349548.0,1247064306600.0,index_daily,20260618,2026-06-18T17:50:41
20260209,399001.SZ,,14115.1407,14211.7039,14060.6674,14208.4359,13906.7345,2.1695,726369601.0,1299746938000.0,index_daily,20260618,2026-06-18T17:50:41
20260210,399001.SZ,,14200.7561,14258.5145,14165.429,14210.6261,14208.4359,0.0154,733002884.0,1223333554500.0,index_daily,20260618,2026-06-18T17:50:41
20260211,399001.SZ,,14186.6537,14250.3368,14156.1636,14160.9336,14210.6261,-0.3497,681933201.0,1161644815700.0,index_daily,20260618,2026-06-18T17:50:41
20260212,399001.SZ,,14177.967,14296.4803,14177.2868,14282.9983,14160.9336,0.862,696259702.0,1243783316700.0,index_daily,20260618,2026-06-18T17:50:41
20260213,399001.SZ,,14188.3464,14258.8259,14092.8401,14100.1897,14282.9983,-1.2799,640639616.0,1135871601100.0,index_daily,20260618,2026-06-18T17:50:41
20260224,399001.SZ,,14313.8625,14376.957,14214.4146,14291.5657,14100.1897,1.3573,712425989.0,1263450465500.0,index_daily,20260618,2026-06-18T17:50:41
20260225,399001.SZ,,14322.2424,14512.845,14314.1528,14475.8653,14291.5657,1.2896,793688511.0,1376578234800.0,index_daily,20260618,2026-06-18T17:50:41
20260226,399001.SZ,,14495.858,14536.076,14408.8754,14503.7865,14475.8653,0.1929,793134075.0,1471247125500.0,index_daily,20260618,2026-06-18T17:50:41
20260227,399001.SZ,,14375.2502,14497.9569,14366.3499,14495.0923,14503.7865,-0.0599,781109596.0,1415655679900.0,index_daily,20260618,2026-06-18T17:50:41
20260302,399001.SZ,,14327.6501,14509.6898,14285.6668,14465.7884,14495.0923,-0.2022,933794647.0,1674826283500.0,index_daily,20260618,2026-06-18T17:50:41
20260303,399001.SZ,,14498.6981,14526.0564,14007.6484,14022.3914,14465.7884,-3.0651,970658944.0,1703720230900.0,index_daily,20260618,2026-06-18T17:50:41
20260304,399001.SZ,,13854.3743,14112.0206,13854.3743,13917.752,14022.3914,-0.7462,740464018.0,1252671984600.0,index_daily,20260618,2026-06-18T17:50:41
20260305,399001.SZ,,14160.1984,14202.7615,13999.7021,14088.8384,13917.752,1.2293,758966477.0,1321994082000.0,index_daily,20260618,2026-06-18T17:50:41
20260306,399001.SZ,,14015.5432,14212.8434,13969.341,14172.6271,14088.8384,0.5947,729278913.0,1221343285200.0,index_daily,20260618,2026-06-18T17:50:41
20260309,399001.SZ,,13920.2864,14103.6306,13701.6701,14067.5025,14172.6271,-0.7417,837345656.0,1453438641300.0,index_daily,20260618,2026-06-18T17:50:41
20260310,399001.SZ,,14239.301,14357.8183,14239.301,14354.0736,14067.5025,2.0371,736222902.0,1361460406100.0,index_daily,20260618,2026-06-18T17:50:41
20260311,399001.SZ,,14373.7396,14531.0232,14373.0104,14465.4098,14354.0736,0.7756,770973776.0,1444776810500.0,index_daily,20260618,2026-06-18T17:50:41
20260312,399001.SZ,,14457.6314,14478.0462,14245.7694,14374.8711,14465.4098,-0.6259,768805142.0,1363682636800.0,index_daily,20260618,2026-06-18T17:50:41
20260313,399001.SZ,,14300.9245,14454.3066,14245.9586,14280.7798,14374.8711,-0.6546,774225691.0,1336399029900.0,index_daily,20260618,2026-06-18T17:50:41
20260316,399001.SZ,,14291.1492,14320.0955,14097.8154,14307.5773,14280.7798,0.1876,753016185.0,1288107044400.0,index_daily,20260618,2026-06-18T17:50:41
20260317,399001.SZ,,14370.4462,14400.3551,14039.5015,14039.7303,14307.5773,-1.8721,753197037.0,1256632860400.0,index_daily,20260618,2026-06-18T17:50:41
20260318,399001.SZ,,14108.9214,14203.9146,13944.3709,14187.7963,14039.7303,1.0546,666055598.0,1169736139400.0,index_daily,20260618,2026-06-18T17:50:41
20260319,399001.SZ,,14003.6982,14098.6916,13852.5958,13901.5678,14187.7963,-2.0174,679341017.0,1175704077700.0,index_daily,20260618,2026-06-18T17:50:41
20260320,399001.SZ,,14021.4557,14144.9896,13856.4876,13866.2022,13901.5678,-0.2544,732934604.0,1321947502000.0,index_daily,20260618,2026-06-18T17:50:41
20260323,399001.SZ,,13619.9444,13758.9743,13274.1767,13345.5138,13866.2022,-3.7551,851584549.0,1345269862200.0,index_daily,20260618,2026-06-18T17:50:41
20260324,399001.SZ,,13514.6696,13536.5556,13169.2513,13536.5556,13345.5138,1.4315,730716233.0,1151421880400.0,index_daily,20260618,2026-06-18T17:50:41
20260325,399001.SZ,,13669.0523,13835.031,13666.842,13801.0008,13536.5556,1.9536,722888829.0,1211952310200.0,index_daily,20260618,2026-06-18T17:50:41
20260326,399001.SZ,,13756.87,13853.0962,13573.1205,13606.4432,13801.0008,-1.4097,666668034.0,1095241403200.0,index_daily,20260618,2026-06-18T17:50:41
20260327,399001.SZ,,13423.5125,13842.397,13419.3108,13760.369,13606.4432,1.1313,630253838.0,1053565323000.0,index_daily,20260618,2026-06-18T17:50:41
20260330,399001.SZ,,13618.7935,13748.2073,13536.5611,13726.1905,13760.369,-0.2484,653068732.0,1076058863000.0,index_daily,20260618,2026-06-18T17:50:41
20260331,399001.SZ,,13683.6809,13783.9673,13478.0554,13478.0554,13726.1905,-1.8077,662397086.0,1100598073900.0,index_daily,20260618,2026-06-18T17:50:41
20260401,399001.SZ,,13731.3871,13740.9745,13603.7852,13706.5199,13478.0554,1.6951,654130259.0,1115173056500.0,index_daily,20260618,2026-06-18T17:50:41
20260402,399001.SZ,,13658.2548,13680.6305,13418.4985,13486.9362,13706.5199,-1.602,634893739.0,1031053910700.0,index_daily,20260618,2026-06-18T17:50:41
20260403,399001.SZ,,13553.6533,13558.9095,13345.6104,13352.9043,13486.9362,-0.9938,585384622.0,942636328000.0,index_daily,20260618,2026-06-18T17:50:41
20260407,399001.SZ,,13392.9421,13476.0788,13305.5071,13400.412,13352.9043,0.3558,539436566.0,890452406600.0,index_daily,20260618,2026-06-18T17:50:41
20260408,399001.SZ,,13717.2209,14042.4964,13694.9102,14042.4964,13400.412,4.7915,747383211.0,1360286670500.0,index_daily,20260618,2026-06-18T17:50:41
20260409,399001.SZ,,13928.4277,14058.0524,13891.4783,13996.2652,14042.4964,-0.3292,651836809.0,1231564810600.0,index_daily,20260618,2026-06-18T17:50:41
20260410,399001.SZ,,14098.0161,14382.6103,14095.8821,14309.4718,13996.2652,2.2378,667510977.0,1367174715600.0,index_daily,20260618,2026-06-18T17:50:41
20260413,399001.SZ,,14233.1117,14440.2644,14233.1117,14407.8639,14309.4718,0.6876,623158450.0,1230918333900.0,index_daily,20260618,2026-06-18T17:50:41
20260414,399001.SZ,,14514.6879,14640.7688,14463.93,14639.9522,14407.8639,1.6108,682742263.0,1385270907000.0,index_daily,20260618,2026-06-18T17:50:41
20260415,399001.SZ,,14736.009,14738.5332,14440.2092,14498.4546,14639.9522,-0.9665,696928706.0,1386380508800.0,index_daily,20260618,2026-06-18T17:50:41
20260416,399001.SZ,,14546.3529,14807.1617,14522.8604,14796.3345,14498.4546,2.0546,685987412.0,1365112582900.0,index_daily,20260618,2026-06-18T17:50:41
20260417,399001.SZ,,14806.2803,14916.3921,14787.8697,14885.4159,14796.3345,0.6021,695518139.0,1412052739800.0,index_daily,20260618,2026-06-18T17:50:41
20260420,399001.SZ,,14870.8999,15006.9171,14845.9701,14966.7468,14885.4159,0.5464,722821807.0,1494179275000.0,index_daily,20260618,2026-06-18T17:50:41
20260421,399001.SZ,,14920.3838,15017.7505,14774.0764,14982.1397,14966.7468,0.1028,700370425.0,1375174879200.0,index_daily,20260618,2026-06-18T17:50:41
20260422,399001.SZ,,14897.9633,15182.8216,14897.9633,15177.2862,14982.1397,1.3025,698955593.0,1466159216500.0,index_daily,20260618,2026-06-18T17:50:41
20260423,399001.SZ,,15234.2164,15248.4311,14934.6762,15043.4494,15177.2862,-0.8818,761022817.0,1570096212300.0,index_daily,20260618,2026-06-18T17:50:41
20260424,399001.SZ,,14951.7408,15033.671,14795.2208,14940.3003,15043.4494,-0.6857,709729438.0,1498859076700.0,index_daily,20260618,2026-06-18T17:50:41
20260427,399001.SZ,,14960.024,15054.4595,14919.216,14995.7483,14940.3003,0.3711,709930001.0,1453399425000.0,index_daily,20260618,2026-06-18T17:50:41
20260428,399001.SZ,,14925.2171,14943.355,14772.4644,14830.4552,14995.7483,-1.1023,723727547.0,1422352274500.0,index_daily,20260618,2026-06-18T17:50:41
20260429,399001.SZ,,14751.4182,15139.7114,14751.4182,15120.9227,14830.4552,1.9586,736380398.0,1463521736300.0,index_daily,20260618,2026-06-18T17:50:41
20260430,399001.SZ,,15157.0678,15186.12,15044.8554,15107.5532,15120.9227,-0.0884,737703742.0,1464716733100.0,index_daily,20260618,2026-06-18T17:50:41
20260506,399001.SZ,,15323.1925,15534.6661,15254.9875,15459.6166,15107.5532,2.3304,826248676.0,1760931025000.0,index_daily,20260618,2026-06-18T17:50:41
20260507,399001.SZ,,15541.2962,15652.582,15439.4844,15641.8855,15459.6166,1.179,844489884.0,1784856104500.0,index_daily,20260618,2026-06-18T17:50:41
20260508,399001.SZ,,15520.3808,15639.3878,15466.8377,15563.7971,15641.8855,-0.4992,826218479.0,1716868864500.0,index_daily,20260618,2026-06-18T17:50:41
20260511,399001.SZ,,15697.4401,15921.6522,15622.332,15899.302,15563.7971,2.1557,911634858.0,1954494738000.0,index_daily,20260618,2026-06-18T17:50:41
20260512,399001.SZ,,15952.7913,15952.7913,15711.2706,15824.9211,15899.302,-0.4678,847817149.0,1777383753900.0,index_daily,20260618,2026-06-18T17:50:41
20260513,399001.SZ,,15713.5418,16100.456,15713.5418,16089.7491,15824.9211,1.6735,827341429.0,1792550090900.0,index_daily,20260618,2026-06-18T17:50:41
20260514,399001.SZ,,16202.2151,16207.7519,15745.736,15745.736,16089.7491,-2.1381,873525491.0,1864136878600.0,index_daily,20260618,2026-06-18T17:50:41
20260515,399001.SZ,,15753.192,15855.5536,15447.4004,15561.372,15745.736,-1.1709,849695631.0,1825236172800.0,index_daily,20260618,2026-06-18T17:50:41
20260518,399001.SZ,,15465.3016,15658.1113,15419.038,15530.2295,15561.372,-0.2001,738305603.0,1578895897800.0,index_daily,20260618,2026-06-18T17:50:41
20260519,399001.SZ,,15469.3597,15585.0358,15221.3497,15569.9072,15530.2295,0.2555,731216529.0,1580035927600.0,index_daily,20260618,2026-06-18T17:50:41
20260520,399001.SZ,,15487.4267,15622.2137,15426.3775,15569.979,15569.9072,0.0005,726217958.0,1594787543000.0,index_daily,20260618,2026-06-18T17:50:41
20260521,399001.SZ,,15707.9553,15894.3033,15232.5963,15247.2702,15569.979,-2.0726,878984173.0,1885877969400.0,index_daily,20260618,2026-06-18T17:50:41
20260522,399001.SZ,,15382.2934,15624.9708,15295.5662,15597.2969,15247.2702,2.2957,763067278.0,1617472538500.0,index_daily,20260618,2026-06-18T17:50:41
20260525,399001.SZ,,15716.3889,15857.0813,15547.159,15856.6102,15597.2969,1.6626,781225873.0,1760074861200.0,index_daily,20260618,2026-06-18T17:50:41
20260526,399001.SZ,,15786.8178,15894.5462,15662.1602,15876.1628,15856.6102,0.1233,823273532.0,1782006716900.0,index_daily,20260618,2026-06-18T17:50:41
20260527,399001.SZ,,15868.902,16047.4067,15656.6511,15736.4688,15876.1628,-0.8799,815871162.0,1765113240600.0,index_daily,20260618,2026-06-18T17:50:41
20260528,399001.SZ,,15691.1621,15889.8319,15504.7867,15861.891,15736.4688,0.797,747849432.0,1606824859600.0,index_daily,20260618,2026-06-18T17:50:41
20260529,399001.SZ,,15957.1152,15981.93,15492.8435,15575.1338,15861.891,-1.8078,848879727.0,1786964795200.0,index_daily,20260618,2026-06-18T17:50:41
20260601,399001.SZ,,15601.03,15717.4546,15316.0221,15340.3562,15575.1338,-1.5074,760393032.0,1557686047500.0,index_daily,20260618,2026-06-18T17:50:41
20260602,399001.SZ,,15410.7046,15664.3878,15203.7967,15591.1282,15340.3562,1.6347,737350306.0,1512025925700.0,index_daily,20260618,2026-06-18T17:50:41
20260603,399001.SZ,,15646.685,15962.3649,15542.6561,15704.7108,15591.1282,0.7285,792737876.0,1700522735400.0,index_daily,20260618,2026-06-18T17:50:41
20260604,399001.SZ,,15540.0634,15745.1873,15517.935,15661.574,15704.7108,-0.2747,718939420.0,1483016698100.0,index_daily,20260618,2026-06-18T17:50:41
20260605,399001.SZ,,15595.6953,15710.1435,15243.5062,15314.7002,15661.574,-2.2148,818251185.0,1705304054200.0,index_daily,20260618,2026-06-18T17:50:41
20260608,399001.SZ,,14835.3692,15137.7523,14681.642,14821.1861,15314.7002,-3.2225,788640862.0,1525460875100.0,index_daily,20260618,2026-06-18T17:50:41
20260609,399001.SZ,,14992.5473,15274.7164,14846.5535,15268.7147,14821.1861,3.0195,718050678.0,1467207129000.0,index_daily,20260618,2026-06-18T17:50:41
20260610,399001.SZ,,15062.5077,15149.3693,14817.1113,14954.1008,15268.7147,-2.0605,710462329.0,1392172809800.0,index_daily,20260618,2026-06-18T17:50:41
20260611,399001.SZ,,14889.5674,15062.7476,14706.0861,14851.9751,14954.1008,-0.6829,669817686.0,1366466938800.0,index_daily,20260618,2026-06-18T17:50:41
20260612,399001.SZ,,15149.5195,15171.2236,14943.4331,14963.4073,14851.9751,0.7503,792336422.0,1677548225900.0,index_daily,20260618,2026-06-18T17:50:41
20260615,399001.SZ,,15153.1824,15531.1095,15055.9492,15531.1095,14963.4073,3.7939,757054683.0,1627612447200.0,index_daily,20260618,2026-06-18T17:50:41
20260616,399001.SZ,,15584.3702,15761.0035,15537.5027,15675.2457,15531.1095,0.928,754828802.0,1695082857800.0,index_daily,20260618,2026-06-18T17:50:41
20260617,399001.SZ,,15569.9231,15885.4916,15569.9231,15880.9507,15675.2457,1.3123,745916231.0,1688618264500.0,index_daily,20260618,2026-06-18T17:50:41
20260618,399001.SZ,,15826.7944,16104.7674,15825.3165,16030.7024,15880.9507,0.943,764106093.0,1749615385700.0,index_daily,20260618,2026-06-18T17:50:41
20251216,399006.SZ,,3130.4279,3141.5785,3058.7925,3071.7619,3137.8013,-2.1046,181550894.0,446175544000.0,index_daily,20260618,2026-06-18T17:50:41
20251217,399006.SZ,,3072.6211,3181.689,3072.6211,3175.9081,3071.7619,3.3904,186868324.0,488537918700.0,index_daily,20260618,2026-06-18T17:50:41
20251218,399006.SZ,,3138.6571,3154.0656,3107.0646,3107.0646,3175.9081,-2.1677,169218740.0,444395999100.0,index_daily,20260618,2026-06-18T17:50:41
20251219,399006.SZ,,3134.8043,3157.2902,3112.0318,3122.238,3107.0646,0.4884,177361917.0,438271870300.0,index_daily,20260618,2026-06-18T17:50:41
20251222,399006.SZ,,3153.7493,3197.9406,3153.7493,3191.9849,3122.238,2.2339,175227535.0,482641701600.0,index_daily,20260618,2026-06-18T17:50:41
20251223,399006.SZ,,3196.3087,3227.0674,3184.5343,3205.0108,3191.9849,0.4081,183880580.0,493682524800.0,index_daily,20260618,2026-06-18T17:50:41
20251224,399006.SZ,,3207.4095,3234.9985,3193.9671,3229.5772,3205.0108,0.7665,182675049.0,502569104700.0,index_daily,20260618,2026-06-18T17:50:41
20251225,399006.SZ,,3232.9712,3249.105,3200.4919,3239.343,3229.5772,0.3024,193569996.0,526293462500.0,index_daily,20260618,2026-06-18T17:50:41
20251226,399006.SZ,,3232.4093,3268.6947,3219.1305,3243.8757,3239.343,0.1399,210934629.0,571313750400.0,index_daily,20260618,2026-06-18T17:50:41
20251229,399006.SZ,,3237.7735,3250.0881,3208.0763,3222.6108,3243.8757,-0.6555,196242767.0,537966376200.00006,index_daily,20260618,2026-06-18T17:50:41
20251230,399006.SZ,,3208.3233,3251.1331,3207.7296,3242.9046,3222.6108,0.6297,206953285.0,559494560600.0,index_daily,20260618,2026-06-18T17:50:41
20251231,399006.SZ,,3247.7367,3254.8897,3198.2482,3203.1717,3242.9046,-1.2252,206198167.0,543691721799.99994,index_daily,20260618,2026-06-18T17:50:41
20260105,399006.SZ,,3229.933,3295.2856,3229.933,3294.5513,3203.1717,2.8528,263142610.0,696218047200.0,index_daily,20260618,2026-06-18T17:50:41
20260106,399006.SZ,,3279.8114,3321.4356,3265.7296,3319.2914,3294.5513,0.7509,278150655.0,756528810000.0,index_daily,20260618,2026-06-18T17:50:41
20260107,399006.SZ,,3331.3408,3351.2156,3298.5528,3329.6926,3319.2914,0.3134,271641050.0,756998657700.0,index_daily,20260618,2026-06-18T17:50:41
20260108,399006.SZ,,3308.7377,3328.955,3285.1638,3302.3067,3329.6926,-0.8225,280864918.0,750335142100.0,index_daily,20260618,2026-06-18T17:50:41
20260109,399006.SZ,,3279.3763,3330.0119,3269.9928,3327.8127,3302.3067,0.7724,333280635.0,872071830800.0,index_daily,20260618,2026-06-18T17:50:41
20260112,399006.SZ,,3323.6365,3398.0502,3282.3886,3388.3407,3327.8127,1.8189,406851831.0,1085825648900.0001,index_daily,20260618,2026-06-18T17:50:41
20260113,399006.SZ,,3390.6885,3416.8373,3307.6305,3321.8886,3388.3407,-1.9612,419547701.0,1077719305599.9999,index_daily,20260618,2026-06-18T17:50:41
20260114,399006.SZ,,3333.1714,3403.9542,3308.6275,3349.1376,3321.8886,0.8203,439958418.0,1151533419500.0,index_daily,20260618,2026-06-18T17:50:41
20260115,399006.SZ,,3318.1087,3372.4744,3309.062,3367.9166,3349.1376,0.5607,307576547.0,841262314700.0,index_daily,20260618,2026-06-18T17:50:41
20260116,399006.SZ,,3394.3463,3407.8623,3354.649,3361.0167,3367.9166,-0.2049,299981551.0,839167229600.0,index_daily,20260618,2026-06-18T17:50:41
20260119,399006.SZ,,3340.9356,3383.7891,3326.1342,3337.6081,3361.0167,-0.6965,256405216.0,709156029000.0,index_daily,20260618,2026-06-18T17:50:41
20260120,399006.SZ,,3340.4559,3347.9444,3257.4351,3277.979,3337.6081,-1.7866,260731480.0,702679995400.0,index_daily,20260618,2026-06-18T17:50:41
20260121,399006.SZ,,3270.1272,3329.5021,3270.1272,3295.5226,3277.979,0.5352,230185909.0,651234594700.0,index_daily,20260618,2026-06-18T17:50:41
20260122,399006.SZ,,3312.7513,3337.2721,3280.3168,3328.6471,3295.5226,1.0051,235389325.0,681535190900.0,index_daily,20260618,2026-06-18T17:50:41
20260123,399006.SZ,,3334.0167,3349.5034,3316.6539,3349.5034,3328.6471,0.6266,293479371.0,816909953700.0,index_daily,20260618,2026-06-18T17:50:41
20260126,399006.SZ,,3365.6058,3367.9919,3304.3556,3319.1489,3349.5034,-0.9062,314806723.0,838490942800.0,index_daily,20260618,2026-06-18T17:50:41
20260127,399006.SZ,,3316.0215,3366.6827,3277.2572,3342.5991,3319.1489,0.7065,266460051.0,745042709800.0,index_daily,20260618,2026-06-18T17:50:41
20260128,399006.SZ,,3359.7883,3361.1404,3301.0479,3323.5619,3342.5991,-0.5695,258142248.0,744175610600.0,index_daily,20260618,2026-06-18T17:50:41
20260129,399006.SZ,,3322.4798,3356.4849,3298.5882,3304.5103,3323.5619,-0.5732,294963224.0,789501604100.0,index_daily,20260618,2026-06-18T17:50:41
20260130,399006.SZ,,3301.5407,3369.2448,3255.6481,3346.3552,3304.5103,1.2663,263026317.0,726069048500.0,index_daily,20260618,2026-06-18T17:50:41
20260202,399006.SZ,,3368.1414,3390.2994,3262.1218,3264.1109,3346.3552,-2.4577,238543607.0,676890732300.0,index_daily,20260618,2026-06-18T17:50:41
20260203,399006.SZ,,3318.06,3332.4771,3249.061,3324.8923,3264.1109,1.8621,230616447.0,677319119100.0,index_daily,20260618,2026-06-18T17:50:41
20260204,399006.SZ,,3298.3221,3318.898,3244.7107,3311.5148,3324.8923,-0.4023,237312927.0,675589394900.0,index_daily,20260618,2026-06-18T17:50:41
20260205,399006.SZ,,3277.7213,3288.3754,3238.7843,3260.2783,3311.5148,-1.5472,205295208.0,552289133400.0,index_daily,20260618,2026-06-18T17:50:41
20260206,399006.SZ,,3222.8835,3288.0317,3199.1443,3236.4643,3260.2783,-0.7304,209401229.0,560718182600.0,index_daily,20260618,2026-06-18T17:50:41
20260209,399006.SZ,,3299.5974,3340.3292,3276.5672,3332.7695,3236.4643,2.9756,235311933.0,639292445700.0,index_daily,20260618,2026-06-18T17:50:41
20260210,399006.SZ,,3321.8839,3348.4827,3320.537,3320.537,3332.7695,-0.367,240458372.0,592567910400.0,index_daily,20260618,2026-06-18T17:50:41
20260211,399006.SZ,,3312.6434,3324.1824,3284.2393,3284.7352,3320.537,-1.0782,220715122.0,560297914600.0,index_daily,20260618,2026-06-18T17:50:41
20260212,399006.SZ,,3294.5706,3334.3536,3292.6766,3328.0624,3284.7352,1.319,225917395.0,613481765600.0,index_daily,20260618,2026-06-18T17:50:41
20260213,399006.SZ,,3309.4294,3323.3692,3275.2892,3275.9584,3328.0624,-1.5656,206249589.0,542116866500.0,index_daily,20260618,2026-06-18T17:50:41
20260224,399006.SZ,,3331.7946,3343.2439,3292.5006,3308.2648,3275.9584,0.9862,222404055.0,593352962900.0,index_daily,20260618,2026-06-18T17:50:41
20260225,399006.SZ,,3313.0925,3363.1817,3302.7587,3354.819,3308.2648,1.4072,232054794.0,622233080700.0,index_daily,20260618,2026-06-18T17:50:41
20260226,399006.SZ,,3346.7428,3351.5725,3310.5542,3344.9823,3354.819,-0.2932,251619744.0,692770295800.0,index_daily,20260618,2026-06-18T17:50:41
20260227,399006.SZ,,3303.9765,3326.5846,3292.892,3310.3049,3344.9823,-1.0367,240320830.0,662758934400.0,index_daily,20260618,2026-06-18T17:50:41
20260302,399006.SZ,,3257.0513,3319.9081,3257.0513,3294.1611,3310.3049,-0.4877,273514911.0,738402865800.0,index_daily,20260618,2026-06-18T17:50:41
20260303,399006.SZ,,3316.6326,3331.2643,3206.6154,3209.4819,3294.1611,-2.5706,286371199.0,750497944600.0,index_daily,20260618,2026-06-18T17:50:41
20260304,399006.SZ,,3171.1852,3217.1109,3149.4115,3164.3714,3209.4819,-1.4055,217331863.0,540959855600.0,index_daily,20260618,2026-06-18T17:50:41
20260305,399006.SZ,,3236.151,3264.7961,3194.9562,3216.9393,3164.3714,1.6612,241669489.0,608890526300.0,index_daily,20260618,2026-06-18T17:50:41
20260306,399006.SZ,,3197.6649,3248.8983,3177.871,3229.3015,3216.9393,0.3843,222766225.0,540340964500.0,index_daily,20260618,2026-06-18T17:50:41
20260309,399006.SZ,,3152.717,3220.0146,3111.8831,3208.5818,3229.3015,-0.6416,255045461.0,650179202100.0,index_daily,20260618,2026-06-18T17:50:41
20260310,399006.SZ,,3281.9438,3308.747,3272.9901,3306.1414,3208.5818,3.0406,236304273.0,644901557400.0,index_daily,20260618,2026-06-18T17:50:41
20260311,399006.SZ,,3318.4125,3388.1031,3318.4125,3349.5287,3306.1414,1.3123,235567220.0,659568608400.0,index_daily,20260618,2026-06-18T17:50:41
20260312,399006.SZ,,3357.0333,3358.7713,3286.7671,3317.5225,3349.5287,-0.9555,225425058.0,596080416000.0,index_daily,20260618,2026-06-18T17:50:41
20260313,399006.SZ,,3296.5029,3342.8542,3296.1136,3310.2779,3317.5225,-0.2184,226552974.0,576407243100.0,index_daily,20260618,2026-06-18T17:50:41
20260316,399006.SZ,,3323.979,3360.3543,3284.0476,3357.0219,3310.2779,1.4121,208217725.0,555776665000.0,index_daily,20260618,2026-06-18T17:50:41
20260317,399006.SZ,,3385.7125,3390.0207,3279.8745,3280.0589,3357.0219,-2.2926,207256854.0,559674336100.0,index_daily,20260618,2026-06-18T17:50:41
20260318,399006.SZ,,3307.8216,3350.5565,3274.2597,3346.3651,3280.0589,2.0215,193702693.0,539875479799.99994,index_daily,20260618,2026-06-18T17:50:41
20260319,399006.SZ,,3311.4447,3361.2145,3295.4534,3309.1033,3346.3651,-1.1135,199153562.0,541748961100.0,index_daily,20260618,2026-06-18T17:50:41
20260320,399006.SZ,,3362.0716,3426.6093,3348.7,3352.1026,3309.1033,1.2994,225401630.0,659559529700.0,index_daily,20260618,2026-06-18T17:50:41
20260323,399006.SZ,,3300.5583,3334.4556,3214.8191,3235.2207,3352.1026,-3.4868,239669170.0,612416484300.0,index_daily,20260618,2026-06-18T17:50:41
20260324,399006.SZ,,3266.9324,3270.1911,3155.2708,3251.5453,3235.2207,0.5046,205225478.0,515432678300.0,index_daily,20260618,2026-06-18T17:50:41
20260325,399006.SZ,,3287.1712,3325.2629,3278.7259,3316.9714,3251.5453,2.0122,206290185.0,554769228200.0,index_daily,20260618,2026-06-18T17:50:41
20260326,399006.SZ,,3299.0308,3347.2299,3263.9963,3272.488,3316.9714,-1.3411,185458328.0,489469562700.0,index_daily,20260618,2026-06-18T17:50:41
20260327,399006.SZ,,3236.3699,3323.3324,3228.4108,3295.8804,3272.488,0.7148,169688302.0,460779852600.0,index_daily,20260618,2026-06-18T17:50:41
20260330,399006.SZ,,3254.4306,3281.3926,3224.599,3273.3551,3295.8804,-0.6834,172193857.0,453981833000.0,index_daily,20260618,2026-06-18T17:50:41
20260331,399006.SZ,,3247.2786,3280.479,3184.9524,3184.9524,3273.3551,-2.7007,178168265.0,474017219600.0,index_daily,20260618,2026-06-18T17:50:41
20260401,399006.SZ,,3255.264,3255.264,3206.8016,3247.5229,3184.9524,1.9646,180123659.0,510585857700.0,index_daily,20260618,2026-06-18T17:50:41
20260402,399006.SZ,,3229.5996,3229.6795,3155.1302,3172.6494,3247.5229,-2.3056,174675433.0,454116594600.0,index_daily,20260618,2026-06-18T17:50:41
20260403,399006.SZ,,3197.7711,3199.4376,3149.1529,3149.5962,3172.6494,-0.7266,161826887.0,434346343600.0,index_daily,20260618,2026-06-18T17:50:41
20260407,399006.SZ,,3162.8226,3181.3506,3133.7789,3160.8157,3149.5962,0.3562,146704273.0,394413814500.0,index_daily,20260618,2026-06-18T17:50:41
20260408,399006.SZ,,3257.9054,3348.3915,3243.7825,3347.61,3160.8157,5.9097,226902299.0,655429932800.0,index_daily,20260618,2026-06-18T17:50:41
20260409,399006.SZ,,3316.2912,3340.2983,3301.6459,3323.2989,3347.61,-0.7262,195555903.0,571477746800.0,index_daily,20260618,2026-06-18T17:50:41
20260410,399006.SZ,,3355.0728,3470.7194,3354.7651,3448.787,3323.2989,3.776,205391067.0,647882946500.0,index_daily,20260618,2026-06-18T17:50:41
20260413,399006.SZ,,3434.3203,3492.4818,3434.3203,3476.4396,3448.787,0.8018,180013139.0,564917428100.0,index_daily,20260618,2026-06-18T17:50:41
20260414,399006.SZ,,3507.1101,3560.3015,3493.3683,3558.5273,3476.4396,2.3613,200966061.0,655853282900.0,index_daily,20260618,2026-06-18T17:50:41
20260415,399006.SZ,,3596.0789,3599.9789,3491.4512,3514.9604,3558.5273,-1.2243,203159933.0,646515424000.0,index_daily,20260618,2026-06-18T17:50:41
20260416,399006.SZ,,3531.2612,3629.4224,3518.3579,3626.271,3514.9604,3.1668,212193010.0,662253182500.0,index_daily,20260618,2026-06-18T17:50:41
20260417,399006.SZ,,3643.1528,3685.0977,3620.3281,3678.2934,3626.271,1.4346,213647879.0,684281808800.0,index_daily,20260618,2026-06-18T17:50:41
20260420,399006.SZ,,3657.3484,3696.2599,3642.8068,3677.5758,3678.2934,-0.0195,215598843.0,698484540800.0,index_daily,20260618,2026-06-18T17:50:41
20260421,399006.SZ,,3662.2588,3695.7421,3619.4849,3688.9372,3677.5758,0.3089,196710068.0,634026122600.0,index_daily,20260618,2026-06-18T17:50:41
20260422,399006.SZ,,3660.4199,3755.7512,3660.085,3752.7591,3688.9372,1.7301,208325489.0,690964644300.0,index_daily,20260618,2026-06-18T17:50:41
20260423,399006.SZ,,3769.019,3785.2304,3681.5706,3720.2474,3752.7591,-0.8663,234554113.0,741796706000.0,index_daily,20260618,2026-06-18T17:50:41
20260424,399006.SZ,,3682.4985,3699.9391,3624.9951,3667.7851,3720.2474,-1.4102,227960181.0,729481270100.0,index_daily,20260618,2026-06-18T17:50:41
20260427,399006.SZ,,3677.8905,3686.9433,3640.1145,3648.788,3667.7851,-0.5179,215941887.0,674213473900.0,index_daily,20260618,2026-06-18T17:50:41
20260428,399006.SZ,,3623.4895,3636.9342,3580.3892,3596.7118,3648.788,-1.4272,218834024.0,664872021600.0,index_daily,20260618,2026-06-18T17:50:41
20260429,399006.SZ,,3578.4228,3692.2058,3578.4228,3687.1681,3596.7118,2.515,215002402.0,679396871400.0,index_daily,20260618,2026-06-18T17:50:41
20260430,399006.SZ,,3704.1088,3718.3986,3660.2192,3677.1485,3687.1681,-0.2717,201808141.0,638060867600.0,index_daily,20260618,2026-06-18T17:50:41
20260506,399006.SZ,,3760.671,3815.0704,3724.5267,3778.1595,3677.1485,2.747,249880273.0,838085984000.0,index_daily,20260618,2026-06-18T17:50:41
20260507,399006.SZ,,3807.9896,3840.0553,3761.2319,3833.0572,3778.1595,1.453,252313119.0,839415277800.0,index_daily,20260618,2026-06-18T17:50:41
20260508,399006.SZ,,3792.0425,3840.1564,3787.1736,3796.1283,3833.0572,-0.9634,242873982.0,782390376400.0,index_daily,20260618,2026-06-18T17:50:41
20260511,399006.SZ,,3829.6077,3937.8741,3797.4979,3928.9739,3796.1283,3.4995,264046160.0,922847287100.0,index_daily,20260618,2026-06-18T17:50:41
20260512,399006.SZ,,3947.137,3954.9915,3897.8172,3934.882,3928.9739,0.1504,247035077.0,838293258000.0,index_daily,20260618,2026-06-18T17:50:41
20260513,399006.SZ,,3900.7367,4041.989,3893.8032,4038.3327,3934.882,2.6291,248072070.0,860686701900.0,index_daily,20260618,2026-06-18T17:50:41
20260514,399006.SZ,,4087.8506,4090.4223,3937.6007,3951.1404,4038.3327,-2.1591,250323171.0,887382494100.0,index_daily,20260618,2026-06-18T17:50:41
20260515,399006.SZ,,3957.7375,4002.7267,3870.3736,3929.0642,3951.1404,-0.5587,245569818.0,876510686300.0,index_daily,20260618,2026-06-18T17:50:41
20260518,399006.SZ,,3895.0684,3961.1555,3883.4046,3914.8753,3929.0642,-0.3611,217646935.0,757350469300.0,index_daily,20260618,2026-06-18T17:50:41
20260519,399006.SZ,,3894.001,3918.3068,3808.47,3908.4374,3914.8753,-0.1644,223481303.0,762720750300.0,index_daily,20260618,2026-06-18T17:50:41
20260520,399006.SZ,,3889.6789,3947.2204,3887.1546,3921.7894,3908.4374,0.3416,222605616.0,756328408400.0,index_daily,20260618,2026-06-18T17:50:41
20260521,399006.SZ,,3962.3031,4017.809,3827.516,3829.7786,3921.7894,-2.3461,265528741.0,896007099000.0,index_daily,20260618,2026-06-18T17:50:41
20260522,399006.SZ,,3875.8128,3948.989,3856.2068,3938.502,3829.7786,2.8389,214290151.0,787396763200.0,index_daily,20260618,2026-06-18T17:50:41
20260525,399006.SZ,,3974.9748,4022.737,3905.6946,4021.1602,3938.502,2.0987,231457814.0,878510327200.0,index_daily,20260618,2026-06-18T17:50:41
20260526,399006.SZ,,4003.1332,4057.3694,3985.5127,4043.0658,4021.1602,0.5448,228092127.0,837209303900.0,index_daily,20260618,2026-06-18T17:50:41
20260527,399006.SZ,,4053.6752,4148.2339,4015.6499,4045.7731,4043.0658,0.067,224129185.0,834578267000.0,index_daily,20260618,2026-06-18T17:50:41
20260528,399006.SZ,,4042.0784,4135.3756,3971.7196,4125.0749,4045.7731,1.9601,207796485.0,768291117900.0,index_daily,20260618,2026-06-18T17:50:41
20260529,399006.SZ,,4141.9138,4158.6938,4010.1195,4037.951,4125.0749,-2.1121,233413758.0,850350414200.0,index_daily,20260618,2026-06-18T17:50:41
20260601,399006.SZ,,4057.3928,4081.4183,3942.6833,3950.9432,4037.951,-2.1548,210798808.0,728530856700.0,index_daily,20260618,2026-06-18T17:50:41
20260602,399006.SZ,,3987.4066,4083.9248,3946.1081,4055.8709,3950.9432,2.6558,203915727.0,714031279200.0,index_daily,20260618,2026-06-18T17:50:41
20260603,399006.SZ,,4089.0198,4218.3305,4063.2049,4122.987,4055.8709,1.6548,218925847.0,803001384400.0,index_daily,20260618,2026-06-18T17:50:41
20260604,399006.SZ,,4072.5489,4114.2369,4051.1466,4088.884,4122.987,-0.8271,202724869.0,697606653000.0,index_daily,20260618,2026-06-18T17:50:41
20260605,399006.SZ,,4079.9523,4105.2105,3933.0655,3957.935,4088.884,-3.2026,228732023.0,816091905800.0,index_daily,20260618,2026-06-18T17:50:41
20260608,399006.SZ,,3820.2306,3903.7742,3776.9267,3811.7854,3957.935,-3.6926,228336414.0,722402374900.0,index_daily,20260618,2026-06-18T17:50:41
20260609,399006.SZ,,3865.6931,3962.8976,3823.7604,3961.7493,3811.7854,3.9342,209755584.0,720241468500.0,index_daily,20260618,2026-06-18T17:50:41
20260610,399006.SZ,,3897.73,3928.3596,3818.3123,3854.7935,3961.7493,-2.6997,203947086.0,648811830100.0,index_daily,20260618,2026-06-18T17:50:41
20260611,399006.SZ,,3839.1872,3910.278,3755.6132,3811.246,3854.7935,-1.1297,198465340.0,649928667500.0,index_daily,20260618,2026-06-18T17:50:41
20260612,399006.SZ,,3921.0888,3921.5348,3822.4219,3830.353,3811.246,0.5013,230246099.0,805740233100.0,index_daily,20260618,2026-06-18T17:50:41
20260615,399006.SZ,,3896.167,4033.5349,3844.0802,4033.5349,3830.353,5.3045,221269002.0,790537830500.0,index_daily,20260618,2026-06-18T17:50:41
20260616,399006.SZ,,4065.2708,4142.4326,4053.8784,4102.9421,4033.5349,1.7208,225905114.0,829816569600.0,index_daily,20260618,2026-06-18T17:50:41
20260617,399006.SZ,,4061.2973,4168.1644,4058.6137,4167.0478,4102.9421,1.5624,221861568.0,824852280400.0,index_daily,20260618,2026-06-18T17:50:41
20260618,399006.SZ,,4153.6209,4272.0078,4153.6209,4252.3903,4167.0478,2.048,226559937.0,862178853000.0,index_daily,20260618,2026-06-18T17:50:41
